scenario,description,state(s),building type(s),onsite pct fossil reduction,EUI pct reduction,EUI benchmark year,start year,applicable fraction,fraction notes,type,,,,,,
reference,"Chula Vista, CA citywide Building Performance Standard - Covered buildings must comply with all requirements applicable to them: reporting, meeting conservation requirement every 5 years, minimum improvement requirement every 10 years, auditing and retro-commissioning, and prescriptive upgrades as needed

50,000+ square feet GFA
46-65 Baseline Year ENERGY STAR Score",CA,"all commercial, multi family home",,20,2022,2023,0.039,"Chula Vista city, San Diego County, multifamily homes and commercial buildings over 50k sq ft ",local,,,,,,
reference,"Chula Vista, CA citywide Building Performance Standard - Covered buildings must comply with all requirements applicable to them: reporting, meeting conservation requirement every 5 years, minimum improvement requirement every 10 years, auditing and retro-commissioning, and prescriptive upgrades as needed

20,000+ square feet GFA
46-65 Baseline Year ENERGY STAR Score",CA,"all commercial, multi family home",,20,2022,2026,0.0175,"Chula Vista city, San Diego County, multifamily homes and commercial buildings 20-50k sq ft ",local,,,,,,
aggressive,"Chula Vista, CA citywide Building Performance Standard - Covered buildings must comply with all requirements applicable to them: reporting, meeting conservation requirement every 5 years, minimum improvement requirement every 10 years, auditing and retro-commissioning, and prescriptive upgrades as needed

50,000+ square feet GFA
46-65 Baseline Year ENERGY STAR Score",CA,"all commercial, multi family home",,20,2022,2023,0.039,"Chula Vista city, San Diego County, multifamily homes and commercial buildings over 50k sq ft ",local,,,,,,
aggressive,"Chula Vista, CA citywide Building Performance Standard - Covered buildings must comply with all requirements applicable to them: reporting, meeting conservation requirement every 5 years, minimum improvement requirement every 10 years, auditing and retro-commissioning, and prescriptive upgrades as needed

20,000+ square feet GFA
46-65 Baseline Year ENERGY STAR Score",CA,"all commercial, multi family home",,20,2022,2026,0.0175,"Chula Vista city, San Diego County, multifamily homes and commercial buildings 20-50k sq ft ",local,,,,,,
aggressive,Modeled off of MD and CO but extended to other states considering BPS https://www.usgbc.org/articles/state-power-climate-action beginning in 2030 (w/ compliance by 2035) ,CA,"all commercial, multi family home",20,20,2030,2035,1,,state,,,,,,
aggressive,Modeled off of MD and CO but extended to other states considering BPS https://www.usgbc.org/articles/state-power-climate-action beginning in 2030 (w/ compliance by 2035) ,CA,"all commercial, multi family home",100,20,2030,2045,1,,state,,,,,,
reference,"State-wide building performance standard, using option 2 compliance pathway (EUI % reduction vs. benchmark year)",CO,"all commercial, multi family home",,13,2021,2026,1,,state,,,,,,
reference,"State-wide building performance standard, using option 2 compliance pathway (EUI % reduction vs. benchmark year)",CO,"all commercial, multi family home",,29,2021,2030,1,,state,,,,,,
aggressive,"State-wide building performance standard, using option 2 compliance pathway (EUI % reduction vs. benchmark year)",CO,"all commercial, multi family home",,13,2021,2026,1,,state,,,,,,
aggressive,"State-wide building performance standard, using option 2 compliance pathway (EUI % reduction vs. benchmark year)",CO,"all commercial, multi family home",,29,2021,2030,1,,state,,,,,,
reference,Large commercial buildings (50K square feet),DC,all commercial,,20,2021,2026,0.806,Fraction represents commercial buildings in DC > 50k sq feet,local,,,,,,
reference,Smaller buildings (down to 10K square feet),DC,all commercial,,20,2027,2032,0.131,Fraction represents commercial buildings in DC > 10k sq feet and < 50 sq feet,local,,,,,,
aggressive,Large commercial buildings (50K square feet),DC,all commercial,,20,2021,2026,0.806,Fraction represents commercial buildings in DC > 50k sq feet,local,,,,,,
aggressive,Smaller buildings (down to 10K square feet),DC,all commercial,,20,2027,2032,0.131,Fraction represents commercial buildings in DC > 10k sq feet and < 50 sq feet,local,,,,,,
reference,"Boston, MA Citywide Building Performance Standard: Building Emissions Reduction and Disclosure Ordinance (Chpt VII,
Sec 7-2.1 & 7-2.2). Aimed at public/Gov’t., commercial and multifamily buildings ≥ 20,000 sq. ft. or 15 residential units. Buildings must meet emissions targets based on their use type, or their individual compliance schedule aligned with a 50% reduction by 2030 and 100% reduction by 2050 targets",MA,"all commercial, multi family home",50,,2018,2030,0.1144,multifamily homes and commercial buildings over 20k sq feet in Boston MA/suffolk county ,local,,,,,,
reference,"Boston, MA Citywide Building Performance Standard: Building Emissions Reduction and Disclosure Ordinance (Chpt VII,
Sec 7-2.1 & 7-2.2). Aimed at public/Gov’t., commercial and multifamily buildings ≥ 20,000 sq. ft. or 15 residential units. Buildings must meet emissions targets based on their use type, or their individual compliance schedule aligned with a 50% reduction by 2030 and 100% reduction by 2050 targets",MA,"all commercial, multi family home",100,,2018,2050,0.1144,multifamily homes and commercial buildings over 20k sq feet in Boston MA/suffolk county ,local,,,,,,
aggressive,"Boston, MA Citywide Building Performance Standard: Building Emissions Reduction and Disclosure Ordinance (Chpt VII,
Sec 7-2.1 & 7-2.2). Aimed at public/Gov’t., commercial and multifamily buildings ≥ 20,000 sq. ft. or 15 residential units. Buildings must meet emissions targets based on their use type, or their individual compliance schedule aligned with a 50% reduction by 2030 and 100% reduction by 2050 targets",MA,"all commercial, multi family home",50,,2018,2030,0.1144,multifamily homes and commercial buildings over 20k sq feet in Boston MA/suffolk county ,local,,,,,,
aggressive,"Boston, MA Citywide Building Performance Standard: Building Emissions Reduction and Disclosure Ordinance (Chpt VII,
Sec 7-2.1 & 7-2.2). Aimed at public/Gov’t., commercial and multifamily buildings ≥ 20,000 sq. ft. or 15 residential units. Buildings must meet emissions targets based on their use type, or their individual compliance schedule aligned with a 50% reduction by 2030 and 100% reduction by 2050 targets",MA,"all commercial, multi family home",100,,2018,2050,0.1144,multifamily homes and commercial buildings over 20k sq feet in Boston MA/suffolk county ,local,,,,,,
aggressive,Modeled off of MD and CO but extended to other states considering BPS https://www.usgbc.org/articles/state-power-climate-action beginning in 2030 (w/ compliance by 2035) ,MA,"all commercial, multi family home",20,20,2030,2035,1,,state,,,,,,
aggressive,Modeled off of MD and CO but extended to other states considering BPS https://www.usgbc.org/articles/state-power-climate-action beginning in 2030 (w/ compliance by 2035) ,MA,"all commercial, multi family home",100,20,2030,2045,1,,state,,,,,,
reference,"State-wide building performance standard that focuses on net direct onsite emissions targets; EUI targets to be added 2027

More details: https://mde.maryland.gov/beps",MD,"all commercial, multi family home",20,,2025,2030,0.6945,multifamily homes and commercial buildings over 35k sq feet in Maryland ,state,,,,,,
reference,"State-wide building performance standard that focuses on net direct onsite emissions targets; EUI targets to be added 2027

More details: https://mde.maryland.gov/beps",MD,"all commercial, multi family home",100,,2025,2040,0.6945,multifamily homes and commercial buildings over 35k sq feet in Maryland ,state,,,,,,
aggressive,"State-wide building performance standard that focuses on net direct onsite emissions targets; EUI targets to be added 2027

More details: https://mde.maryland.gov/beps",MD,"all commercial, multi family home",20,,2025,2030,0.6945,multifamily homes and commercial buildings over 35k sq feet in Maryland ,state,,,,,,
aggressive,"State-wide building performance standard that focuses on net direct onsite emissions targets; EUI targets to be added 2027

More details: https://mde.maryland.gov/beps",MD,"all commercial, multi family home",100,,2025,2040,0.6945,multifamily homes and commercial buildings over 35k sq feet in Maryland ,state,,,,,,
reference,"St. Louis Citywide Building Performance Standard: Building Energy Performance Standards (Ordinance 71132) aimed at public/Gov’t, commercial, & multifamily buildings ≥ 50,000 sq. ft. 

Early Adopter Pathway 1 - If, at the conclusion of cycle 1, a property’s EUI is at or below the standard for its property type and the EUI of the property was reduced by 20% or greater compared to its 2018 property baseline, then the property will be considered compliant for cycles 1 and 2 (conclude in 2030). The property must achieve both targets to be in compliance for two consecutive cycles.",MO,"all commercial, multi family home",,20,2018,2030,0.1243,multifamily homes and commercial buildings over 50k sq feet in St Louis (city and county) ,local,,,,,,
reference,"St. Louis Citywide Building Performance Standard: Building Energy Performance Standards (Ordinance 71132), aimed at public/Gov’t, commercial, & multifamily buildings ≥ 50,000 sq. ft. 

Early Adopter Pathway 2 - If, at the conclusion of cycle 1, a property’s EUI is at or below the standard for its property type and the EUI of the property was reduced by 50% or greater compared to its 2018 property baseline, then the property will be considered compliant for cycles 1, 2 and 3 (conclude in 2035). The property must achieve both targets to be in compliance for three consecutive cycles.",MO,"all commercial, multi family home",,50,2018,2035,0.1243,multifamily homes and commercial buildings over 50k sq feet in St Louis (city and county) ,local,,,,,,
aggressive,"St. Louis Citywide Building Performance Standard: Building Energy Performance Standards (Ordinance 71132) aimed at public/Gov’t, commercial, & multifamily buildings ≥ 50,000 sq. ft. 

Early Adopter Pathway 1 - If, at the conclusion of cycle 1, a property’s EUI is at or below the standard for its property type and the EUI of the property was reduced by 20% or greater compared to its 2018 property baseline, then the property will be considered compliant for cycles 1 and 2. The property must achieve both targets to be in compliance for two consecutive cycles.",MO,"all commercial, multi family home",,20,2018,2030,0.1243,multifamily homes and commercial buildings over 50k sq feet in St Louis (city and county) ,local,,,,,,
aggressive,"St. Louis Citywide Building Performance Standard: Building Energy Performance Standards (Ordinance 71132), aimed at public/Gov’t, commercial, & multifamily buildings ≥ 50,000 sq. ft. 

Early Adopter Pathway 2 - If, at the conclusion of cycle 1, a property’s EUI is at or below the standard for its property type and the EUI of the property was reduced by 50% or greater compared to its 2018 property baseline, then the property will be considered compliant for cycles 1, 2 and 3. The property must achieve both targets to be in compliance for three consecutive cycles.",MO,"all commercial, multi family home",,50,2018,2035,0.1243,multifamily homes and commercial buildings over 50k sq feet in St Louis (city and county) ,local,,,,,,
reference,"Reno, NV Citywide Building Perofrmance Standard for Commercial, Multifamily, and Municipal buildings.

To fulfill the performance targets, the owner must submit documentation to the department showing that a qualified service company verifies that the property has achieved one or more of the following energy targets for at least two of the seven years following the baseline year: 
a. The property received an ENERGY STAR score of 50 or higher. 
b. The property's energy use intensity (EUI) was equivalent to or better than the performance of 50 percent of all covered properties of its type. 
c. The property achieved an ENERGY STAR score at least 15 points higher than the score it received during its baseline year. 
d. The property's weather normalized source EUI was reduced by at least 10 percent relative to its performance in the baseline year.",NV,"all commercial, multi family home",,10,2023,2028,0.0152,commercial and multifamily between 30k and 50k sq feet in Reno city (res) and Washoe county (com) ,local,,,,,,
reference,"Reno, NV Citywide Building Perofrmance Standard for Commercial, Multifamily, and Municipal buildings.

To fulfill the performance targets, the owner must submit documentation to the department showing that a qualified service company verifies that the property has achieved one or more of the following energy targets for at least two of the seven years following the baseline year: 
a. The property received an ENERGY STAR score of 50 or higher. 
b. The property's energy use intensity (EUI) was equivalent to or better than the performance of 50 percent of all covered properties of its type. 
c. The property achieved an ENERGY STAR score at least 15 points higher than the score it received during its baseline year. 
d. The property's weather normalized source EUI was reduced by at least 10 percent relative to its performance in the baseline year.",NV,"all commercial, multi family home",,10,2024,2029,0.0392,commercial and multifamily between 50k and 100k sq feet in Reno city (res) and Washoe county (com) ,local,,,,,,
reference,"Reno, NV Citywide Building Perofrmance Standard for Commercial, Multifamily, and Municipal buildings.

To fulfill the performance targets, the owner must submit documentation to the department showing that a qualified service company verifies that the property has achieved one or more of the following energy targets for at least two of the seven years following the baseline year: 
a. The property received an ENERGY STAR score of 50 or higher. 
b. The property's energy use intensity (EUI) was equivalent to or better than the performance of 50 percent of all covered properties of its type. 
c. The property achieved an ENERGY STAR score at least 15 points higher than the score it received during its baseline year. 
d. The property's weather normalized source EUI was reduced by at least 10 percent relative to its performance in the baseline year.",NV,"all commercial, multi family home",,10,2027,2032,0.0722,commercial and multifamily over 100k sq feet in Reno city (res) and Washoe county (com) ,local,,,,,,
aggressive,"Reno, NV Citywide Building Perofrmance Standard for Commercial, Multifamily, and Municipal buildings.

To fulfill the performance targets, the owner must submit documentation to the department showing that a qualified service company verifies that the property has achieved one or more of the following energy targets for at least two of the seven years following the baseline year: 
a. The property received an ENERGY STAR score of 50 or higher. 
b. The property's energy use intensity (EUI) was equivalent to or better than the performance of 50 percent of all covered properties of its type. 
c. The property achieved an ENERGY STAR score at least 15 points higher than the score it received during its baseline year. 
d. The property's weather normalized source EUI was reduced by at least 10 percent relative to its performance in the baseline year.",NV,"all commercial, multi family home",,10,2023,2028,0.0152,commercial and multifamily between 30k and 50k sq feet in Reno city (res) and Washoe county (com) ,local,,,,,,
aggressive,"Reno, NV Citywide Building Perofrmance Standard for Commercial, Multifamily, and Municipal buildings.

To fulfill the performance targets, the owner must submit documentation to the department showing that a qualified service company verifies that the property has achieved one or more of the following energy targets for at least two of the seven years following the baseline year: 
a. The property received an ENERGY STAR score of 50 or higher. 
b. The property's energy use intensity (EUI) was equivalent to or better than the performance of 50 percent of all covered properties of its type. 
c. The property achieved an ENERGY STAR score at least 15 points higher than the score it received during its baseline year. 
d. The property's weather normalized source EUI was reduced by at least 10 percent relative to its performance in the baseline year.",NV,"all commercial, multi family home",,10,2024,2029,0.0392,commercial and multifamily between 50k and 100k sq feet in Reno city (res) and Washoe county (com) ,local,,,,,,
aggressive,"Reno, NV Citywide Building Perofrmance Standard for Commercial, Multifamily, and Municipal buildings.

To fulfill the performance targets, the owner must submit documentation to the department showing that a qualified service company verifies that the property has achieved one or more of the following energy targets for at least two of the seven years following the baseline year: 
a. The property received an ENERGY STAR score of 50 or higher. 
b. The property's energy use intensity (EUI) was equivalent to or better than the performance of 50 percent of all covered properties of its type. 
c. The property achieved an ENERGY STAR score at least 15 points higher than the score it received during its baseline year. 
d. The property's weather normalized source EUI was reduced by at least 10 percent relative to its performance in the baseline year.",NV,"all commercial, multi family home",,10,2027,2032,0.0722,commercial and multifamily over 100k sq feet in Reno city (res) and Washoe county (com) ,local,,,,,,
reference,"NYC Citywide Building Performance Standard (Sustainable Buildings NYC (Local Law 97)) for commercial and large multifamily buildings. 

https://www.nyc.gov/site/buildings/codes/ll97-greenhouse-gas-emissions-reductions.page

Note: 40% cut for applicable buildings translates to 26% reduction city-wide",NY,"all commercial, multi family home",40,,2005,2030,0.3324,"commercial and multifamily homes over 25000 sq ft in ""Bronx"", ""Kings"", ""New York"", ""Queens"", ""Richmond"" counties",local,,,,,,
reference,NYC Citywide Building Performance Standard (Sustainable Buildings NYC (Local Law 97)) for commercial and large multifamily buildings. ,NY,"all commercial, multi family home",100,,2005,2050,0.3324,"commercial and multifamily homes over 25000 sq ft in ""Bronx"", ""Kings"", ""New York"", ""Queens"", ""Richmond"" counties",local,,,,,,
aggressive,"NYC Citywide Building Performance Standard (Sustainable Buildings NYC (Local Law 97)) for commercial and large multifamily buildings. 

https://www.nyc.gov/site/buildings/codes/ll97-greenhouse-gas-emissions-reductions.page

Note: 40% cut for applicable buildings translates to 26% reduction city-wide",NY,"all commercial, multi family home",40,,2005,2030,0.3324,"commercial and multifamily homes over 25000 sq ft in ""Bronx"", ""Kings"", ""New York"", ""Queens"", ""Richmond"" counties",local,,,,,,
aggressive,NYC Citywide Building Performance Standard (Sustainable Buildings NYC (Local Law 97)) for commercial and large multifamily buildings. ,NY,"all commercial, multi family home",100,,2005,2050,0.3324,"commercial and multifamily homes over 25000 sq ft in ""Bronx"", ""Kings"", ""New York"", ""Queens"", ""Richmond"" counties",local,,,,,,
aggressive,Modeled off of MD and CO but extended to other states considering BPS https://www.usgbc.org/articles/state-power-climate-action beginning in 2030 (w/ compliance by 2035) ,NY,"all commercial, multi family home",20,20,2030,2035,1,,state,,,,,,
aggressive,Modeled off of MD and CO but extended to other states considering BPS https://www.usgbc.org/articles/state-power-climate-action beginning in 2030 (w/ compliance by 2035) ,NY,"all commercial, multi family home",100,20,2030,2045,1,,state,,,,,,
aggressive,Statewide Building Performance Standard policy for commercial buildings that addresses energy use and emissions from existing commercial buildings. Compliance will require meeting EUI targets.,OR,all commercial,,10,,2028,0.186,"energy consumption in comm buildings >200,000 sq ft",local,,,,,,
aggressive,Statewide Building Performance Standard policy for commercial buildings that addresses energy use and emissions from existing commercial buildings. Compliance will require meeting EUI targets.,OR,all commercial,,10,,2029,0.126,"energy consumption in comm buildings >90,000 sq ft, <200,000",local,,,,,,
aggressive,Statewide Building Performance Standard policy for commercial buildings that addresses energy use and emissions from existing commercial buildings. Compliance will require meeting EUI targets.,OR,all commercial,,10,,2030,0.389,"energy consumption in comm buildings >35,000 sq ft, <90,000",local,,,,,,
reference,"State-wide building performance standard aimed at commercial and multi-family residential buildings over 20,000 square feet. Buildings must meet the EUI target specified for their building type, or satisfy an investment criteria pathway consisting of an energy audit identifying all cost effective energy efficiency measures.

The Clean Buildings Act requires incentives for early adoption of the Standard. The Early Adopter Incentive Program established by Commerce makes $75 million available for early compliance with the law. Owners of eligible buildings may receive $.85 per square foot in incentive. The compliance window for early adoption opened July 1st, 2023. ",WA,all commercial,,15,2018,2026,0.219,"Commercial buildings > 220,000 sq. ft.",local,,,,,,
reference,"State-wide building performance standard aimed at commercial and multi-family residential buildings over 20,000 square feet. Buildings must meet the EUI target specified for their building type, or satisfy an investment criteria pathway consisting of an energy audit identifying all cost effective energy efficiency measures.",WA,all commercial,,15,2018,2027,0.164,"Commercial buildings 90,000 to 220,000 sq. ft.",local,,,,,,
reference,"State-wide building performance standard aimed at commercial and multi-family residential buildings over 20,000 square feet. Buildings must meet the EUI target specified for their building type, or satisfy an investment criteria pathway consisting of an energy audit identifying all cost effective energy efficiency measures.",WA,all commercial,,15,2018,2028,0.242,"Commercial buildings 50,000 to 90,000 sq. ft.",local,,,,,,
aggressive,"State-wide building performance standard aimed at commercial and multi-family residential buildings over 20,000 square feet. Buildings must meet the EUI target specified for their building type, or satisfy an investment criteria pathway consisting of an energy audit identifying all cost effective energy efficiency measures.

The Clean Buildings Act requires incentives for early adoption of the Standard. The Early Adopter Incentive Program established by Commerce makes $75 million available for early compliance with the law. Owners of eligible buildings may receive $.85 per square foot in incentive. The compliance window for early adoption opened July 1st, 2023. ",WA,all commercial,,15,2018,2026,0.219,"Commercial buildings > 220,000 sq. ft.",local,,,,,,
aggressive,"State-wide building performance standard aimed at commercial and multi-family residential buildings over 20,000 square feet. Buildings must meet the EUI target specified for their building type, or satisfy an investment criteria pathway consisting of an energy audit identifying all cost effective energy efficiency measures.",WA,all commercial,,15,2018,2027,0.164,"Commercial buildings 90,000 to 220,000 sq. ft.",local,,,,,,
aggressive,"State-wide building performance standard aimed at commercial and multi-family residential buildings over 20,000 square feet. Buildings must meet the EUI target specified for their building type, or satisfy an investment criteria pathway consisting of an energy audit identifying all cost effective energy efficiency measures.",WA,all commercial,,15,2018,2028,0.242,"Commercial buildings 50,000 to 90,000 sq. ft.",local,,,,,,
aggressive,Modeled off of MD and CO but extended to other states considering BPS https://www.usgbc.org/articles/state-power-climate-action beginning in 2030 (w/ compliance by 2035) and all remaining USCA states beginning in 2035 (w/ compliance by 2040),"CT, ME, PA, RI","all commercial, multi family home",20,20,2030,2035,1,,state,,,,,,
aggressive,Modeled off of MD and CO but extended to other states considering BPS https://www.usgbc.org/articles/state-power-climate-action beginning in 2030 (w/ compliance by 2035) and all remaining USCA states beginning in 2035 (w/ compliance by 2040),"AZ, NM, MN, WI, IL, MI, NH, NC, DE, VT, HI","all commercial, multi family home",20,20,2035,2040,1,,state,,,,,,
aggressive,Modeled off of MD and CO but extended to other states considering BPS https://www.usgbc.org/articles/state-power-climate-action beginning in 2030 (w/ compliance by 2035) and all remaining USCA states beginning in 2035 (w/ compliance by 2040),"CT, ME, PA, RI","all commercial, multi family home",100,20,2030,2045,1,,state,,,,,,
aggressive,Modeled off of MD and CO but extended to other states considering BPS https://www.usgbc.org/articles/state-power-climate-action beginning in 2030 (w/ compliance by 2035) and all remaining USCA states beginning in 2035 (w/ compliance by 2040),"AZ, NM, MN, WI, IL, MI, NH, NC, DE, VT, HI","all commercial, multi family home",100,20,2035,2050,1,,state,,,,,,
reference,"Oregon Statewide Building Performance Standard (HB 3409). Requires commercial and multifamily buildings over 35,000 sq ft (Tier 1) and 20,000-35,000 sq ft (Tier 2) to meet energy use targets based on ASHRAE standards, starting compliance in 2028.

https://www.oregon.gov/energy/save-energy/pages/bps.aspx",OR,"all commercial, multi family home",,20,,2028,0.5993,filter OR commercial and multifamily for buildings over 20K sf,state,,,,,,
reference,"Nonresidential Buildings (Commercial, Retail, Office): Must reach net-zero emissions between 2041 and 2045. Multifamily Residential Buildings: Must reach net-zero emissions between 2046 and 2050.
https://www.seattle.gov/documents/Departments/OSE/Building%20Energy/BEPS-4Pager-Guide-to-Law-FINAL.pdf",WA,all commercial,100,,,2045,0.4146,filter WA commercial buildings for buildings located in Seattle,local,,,,,,
reference,"Nonresidential Buildings (Commercial, Retail, Office): Must reach net-zero emissions between 2041 and 2045. Multifamily Residential Buildings: Must reach net-zero emissions between 2046 and 2050.
https://www.seattle.gov/documents/Departments/OSE/Building%20Energy/BEPS-4Pager-Guide-to-Law-FINAL.pdf",WA,multi family home,100,,,2050,0.4599,filter WA multifamily buildings for buildings located in Seattle,local,,,,,,
reference,"Denver, CO Energize Denver Building Performance Standard. Commercial and multifamily buildings over 25,000 sq ft must reduce energy use intensity by 30% by 2030. Also includes prescriptive lighting/solar requirements for smaller buildings.

https://www.denvergov.org/Government/Agencies-Departments-Offices/Agencies-Departments-Offices-Directory/Climate-Action-Sustainability-Resiliency/High-Performance-Buildings-and-Homes/Energize-Denver-Hub",CO,"all commercial, multi family home",,30,2019,2030,0.1848,filter CO commercial and multifamily for buildings located in Denver and over 25k sf,local,,,,,,
reference,"Cambridge, MA Building Energy Use Disclosure Ordinance (BEUDO). Non-residential buildings over 100,000 sq ft must reach net-zero by 2035, and those 25,000-100,000 sq ft by 2050.

https://www.cambridgema.gov/departments/officeofsustainability/buildingenergyusedisclosureordinance",MA,all commercial,100,,2019,2035,0.0996,filter MA commercial located in Cambridge over 100K sf,local,,,,,,
reference,"Cambridge, MA Building Energy Use Disclosure Ordinance (BEUDO). Non-residential buildings over 100,000 sq ft must reach net-zero by 2035, and those 25,000-100,000 sq ft by 2050.

https://www.cambridgema.gov/departments/officeofsustainability/buildingenergyusedisclosureordinance",MA,all commercial,100,,2019,2050,0.0849,filter MA commercial located in Cambridge from 25-100sf,local,,,,,,
reference,"Montgomery County, MD Building Energy Performance Standards (BEPS). Sets minimum energy and emissions performance standards for county commercial and multifamily buildings over 25K sf. Max required reduction is 30%. Montgomery County standards are structured in a way similar to the Denver standards discussed above, with two rounds of standards over the 2028–2036 period and effective dates and the final standard varying with building type and size. 

https://www.montgomerycountymd.gov/department-environmental-protection/energy/energy-commercial-multifamily/building-energy-performance-standards",MD,all commercial,,15,2020,2033,0.1001,filter MD commercial for buildings located in Montgomery County and >50K sf,local,,,,,,
reference,"Montgomery County, MD Building Energy Performance Standards (BEPS). Sets minimum energy and emissions performance standards for county commercial and multifamily buildings over 25K sf. Max required reduction is 30%. Montgomery County standards are structured in a way similar to the Denver standards discussed above, with two rounds of standards over the 2028–2036 period and effective dates and the final standard varying with building type and size. 

https://www.montgomerycountymd.gov/department-environmental-protection/energy/energy-commercial-multifamily/building-energy-performance-standards",MD,"all commercial, multi family home",,15,2023,2035,0.0878,"filter MD commercial for buildings located in Montgomery County and >25K sf
filter MD multifamily for buildings located in Montgomery County and >250K sf",local,,,,,,
reference,"Montgomery County, MD Building Energy Performance Standards (BEPS). Sets minimum energy and emissions performance standards for county commercial and multifamily buildings over 25K sf. Max required reduction is 30%. Montgomery County standards are structured in a way similar to the Denver standards discussed above, with two rounds of standards over the 2028–2036 period and effective dates and the final standard varying with building type and size. 

https://www.montgomerycountymd.gov/department-environmental-protection/energy/energy-commercial-multifamily/building-energy-performance-standards",MD,multi family home,,15,2024,2036,0.1056,filter MD multfamily for buildings located in Montgomery County and 25-250K sf,local,,,,,,
reference,"Evanston, IL Healthy Buildings Ordinance. Enacted in 2025, requires commercial and multifamily buildings over 20,000 sq ft to achieve zero on-site emissions and 100% renewable electricity procurement by 2050.

https://www.cityofevanston.org/departments/city_managers_office/sustainability_resilience/healthy_buildings_ordinance/index.php",IL,"all commercial, multi family home",100,,,2050,0.2905,filter IL commercial multifamily for buildings located in Evanston and over 20K square feet,local,,,,,,
reference,"West Hollywood, CA Equitable Building Performance Standards (EBPS). Requires commercial and multifamily buildings 20,000 sq. ft. and larger to meet greenhouse gas intensity targets based on property type starting in 2027. City-wide goal for covered buildings achieve 80% reduction in GHG by 2035 to align with push for carbon neutrality by 2050.

https://www.weho.org/city-government/city-departments/community-development-department/long-range-planning/climate-action-sustainability/equitable-building-performance-standards?utm_source=gemini",CA,"all commercial, multi family home",80,,,2035,0.216,filter CA commercial and multifamily buildings for those located in West Hollywod that are over 20k sf,local,,,,,,
reference,"West Hollywood, CA Equitable Building Performance Standards (EBPS). Requires commercial and multifamily buildings 20,000 sq. ft. and larger to meet greenhouse gas intensity targets based on property type starting in 2027. City-wide goal for covered buildings achieve 80% reduction in GHG by 2035 to align with push for carbon neutrality by 2050.

https://www.weho.org/city-government/city-departments/community-development-department/long-range-planning/climate-action-sustainability/equitable-building-performance-standards?utm_source=gemini",CA,"all commercial, multi family home",100,,,2050,0.216,filter CA commercial and multifamily buildings for those located in West Hollywod that are over 20k sf,local,,,,,,
reference,"Newton, MA Building Emissions Reduction and Disclosure Ordinance (BERDO). Requires non-residential buildings 20,000 sq. ft. and larger to meet greenhouse gas emissions thresholds, with compliance cycles starting between 2027 and 2030, aiming for net-zero by 2050

https://www.newtonma.gov/government/climate-and-sustainability/building-emissions-reduction-and-disclosure-ordinance?utm_source=gemini",MA,all commercial,100,,,2050,0.2201,filter MA commercial buildings for those located in Newton MA that are over 20k sf,local,,,,,,