EMMReg,Year,Overall-PeakMonth,Summer-PeakMonth,Summer-MaxHr,Summer-MinHr,Summer-PeakStartHr,Summer-PeakEndHr,Summer-TakeStartHr,Summer-TakeEndHr,Winter-PeakMonth,Winter-MaxHr,Winter-MinHr,Winter-PeakStartHr,Winter-PeakEndHr,Winter-TakeStartHr,Winter-TakeEndHr,Inter-MaxHr,Inter-MinHr,Inter-PeakStartHr,Inter-PeakEndHr,Inter-TakeStartHr,Inter-TakeEndHr
1,2025,8,8,17,5,16,19,4,7,1,10,3,9,12,2,5,17,4,16,19,3,6
2,2025,8,8,16,5,15,18,4,7,3,17,5,16,19,4,7,17,4,16,19,3,6
3,2025,7,7,16,4,15,18,3,6,1,10,4,9,12,3,6,16,4,15,18,3,6
4,2025,7,7,16,4,15,18,3,6,1,9,2,8,11,1,4,16,4,15,18,3,6
5,2025,7,7,15,4,14,17,3,6,1,11,5,10,13,4,7,15,3,14,17,2,5
6,2025,8,8,16,5,15,18,4,7,12,9,3,8,11,2,5,16,4,15,18,3,6
7,2025,7,7,14,4,13,16,3,6,2,11,3,10,13,2,5,14,3,13,16,2,5
8,2025,7,7,14,4,13,16,3,6,2,12,4,11,14,3,6,15,4,14,17,3,6
9,2025,7,7,14,4,13,16,3,6,1,19,3,18,21,2,5,16,4,15,18,3,6
10,2025,7,7,16,4,15,18,3,6,1,8,2,7,10,1,4,17,4,16,19,3,6
11,2025,7,7,17,4,16,19,3,6,1,9,2,8,11,1,4,17,4,16,19,3,6
12,2025,8,8,17,5,16,19,4,7,1,19,3,18,21,2,5,16,4,15,18,3,6
13,2025,8,8,15,4,14,17,3,6,1,8,17,7,10,16,19,16,4,15,18,3,6
14,2025,7,7,16,5,15,18,4,7,1,8,17,7,10,16,19,17,3,16,19,2,5
15,2025,7,7,16,4,15,18,3,6,1,8,1,7,10,24,3,16,3,15,18,2,5
16,2025,7,7,16,4,15,18,3,6,12,8,16,7,10,15,18,16,4,15,18,3,6
17,2025,7,7,16,5,15,18,4,7,2,11,2,10,13,1,4,16,5,15,18,4,7
18,2025,7,7,16,5,15,18,4,7,2,9,2,8,11,1,4,17,4,16,19,3,6
19,2025,7,7,16,4,15,18,3,6,2,9,2,8,11,1,4,17,4,16,19,3,6
20,2025,7,7,15,5,14,17,4,7,1,11,3,10,13,2,5,15,3,14,17,2,5
21,2025,8,8,16,5,15,18,4,7,12,11,3,10,13,2,5,15,4,14,17,3,6
22,2025,9,9,15,5,14,17,4,7,12,11,4,10,13,3,6,15,4,14,17,3,6
23,2025,8,8,15,4,14,17,3,6,2,11,2,10,13,1,4,11,3,10,13,2,5
24,2025,7,7,16,4,15,18,3,6,2,11,3,10,13,2,5,11,3,10,13,2,5
25,2025,7,7,16,4,15,18,3,6,2,11,2,10,13,1,4,16,3,15,18,2,5
1,2030,8,8,17,5,16,19,4,7,2,11,3,10,13,2,5,17,4,16,19,3,6
2,2030,8,8,17,5,16,19,4,7,3,17,5,16,19,4,7,17,4,16,19,3,6
3,2030,7,7,16,4,15,18,3,6,1,10,4,9,12,3,6,17,4,16,19,3,6
4,2030,7,7,17,4,16,19,3,6,1,9,2,8,11,1,4,16,4,15,18,3,6
5,2030,7,7,15,4,14,17,3,6,1,11,5,10,13,4,7,15,3,14,17,2,5
6,2030,8,8,17,5,16,19,4,7,12,9,2,8,11,1,4,16,4,15,18,3,6
7,2030,7,7,14,4,13,16,3,6,2,11,2,10,13,1,4,14,4,13,16,3,6
8,2030,7,7,14,4,13,16,3,6,2,12,3,11,14,2,5,14,4,13,16,3,6
9,2030,7,7,14,4,13,16,3,6,2,19,3,18,21,2,5,16,3,15,18,2,5
10,2030,7,7,17,4,16,19,3,6,2,19,2,18,21,1,4,17,4,16,19,3,6
11,2030,7,7,17,4,16,19,3,6,1,9,2,8,11,1,4,17,4,16,19,3,6
12,2030,8,8,17,5,16,19,4,7,1,19,4,18,21,3,6,16,5,15,18,4,7
13,2030,8,8,15,4,14,17,3,6,1,8,16,7,10,15,18,17,4,16,19,3,6
14,2030,7,7,16,5,15,18,4,7,1,8,17,7,10,16,19,17,4,16,19,3,6
15,2030,7,7,16,4,15,18,3,6,1,7,24,6,9,23,2,16,3,15,18,2,5
16,2030,7,7,16,4,15,18,3,6,12,8,16,7,10,15,18,16,4,15,18,3,6
17,2030,7,7,17,5,16,19,4,7,2,8,1,7,10,24,3,16,4,15,18,3,6
18,2030,7,7,17,4,16,19,3,6,2,8,1,7,10,24,3,17,4,16,19,3,6
19,2030,7,7,15,4,14,17,3,6,2,9,2,8,11,1,4,16,4,15,18,3,6
20,2030,7,7,15,5,14,17,4,7,2,11,2,10,13,1,4,15,3,14,17,2,5
21,2030,8,8,16,5,15,18,4,7,12,12,3,11,14,2,5,15,4,14,17,3,6
22,2030,9,9,15,5,14,17,4,7,12,12,4,11,14,3,6,14,4,13,16,3,6
23,2030,8,8,15,4,14,17,3,6,2,11,1,10,13,24,3,11,4,10,13,3,6
24,2030,7,7,16,5,15,18,4,7,2,11,3,10,13,2,5,14,3,13,16,2,5
25,2030,7,7,16,5,15,18,4,7,2,11,2,10,13,1,4,16,3,15,18,2,5
1,2035,8,8,17,5,16,19,4,7,2,20,2,19,22,1,4,17,4,16,19,3,6
2,2035,8,8,17,5,16,19,4,7,3,17,4,16,19,3,6,17,5,16,19,4,7
3,2035,7,7,17,4,16,19,3,6,1,20,5,19,22,4,7,17,4,16,19,3,6
4,2035,7,7,17,4,16,19,3,6,2,9,1,8,11,24,3,17,4,16,19,3,6
5,2035,7,7,16,4,15,18,3,6,12,19,5,18,21,4,7,16,3,15,18,2,5
6,2035,8,8,17,5,16,19,4,7,12,9,17,8,11,16,19,17,4,16,19,3,6
7,2035,7,7,14,4,13,16,3,6,2,12,2,11,14,1,4,14,4,13,16,3,6
8,2035,7,7,14,5,13,16,4,7,2,12,5,11,14,4,7,14,5,13,16,4,7
9,2035,7,7,14,4,13,16,3,6,2,19,3,18,21,2,5,19,4,18,21,3,6
10,2035,7,7,17,4,16,19,3,6,2,19,1,18,21,24,3,17,4,16,19,3,6
11,2035,7,7,17,4,16,19,3,6,2,8,1,7,10,24,3,17,4,16,19,3,6
12,2035,8,8,17,5,16,19,4,7,1,20,4,19,22,3,6,17,5,16,19,4,7
13,2035,8,8,17,5,16,19,4,7,1,8,16,7,10,15,18,17,4,16,19,3,6
14,2035,7,7,17,5,16,19,4,7,12,8,16,7,10,15,18,17,4,16,19,3,6
15,2035,7,7,16,4,15,18,3,6,12,8,24,7,10,23,2,16,3,15,18,2,5
16,2035,7,7,17,4,16,19,3,6,12,8,16,7,10,15,18,16,1,15,18,24,3
17,2035,8,8,17,5,16,19,4,7,2,8,1,7,10,24,3,17,5,16,19,4,7
18,2035,7,7,17,4,16,19,3,6,2,8,1,7,10,24,3,17,3,16,19,2,5
19,2035,7,7,17,4,16,19,3,6,2,9,1,8,11,24,3,16,4,15,18,3,6
20,2035,7,7,15,5,14,17,4,7,2,11,2,10,13,1,4,15,4,14,17,3,6
21,2035,8,8,17,5,16,19,4,7,12,13,4,12,15,3,6,15,5,14,17,4,7
22,2035,9,9,15,5,14,17,4,7,12,12,4,11,14,3,6,14,5,13,16,4,7
23,2035,8,8,15,4,14,17,3,6,2,12,24,11,14,23,2,12,4,11,14,3,6
24,2035,7,7,16,5,15,18,4,7,1,12,2,11,14,1,4,14,4,13,16,3,6
25,2035,7,7,16,5,15,18,4,7,2,11,1,10,13,24,3,16,3,15,18,2,5
1,2040,8,8,17,5,16,19,4,7,2,20,2,19,22,1,4,17,4,16,19,3,6
2,2040,8,8,17,5,16,19,4,7,3,17,5,16,19,4,7,17,5,16,19,4,7
3,2040,7,7,17,4,16,19,3,6,1,20,5,19,22,4,7,19,3,18,21,2,5
4,2040,7,7,17,4,16,19,3,6,1,20,16,19,22,15,18,17,4,16,19,3,6
5,2040,7,7,15,4,14,17,3,6,12,19,6,18,21,5,8,17,4,16,19,3,6
6,2040,8,8,17,5,16,19,4,7,12,9,16,8,11,15,18,17,4,16,19,3,6
7,2040,7,7,14,4,13,16,3,6,2,12,1,11,14,24,3,14,3,13,16,2,5
8,2040,7,7,14,4,13,16,3,6,2,13,5,12,15,4,7,14,4,13,16,3,6
9,2040,7,7,14,4,13,16,3,6,2,19,4,18,21,3,6,19,4,18,21,3,6
10,2040,7,7,17,5,16,19,4,7,2,19,1,18,21,24,3,17,4,16,19,3,6
11,2040,7,7,19,4,18,21,3,6,12,20,16,19,22,15,18,17,4,16,19,3,6
12,2040,8,8,17,6,16,19,5,8,1,20,4,19,22,3,6,17,6,16,19,5,8
13,2040,8,8,17,5,16,19,4,7,2,8,16,7,10,15,18,17,5,16,19,4,7
14,2040,7,7,17,5,16,19,4,7,12,8,16,7,10,15,18,17,4,16,19,3,6
15,2040,7,7,16,4,15,18,3,6,12,7,24,6,9,23,2,17,4,16,19,3,6
16,2040,7,7,17,4,16,19,3,6,12,8,16,7,10,15,18,17,1,16,19,24,3
17,2040,8,8,17,5,16,19,4,7,2,7,16,6,9,15,18,17,4,16,19,3,6
18,2040,7,7,17,5,16,19,4,7,2,8,16,7,10,15,18,17,3,16,19,2,5
19,2040,7,7,19,4,18,21,3,6,2,20,16,19,22,15,18,17,4,16,19,3,6
20,2040,7,7,15,6,14,17,5,8,2,11,4,10,13,3,6,15,4,14,17,3,6
21,2040,8,8,17,5,16,19,4,7,12,14,4,13,16,3,6,15,5,14,17,4,7
22,2040,9,9,14,5,13,16,4,7,12,13,5,12,15,4,7,14,5,13,16,4,7
23,2040,8,8,15,4,14,17,3,6,2,12,24,11,14,23,2,12,4,11,14,3,6
24,2040,7,7,16,5,15,18,4,7,2,14,3,13,16,2,5,14,4,13,16,3,6
25,2040,7,7,17,5,16,19,4,7,12,19,1,18,21,24,3,17,3,16,19,2,5
1,2045,8,8,17,5,16,19,4,7,2,20,2,19,22,1,4,17,4,16,19,3,6
2,2045,8,8,17,5,16,19,4,7,3,17,6,16,19,5,8,17,5,16,19,4,7
3,2045,7,7,17,4,16,19,3,6,1,20,16,19,22,15,18,19,4,18,21,3,6
4,2045,7,7,19,4,18,21,3,6,1,20,16,19,22,15,18,17,16,16,19,15,18
5,2045,7,7,17,4,16,19,3,6,12,19,6,18,21,5,8,17,16,16,19,15,18
6,2045,8,8,17,5,16,19,4,7,2,20,16,19,22,15,18,17,4,16,19,3,6
7,2045,7,7,14,4,13,16,3,6,2,12,1,11,14,24,3,14,3,13,16,2,5
8,2045,7,7,14,5,13,16,4,7,2,13,5,12,15,4,7,14,5,13,16,4,7
9,2045,7,7,14,4,13,16,3,6,2,19,3,18,21,2,5,19,4,18,21,3,6
10,2045,7,7,17,5,16,19,4,7,2,19,1,18,21,24,3,17,4,16,19,3,6
11,2045,7,7,19,5,18,21,4,7,12,20,16,19,22,15,18,17,5,16,19,4,7
12,2045,8,8,17,6,16,19,5,8,1,20,5,19,22,4,7,17,6,16,19,5,8
13,2045,8,8,17,5,16,19,4,7,2,8,16,7,10,15,18,17,5,16,19,4,7
14,2045,7,7,17,5,16,19,4,7,12,8,16,7,10,15,18,17,4,16,19,3,6
15,2045,7,7,17,4,16,19,3,6,12,7,24,6,9,23,2,17,4,16,19,3,6
16,2045,7,7,17,4,16,19,3,6,12,8,16,7,10,15,18,17,1,16,19,24,3
17,2045,8,8,17,5,16,19,4,7,2,7,16,6,9,15,18,17,4,16,19,3,6
18,2045,7,7,17,5,16,19,4,7,2,8,15,7,10,14,17,17,10,16,19,9,12
19,2045,7,7,19,5,18,21,4,7,2,20,16,19,22,15,18,17,4,16,19,3,6
20,2045,7,7,15,6,14,17,5,8,2,14,4,13,16,3,6,15,4,14,17,3,6
21,2045,8,8,17,5,16,19,4,7,12,14,5,13,16,4,7,19,5,18,21,4,7
22,2045,9,9,14,5,13,16,4,7,12,13,5,12,15,4,7,14,5,13,16,4,7
23,2045,8,8,15,4,14,17,3,6,2,12,24,11,14,23,2,12,4,11,14,3,6
24,2045,7,7,17,5,16,19,4,7,2,14,1,13,16,24,3,14,4,13,16,3,6
25,2045,7,7,17,5,16,19,4,7,1,19,2,18,21,1,4,17,3,16,19,2,5
1,2050,8,8,17,5,16,19,4,7,2,20,2,19,22,1,4,17,5,16,19,4,7
2,2050,8,8,17,5,16,19,4,7,3,17,7,16,19,6,9,17,5,16,19,4,7
3,2050,7,7,17,4,16,19,3,6,1,20,16,19,22,15,18,19,4,18,21,3,6
4,2050,7,7,19,4,18,21,3,6,1,20,16,19,22,15,18,17,16,16,19,15,18
5,2050,7,7,17,4,16,19,3,6,12,19,6,18,21,5,8,17,16,16,19,15,18
6,2050,8,8,17,5,16,19,4,7,2,20,16,19,22,15,18,17,5,16,19,4,7
7,2050,7,7,14,4,13,16,3,6,2,12,1,11,14,24,3,14,3,13,16,2,5
8,2050,7,7,14,5,13,16,4,7,2,13,6,12,15,5,8,14,5,13,16,4,7
9,2050,7,7,14,4,13,16,3,6,2,19,3,18,21,2,5,19,4,18,21,3,6
10,2050,7,7,17,5,16,19,4,7,2,19,1,18,21,24,3,17,4,16,19,3,6
11,2050,7,7,19,5,18,21,4,7,12,20,16,19,22,15,18,19,5,18,21,4,7
12,2050,8,8,17,6,16,19,5,8,12,19,4,18,21,3,6,17,6,16,19,5,8
13,2050,8,8,17,5,16,19,4,7,2,8,16,7,10,15,18,17,5,16,19,4,7
14,2050,7,7,17,5,16,19,4,7,12,8,16,7,10,15,18,17,4,16,19,3,6
15,2050,7,7,17,4,16,19,3,6,12,7,11,6,9,10,13,17,3,16,19,2,5
16,2050,7,7,17,4,16,19,3,6,12,8,16,7,10,15,18,17,1,16,19,24,3
17,2050,8,8,17,5,16,19,4,7,2,7,16,6,9,15,18,17,4,16,19,3,6
18,2050,7,7,19,5,18,21,4,7,2,21,15,20,23,14,17,17,10,16,19,9,12
19,2050,7,7,19,5,18,21,4,7,2,20,16,19,22,15,18,17,16,16,19,15,18
20,2050,7,7,15,6,14,17,5,8,2,14,5,13,16,4,7,15,4,14,17,3,6
21,2050,8,8,17,6,16,19,5,8,12,14,5,13,16,4,7,19,5,18,21,4,7
22,2050,9,9,14,5,13,16,4,7,12,13,5,12,15,4,7,14,5,13,16,4,7
23,2050,8,8,15,4,14,17,3,6,2,12,24,11,14,23,2,12,4,11,14,3,6
24,2050,7,7,17,5,16,19,4,7,2,14,1,13,16,24,3,14,4,13,16,3,6
25,2050,7,7,17,5,16,19,4,7,1,19,1,18,21,24,3,17,3,16,19,2,5