scout_technology,sector,tier,btb_technology_id,btb_display_name,btb_mapping_name,btb_metric_name,projection_scenario,projection_year,bound,match_confidence,needs_review,notes
ASHP,residential,Best,3.0,Air Source Heat Pump,Residential Air Source Heat Pump,SEER1,Reference,2023,High,high,False,
ASHP,residential,ESTAR,3.0,Air Source Heat Pump,Residential Air Source Heat Pump,SEER1,Reference,2023,Existing,high,False,
ASHP,residential,Min. Efficiency,3.0,Air Source Heat Pump,Residential Air Source Heat Pump,SEER1,Reference,2023,Existing,high,False,
ASHP,residential,Ref. Case,3.0,Air Source Heat Pump,Residential Air Source Heat Pump,SEER1,Reference,2023,Typical,high,False,
CAV_Vent,commercial,Best,41.0,Constant Air Volume System - Standard, Commercial Constant Air Volume System,Energy,Reference,2023,High,high,False,
CAV_Vent,commercial,ESTAR,41.0,Constant Air Volume System - Standard, Commercial Constant Air Volume System,Energy,Reference,2023,Existing,high,False,
CAV_Vent,commercial,Min. Efficiency,41.0,Constant Air Volume System - Standard, Commercial Constant Air Volume System,Energy,Reference,2023,Existing,high,False,
CAV_Vent,commercial,Ref. Case,41.0,Constant Air Volume System - Standard, Commercial Constant Air Volume System,Energy,Reference,2023,Typical,high,False,
Commercial Beverage Merchandisers,commercial,Best,30.0,Beverage Merchandisers - Standard,Commercial Beverage Merchandisers,Annual Energy Use,Reference,2023,High,high,False,
Commercial Beverage Merchandisers,commercial,ESTAR,30.0,Beverage Merchandisers - Standard,Commercial Beverage Merchandisers,Annual Energy Use,Reference,2023,Existing,high,False,
Commercial Beverage Merchandisers,commercial,Min. Efficiency,30.0,Beverage Merchandisers - Standard,Commercial Beverage Merchandisers,Annual Energy Use,Reference,2023,Existing,high,False,
Commercial Beverage Merchandisers,commercial,Ref. Case,30.0,Beverage Merchandisers - Standard,Commercial Beverage Merchandisers,Annual Energy Use,Reference,2023,Typical,high,False,
Commercial Ice Machines,commercial,Best,18.0,Commercial Ice Machine Standard,Commercial Ice Maker,Energy Use,Reference,2023,High,high,False,
Commercial Ice Machines,commercial,ESTAR,18.0,Commercial Ice Machine Standard,Commercial Ice Maker,Energy Use,Reference,2023,Existing,high,False,
Commercial Ice Machines,commercial,Min. Efficiency,18.0,Commercial Ice Machine Standard,Commercial Ice Maker,Energy Use,Reference,2023,Existing,high,False,
Commercial Ice Machines,commercial,Ref. Case,18.0,Commercial Ice Machine Standard,Commercial Ice Maker,Energy Use,Reference,2023,Typical,high,False,
Commercial Reach-In Freezers,commercial,Best,61.0,Commercial Reach-in Freezer,Reach-in Freezer,Energy Use Per Volume,Reference,2023,High,high,False,
Commercial Reach-In Freezers,commercial,ESTAR,61.0,Commercial Reach-in Freezer,Reach-in Freezer,Energy Use Per Volume,Reference,2023,Existing,high,False,
Commercial Reach-In Freezers,commercial,Min. Efficiency,61.0,Commercial Reach-in Freezer,Reach-in Freezer,Energy Use Per Volume,Reference,2023,Existing,high,False,
Commercial Reach-In Freezers,commercial,Ref. Case,61.0,Commercial Reach-in Freezer,Reach-in Freezer,Energy Use Per Volume,Reference,2023,Typical,high,False,
Commercial Reach-In Refrigerators,commercial,Best,62.0,Commercial Reach-in Refrigerator,Reach-in Refrigerator ,Energy Use Per Volume,Reference,2023,High,high,False,
Commercial Reach-In Refrigerators,commercial,ESTAR,62.0,Commercial Reach-in Refrigerator,Reach-in Refrigerator ,Energy Use Per Volume,Reference,2023,Existing,high,False,
Commercial Reach-In Refrigerators,commercial,Min. Efficiency,62.0,Commercial Reach-in Refrigerator,Reach-in Refrigerator ,Energy Use Per Volume,Reference,2023,Existing,high,False,
Commercial Reach-In Refrigerators,commercial,Ref. Case,62.0,Commercial Reach-in Refrigerator,Reach-in Refrigerator ,Energy Use Per Volume,Reference,2023,Typical,high,False,
Commercial Refrigerated Vending Machines,commercial,Best,31.0,Refrigerated Vending Machine - Standard,Commercial Refrigerated Vending Machines,Annual Energy Use,Reference,2023,High,high,False,
Commercial Refrigerated Vending Machines,commercial,ESTAR,31.0,Refrigerated Vending Machine - Standard,Commercial Refrigerated Vending Machines,Annual Energy Use,Reference,2023,Existing,high,False,
Commercial Refrigerated Vending Machines,commercial,Min. Efficiency,31.0,Refrigerated Vending Machine - Standard,Commercial Refrigerated Vending Machines,Annual Energy Use,Reference,2023,Existing,high,False,
Commercial Refrigerated Vending Machines,commercial,Ref. Case,31.0,Refrigerated Vending Machine - Standard,Commercial Refrigerated Vending Machines,Annual Energy Use,Reference,2023,Typical,high,False,
Commercial Supermarket Display Cases,commercial,Best,88.0,Commercial Supermarket Display Cases,Commercial Supermarket Display Cases,Energy Use Per Total Display Area,Reference,2023,High,high,False,
Commercial Supermarket Display Cases,commercial,ESTAR,88.0,Commercial Supermarket Display Cases,Commercial Supermarket Display Cases,Energy Use Per Total Display Area,Reference,2023,Existing,high,False,
Commercial Supermarket Display Cases,commercial,Min. Efficiency,88.0,Commercial Supermarket Display Cases,Commercial Supermarket Display Cases,Energy Use Per Total Display Area,Reference,2023,Existing,high,False,
Commercial Supermarket Display Cases,commercial,Ref. Case,88.0,Commercial Supermarket Display Cases,Commercial Supermarket Display Cases,Energy Use Per Total Display Area,Reference,2023,Typical,high,False,
Commercial Walk-In Freezers,commercial,Best,69.0,Pre-Fabricated Walk-in Freezer,Commercial Walk-In Freezer,Annual Energy Use,Reference,2023,High,high,False,
Commercial Walk-In Freezers,commercial,ESTAR,69.0,Pre-Fabricated Walk-in Freezer,Commercial Walk-In Freezer,Annual Energy Use,Reference,2023,Existing,high,False,
Commercial Walk-In Freezers,commercial,Min. Efficiency,69.0,Pre-Fabricated Walk-in Freezer,Commercial Walk-In Freezer,Annual Energy Use,Reference,2023,Existing,high,False,
Commercial Walk-In Freezers,commercial,Ref. Case,69.0,Pre-Fabricated Walk-in Freezer,Commercial Walk-In Freezer,Annual Energy Use,Reference,2023,Typical,high,False,
Commercial Walk-In Refrigerators,commercial,Best,70.0,Pre-Fabricated Walk-in Cooler,Commercial Walk-In Cooler,Annual Energy Use,Reference,2023,High,high,False,
Commercial Walk-In Refrigerators,commercial,ESTAR,70.0,Pre-Fabricated Walk-in Cooler,Commercial Walk-In Cooler,Annual Energy Use,Reference,2023,Existing,high,False,
Commercial Walk-In Refrigerators,commercial,Min. Efficiency,70.0,Pre-Fabricated Walk-in Cooler,Commercial Walk-In Cooler,Annual Energy Use,Reference,2023,Existing,high,False,
Commercial Walk-In Refrigerators,commercial,Ref. Case,70.0,Pre-Fabricated Walk-in Cooler,Commercial Walk-In Cooler,Annual Energy Use,Reference,2023,Typical,high,False,
GSHP,residential,Best,94.0,Ground Source Heat Pumps,Ground-Source HP,Heating COP,Reference,2023,High,high,False,
GSHP,residential,ESTAR,94.0,Ground Source Heat Pumps,Ground-Source HP,Heating COP,Reference,2023,Existing,high,False,
GSHP,residential,Min. Efficiency,94.0,Ground Source Heat Pumps,Ground-Source HP,Heating COP,Reference,2023,Existing,high,False,
GSHP,residential,Ref. Case,94.0,Ground Source Heat Pumps,Ground-Source HP,Heating COP,Reference,2023,Typical,high,False,
HPWH,commercial,Best,67.0,Commercial Water Heater Heat Pump,Commercial Heat Pump Water Heaters,COP,Reference,2023,High,high,False,
HPWH,commercial,ESTAR,67.0,Commercial Water Heater Heat Pump,Commercial Heat Pump Water Heaters,COP,Reference,2023,Existing,high,False,
HPWH,commercial,Min. Efficiency,67.0,Commercial Water Heater Heat Pump,Commercial Heat Pump Water Heaters,COP,Reference,2023,Existing,high,False,
HPWH,commercial,Ref. Case,67.0,Commercial Water Heater Heat Pump,Commercial Heat Pump Water Heaters,COP,Reference,2023,Typical,high,False,
HPWH,residential,Best,169.0,Water Heater HP Tank,Heat Pump WH,UEF,Reference,2023,High,high,False,
HPWH,residential,ESTAR,169.0,Water Heater HP Tank,Heat Pump WH,UEF,Reference,2023,Existing,high,False,
HPWH,residential,Min. Efficiency,169.0,Water Heater HP Tank,Heat Pump WH,UEF,Reference,2023,Existing,high,False,
HPWH,residential,Ref. Case,169.0,Water Heater HP Tank,Heat Pump WH,UEF,Reference,2023,Typical,high,False,
LED,commercial,Best,12.0,Commercial LED Troffer & Panel,4 ft Linear Systems LED Integrated Luminaire,Efficacy,Reference,2023,High,high,False,
LED,commercial,ESTAR,12.0,Commercial LED Troffer & Panel,4 ft Linear Systems LED Integrated Luminaire,Efficacy,Reference,2023,Existing,high,False,
LED,commercial,Min. Efficiency,12.0,Commercial LED Troffer & Panel,4 ft Linear Systems LED Integrated Luminaire,Efficacy,Reference,2023,Existing,high,False,
LED,commercial,Ref. Case,12.0,Commercial LED Troffer & Panel,4 ft Linear Systems LED Integrated Luminaire,Efficacy,Reference,2023,Typical,high,False,
VAV_Vent,commercial,Best,40.0,Variable Air Volume System - Standard, Commercial Variable Air Volume System,Annual Energy Use,Reference,2023,High,high,False,
VAV_Vent,commercial,ESTAR,40.0,Variable Air Volume System - Standard, Commercial Variable Air Volume System,Annual Energy Use,Reference,2023,Existing,high,False,
VAV_Vent,commercial,Min. Efficiency,40.0,Variable Air Volume System - Standard, Commercial Variable Air Volume System,Annual Energy Use,Reference,2023,Existing,high,False,
VAV_Vent,commercial,Ref. Case,40.0,Variable Air Volume System - Standard, Commercial Variable Air Volume System,Annual Energy Use,Reference,2023,Typical,high,False,
boiler (distillate),residential,Best,8.0,Boiler Oil,Oil-Fired Boilers,AFUE,Reference,2023,High,high,False,
boiler (distillate),residential,ESTAR,8.0,Boiler Oil,Oil-Fired Boilers,AFUE,Reference,2023,Existing,high,False,
boiler (distillate),residential,Min. Efficiency,8.0,Boiler Oil,Oil-Fired Boilers,AFUE,Reference,2023,Existing,high,False,
boiler (distillate),residential,Ref. Case,8.0,Boiler Oil,Oil-Fired Boilers,AFUE,Reference,2023,Typical,high,False,
central AC,residential,Best,12.0,Central Air Conditioner,,SEER1,Reference,2023,High,high,False,
central AC,residential,ESTAR,12.0,Central Air Conditioner,,SEER1,Reference,2023,Existing,high,False,
central AC,residential,Min. Efficiency,12.0,Central Air Conditioner,,SEER1,Reference,2023,Existing,high,False,
central AC,residential,Ref. Case,12.0,Central Air Conditioner,,SEER1,Reference,2023,Typical,high,False,
centrifugal_chiller,commercial,Best,17.0,Centrifugal Chillers Water-Cooled,Commercial Centrifugal Chillers (Water-Cooled),Efficiency (IPLV),Reference,2023,High,high,False,
centrifugal_chiller,commercial,ESTAR,17.0,Centrifugal Chillers Water-Cooled,Commercial Centrifugal Chillers (Water-Cooled),Efficiency (IPLV),Reference,2023,Existing,high,False,
centrifugal_chiller,commercial,Min. Efficiency,17.0,Centrifugal Chillers Water-Cooled,Commercial Centrifugal Chillers (Water-Cooled),Efficiency (IPLV),Reference,2023,Existing,high,False,
centrifugal_chiller,commercial,Ref. Case,17.0,Centrifugal Chillers Water-Cooled,Commercial Centrifugal Chillers (Water-Cooled),Efficiency (IPLV),Reference,2023,Typical,high,False,
comm_GSHP-cool,commercial,Best,10.0,Commercial Ground Source Heat Pump,Commercial Ground Source Heat Pump,Heating COP,Reference,2023,High,high,False,
comm_GSHP-cool,commercial,ESTAR,10.0,Commercial Ground Source Heat Pump,Commercial Ground Source Heat Pump,Heating COP,Reference,2023,Existing,high,False,
comm_GSHP-cool,commercial,Min. Efficiency,10.0,Commercial Ground Source Heat Pump,Commercial Ground Source Heat Pump,Heating COP,Reference,2023,Existing,high,False,
comm_GSHP-cool,commercial,Ref. Case,10.0,Commercial Ground Source Heat Pump,Commercial Ground Source Heat Pump,Heating COP,Reference,2023,Typical,high,False,
comm_GSHP-heat,commercial,Best,10.0,Commercial Ground Source Heat Pump,Commercial Ground Source Heat Pump,Heating COP,Reference,2023,High,high,False,
comm_GSHP-heat,commercial,ESTAR,10.0,Commercial Ground Source Heat Pump,Commercial Ground Source Heat Pump,Heating COP,Reference,2023,Existing,high,False,
comm_GSHP-heat,commercial,Min. Efficiency,10.0,Commercial Ground Source Heat Pump,Commercial Ground Source Heat Pump,Heating COP,Reference,2023,Existing,high,False,
comm_GSHP-heat,commercial,Ref. Case,10.0,Commercial Ground Source Heat Pump,Commercial Ground Source Heat Pump,Heating COP,Reference,2023,Typical,high,False,
dishwasher,residential,Best,44.0,Dishwasher,Dishwashers,Annual Energy Consumption,Reference,2023,High,high,False,
dishwasher,residential,ESTAR,44.0,Dishwasher,Dishwashers,Annual Energy Consumption,Reference,2023,Existing,high,False,
dishwasher,residential,Min. Efficiency,44.0,Dishwasher,Dishwashers,Annual Energy Consumption,Reference,2023,Existing,high,False,
dishwasher,residential,Ref. Case,44.0,Dishwasher,Dishwashers,Annual Energy Consumption,Reference,2023,Typical,high,False,
elec_boiler,commercial,Best,22.0,Boiler - Electric Hot Water,Commercial Electric Boilers,Efficiency,Reference,2023,High,high,False,
elec_boiler,commercial,ESTAR,22.0,Boiler - Electric Hot Water,Commercial Electric Boilers,Efficiency,Reference,2023,Existing,high,False,
elec_boiler,commercial,Min. Efficiency,22.0,Boiler - Electric Hot Water,Commercial Electric Boilers,Efficiency,Reference,2023,Existing,high,False,
elec_boiler,commercial,Ref. Case,22.0,Boiler - Electric Hot Water,Commercial Electric Boilers,Efficiency,Reference,2023,Typical,high,False,
elec_range-combined,commercial,Best,90.0,Commercial Electric Range with Griddle and Oven,Commercial Electric Range with Griddle and Oven,Combined Energy Efficiency,Reference,2023,High,high,False,
elec_range-combined,commercial,ESTAR,90.0,Commercial Electric Range with Griddle and Oven,Commercial Electric Range with Griddle and Oven,Combined Energy Efficiency,Reference,2023,Existing,high,False,
elec_range-combined,commercial,Min. Efficiency,90.0,Commercial Electric Range with Griddle and Oven,Commercial Electric Range with Griddle and Oven,Combined Energy Efficiency,Reference,2023,Existing,high,False,
elec_range-combined,commercial,Ref. Case,90.0,Commercial Electric Range with Griddle and Oven,Commercial Electric Range with Griddle and Oven,Combined Energy Efficiency,Reference,2023,Typical,high,False,
elec_res-heater,commercial,Best,63.0,Unit Heater Electric,Commercial Electric Resistance Heaters,Efficiency,Reference,2023,High,high,False,
elec_res-heater,commercial,ESTAR,63.0,Unit Heater Electric,Commercial Electric Resistance Heaters,Efficiency,Reference,2023,Existing,high,False,
elec_res-heater,commercial,Min. Efficiency,63.0,Unit Heater Electric,Commercial Electric Resistance Heaters,Efficiency,Reference,2023,Existing,high,False,
elec_res-heater,commercial,Ref. Case,63.0,Unit Heater Electric,Commercial Electric Resistance Heaters,Efficiency,Reference,2023,Typical,high,False,
elec_water_heater,residential,Best,162.0,Water Heater Electric Instantaneous,Residential Electric Instantaneous Water Heater,UEF,Reference,2023,High,high,False,
elec_water_heater,residential,ESTAR,162.0,Water Heater Electric Instantaneous,Residential Electric Instantaneous Water Heater,UEF,Reference,2023,Existing,high,False,
elec_water_heater,residential,Min. Efficiency,162.0,Water Heater Electric Instantaneous,Residential Electric Instantaneous Water Heater,UEF,Reference,2023,Existing,high,False,
elec_water_heater,residential,Ref. Case,162.0,Water Heater Electric Instantaneous,Residential Electric Instantaneous Water Heater,UEF,Reference,2023,Typical,high,False,
electric dryer,residential,Best,14.0,Clothes Dryer Electric, Clothes Dryers (Electric),Combined Energy Factor,Reference,2023,High,high,False,
electric dryer,residential,ESTAR,14.0,Clothes Dryer Electric, Clothes Dryers (Electric),Combined Energy Factor,Reference,2023,Existing,high,False,
electric dryer,residential,Min. Efficiency,14.0,Clothes Dryer Electric, Clothes Dryers (Electric),Combined Energy Factor,Reference,2023,Existing,high,False,
electric dryer,residential,Ref. Case,14.0,Clothes Dryer Electric, Clothes Dryers (Electric),Combined Energy Factor,Reference,2023,Typical,high,False,
electric range,residential,Best,27.0,Cooking Range Electric,Electric Ranges,Volume,Reference,2023,High,high,False,
electric range,residential,ESTAR,27.0,Cooking Range Electric,Electric Ranges,Volume,Reference,2023,Existing,high,False,
electric range,residential,Min. Efficiency,27.0,Cooking Range Electric,Electric Ranges,Volume,Reference,2023,Existing,high,False,
electric range,residential,Ref. Case,27.0,Cooking Range Electric,Electric Ranges,Volume,Reference,2023,Typical,high,False,
furnace (NG),residential,Best,91.0,Furnace Gas-fired,,AFUE,Reference,2023,High,high,False,
furnace (NG),residential,ESTAR,91.0,Furnace Gas-fired,,AFUE,Reference,2023,Existing,high,False,
furnace (NG),residential,Min. Efficiency,91.0,Furnace Gas-fired,,AFUE,Reference,2023,Existing,high,False,
furnace (NG),residential,Ref. Case,91.0,Furnace Gas-fired,,AFUE,Reference,2023,Typical,high,False,
furnace (distillate),residential,Best,92.0,Furnace Oil-Fired ,,AFUE,Reference,2023,High,high,False,
furnace (distillate),residential,ESTAR,92.0,Furnace Oil-Fired ,,AFUE,Reference,2023,Existing,high,False,
furnace (distillate),residential,Min. Efficiency,92.0,Furnace Oil-Fired ,,AFUE,Reference,2023,Existing,high,False,
furnace (distillate),residential,Ref. Case,92.0,Furnace Oil-Fired ,,AFUE,Reference,2023,Typical,high,False,
gas_boiler,commercial,Best,59.0,Commercial Boiler Gas-Fired,Commercial Gas-Fired Boilers,Thermal Efficiency,Reference,2023,High,high,False,
gas_boiler,commercial,ESTAR,59.0,Commercial Boiler Gas-Fired,Commercial Gas-Fired Boilers,Thermal Efficiency,Reference,2023,Existing,high,False,
gas_boiler,commercial,Min. Efficiency,59.0,Commercial Boiler Gas-Fired,Commercial Gas-Fired Boilers,Thermal Efficiency,Reference,2023,Existing,high,False,
gas_boiler,commercial,Ref. Case,59.0,Commercial Boiler Gas-Fired,Commercial Gas-Fired Boilers,Thermal Efficiency,Reference,2023,Typical,high,False,
gas_chiller,commercial,Best,29.0,Gas-Fired Chillers (Water-Cooled),"Commercial Gas-Fired Chillers (Water-Cooled, Direct-Fired Only)",Efficiency (IPLV),Reference,2023,High,high,False,
gas_chiller,commercial,ESTAR,29.0,Gas-Fired Chillers (Water-Cooled),"Commercial Gas-Fired Chillers (Water-Cooled, Direct-Fired Only)",Efficiency (IPLV),Reference,2023,Existing,high,False,
gas_chiller,commercial,Min. Efficiency,29.0,Gas-Fired Chillers (Water-Cooled),"Commercial Gas-Fired Chillers (Water-Cooled, Direct-Fired Only)",Efficiency (IPLV),Reference,2023,Existing,high,False,
gas_chiller,commercial,Ref. Case,29.0,Gas-Fired Chillers (Water-Cooled),"Commercial Gas-Fired Chillers (Water-Cooled, Direct-Fired Only)",Efficiency (IPLV),Reference,2023,Typical,high,False,
gas_eng-driven_RTAC,commercial,Best,32.0,Gas-Fired Engine-Drive Rooftop Air Conditioners - Standard,Gas-Fired Engine-Drive Rooftop Air Conditioners,COP,Reference,2023,High,high,False,
gas_eng-driven_RTAC,commercial,ESTAR,32.0,Gas-Fired Engine-Drive Rooftop Air Conditioners - Standard,Gas-Fired Engine-Drive Rooftop Air Conditioners,COP,Reference,2023,Existing,high,False,
gas_eng-driven_RTAC,commercial,Min. Efficiency,32.0,Gas-Fired Engine-Drive Rooftop Air Conditioners - Standard,Gas-Fired Engine-Drive Rooftop Air Conditioners,COP,Reference,2023,Existing,high,False,
gas_eng-driven_RTAC,commercial,Ref. Case,32.0,Gas-Fired Engine-Drive Rooftop Air Conditioners - Standard,Gas-Fired Engine-Drive Rooftop Air Conditioners,COP,Reference,2023,Typical,high,False,
gas_furnace,commercial,Best,20.0,Commercial Gas-Fired Furnaces,Commercial Gas-Fired Furnaces,Efficiency,Reference,2023,High,high,False,
gas_furnace,commercial,ESTAR,20.0,Commercial Gas-Fired Furnaces,Commercial Gas-Fired Furnaces,Efficiency,Reference,2023,Existing,high,False,
gas_furnace,commercial,Min. Efficiency,20.0,Commercial Gas-Fired Furnaces,Commercial Gas-Fired Furnaces,Efficiency,Reference,2023,Existing,high,False,
gas_furnace,commercial,Ref. Case,20.0,Commercial Gas-Fired Furnaces,Commercial Gas-Fired Furnaces,Efficiency,Reference,2023,Typical,high,False,
general service (LED),residential,Best,97.0,LED A19,60W Equivalent A19 LED,Efficacy,Reference,2023,High,high,False,
general service (LED),residential,ESTAR,97.0,LED A19,60W Equivalent A19 LED,Efficacy,Reference,2023,Existing,high,False,
general service (LED),residential,Min. Efficiency,97.0,LED A19,60W Equivalent A19 LED,Efficacy,Reference,2023,Existing,high,False,
general service (LED),residential,Ref. Case,97.0,LED A19,60W Equivalent A19 LED,Efficacy,Reference,2023,Typical,high,False,
induction,residential,Best,29.0,Cooking Range Induction,,Volume,Reference,2023,High,high,False,
induction,residential,ESTAR,29.0,Cooking Range Induction,,Volume,Reference,2023,Existing,high,False,
induction,residential,Min. Efficiency,29.0,Cooking Range Induction,,Volume,Reference,2023,Existing,high,False,
induction,residential,Ref. Case,29.0,Cooking Range Induction,,Volume,Reference,2023,Typical,high,False,
oil_boiler,commercial,Best,64.0,Commercial Boiler Oil,Commercial Oil-Fired Boilers,Efficiency,Reference,2023,High,high,False,
oil_boiler,commercial,ESTAR,64.0,Commercial Boiler Oil,Commercial Oil-Fired Boilers,Efficiency,Reference,2023,Existing,high,False,
oil_boiler,commercial,Min. Efficiency,64.0,Commercial Boiler Oil,Commercial Oil-Fired Boilers,Efficiency,Reference,2023,Existing,high,False,
oil_boiler,commercial,Ref. Case,64.0,Commercial Boiler Oil,Commercial Oil-Fired Boilers,Efficiency,Reference,2023,Typical,high,False,
oil_furnace,commercial,Best,19.0,Commercial Oil-Fired Furnaces,Commercial Oil-Fired Furnace,Efficiency,Reference,2023,High,high,False,
oil_furnace,commercial,ESTAR,19.0,Commercial Oil-Fired Furnaces,Commercial Oil-Fired Furnace,Efficiency,Reference,2023,Existing,high,False,
oil_furnace,commercial,Min. Efficiency,19.0,Commercial Oil-Fired Furnaces,Commercial Oil-Fired Furnace,Efficiency,Reference,2023,Existing,high,False,
oil_furnace,commercial,Ref. Case,19.0,Commercial Oil-Fired Furnaces,Commercial Oil-Fired Furnace,Efficiency,Reference,2023,Typical,high,False,
pkg_terminal_AC-cool,commercial,Best,25.0,Commercial Packaged Terminal Air Conditioner,Commercial Packaged Terminal Air Conditioner,EER,Reference,2023,High,high,False,
pkg_terminal_AC-cool,commercial,ESTAR,25.0,Commercial Packaged Terminal Air Conditioner,Commercial Packaged Terminal Air Conditioner,EER,Reference,2023,Existing,high,False,
pkg_terminal_AC-cool,commercial,Min. Efficiency,25.0,Commercial Packaged Terminal Air Conditioner,Commercial Packaged Terminal Air Conditioner,EER,Reference,2023,Existing,high,False,
pkg_terminal_AC-cool,commercial,Ref. Case,25.0,Commercial Packaged Terminal Air Conditioner,Commercial Packaged Terminal Air Conditioner,EER,Reference,2023,Typical,high,False,
pkg_terminal_HP-cool,commercial,Best,26.0,Heat Pump - Packaged Terminal,Packaged Terminal Heat Pumps,EER,Reference,2023,High,high,False,
pkg_terminal_HP-cool,commercial,ESTAR,26.0,Heat Pump - Packaged Terminal,Packaged Terminal Heat Pumps,EER,Reference,2023,Existing,high,False,
pkg_terminal_HP-cool,commercial,Min. Efficiency,26.0,Heat Pump - Packaged Terminal,Packaged Terminal Heat Pumps,EER,Reference,2023,Existing,high,False,
pkg_terminal_HP-cool,commercial,Ref. Case,26.0,Heat Pump - Packaged Terminal,Packaged Terminal Heat Pumps,EER,Reference,2023,Typical,high,False,
pkg_terminal_HP-heat,commercial,Best,26.0,Heat Pump - Packaged Terminal,Packaged Terminal Heat Pumps,EER,Reference,2023,High,high,False,
pkg_terminal_HP-heat,commercial,ESTAR,26.0,Heat Pump - Packaged Terminal,Packaged Terminal Heat Pumps,EER,Reference,2023,Existing,high,False,
pkg_terminal_HP-heat,commercial,Min. Efficiency,26.0,Heat Pump - Packaged Terminal,Packaged Terminal Heat Pumps,EER,Reference,2023,Existing,high,False,
pkg_terminal_HP-heat,commercial,Ref. Case,26.0,Heat Pump - Packaged Terminal,Packaged Terminal Heat Pumps,EER,Reference,2023,Typical,high,False,
reciprocating_chiller,commercial,Best,39.0,Reciprocating Chiller Air-Cooled,Commercial Reciprocating Chillers (Air-Cooled Only),Efficiency (IPLV),Reference,2023,High,high,False,
reciprocating_chiller,commercial,ESTAR,39.0,Reciprocating Chiller Air-Cooled,Commercial Reciprocating Chillers (Air-Cooled Only),Efficiency (IPLV),Reference,2023,Existing,high,False,
reciprocating_chiller,commercial,Min. Efficiency,39.0,Reciprocating Chiller Air-Cooled,Commercial Reciprocating Chillers (Air-Cooled Only),Efficiency (IPLV),Reference,2023,Existing,high,False,
reciprocating_chiller,commercial,Ref. Case,39.0,Reciprocating Chiller Air-Cooled,Commercial Reciprocating Chillers (Air-Cooled Only),Efficiency (IPLV),Reference,2023,Typical,high,False,
res_type_central_AC,residential,Best,12.0,Central Air Conditioner,,SEER1,Reference,2023,High,high,False,
res_type_central_AC,residential,ESTAR,12.0,Central Air Conditioner,,SEER1,Reference,2023,Existing,high,False,
res_type_central_AC,residential,Min. Efficiency,12.0,Central Air Conditioner,,SEER1,Reference,2023,Existing,high,False,
res_type_central_AC,residential,Ref. Case,12.0,Central Air Conditioner,,SEER1,Reference,2023,Typical,high,False,
resistance heat,residential,Best,90.0,Furnace Electric Resistance,,AFUE,Reference,2023,High,high,False,
resistance heat,residential,ESTAR,90.0,Furnace Electric Resistance,,AFUE,Reference,2023,Existing,high,False,
resistance heat,residential,Min. Efficiency,90.0,Furnace Electric Resistance,,AFUE,Reference,2023,Existing,high,False,
resistance heat,residential,Ref. Case,90.0,Furnace Electric Resistance,,AFUE,Reference,2023,Typical,high,False,
rooftop_AC,commercial,Best,24.0,Electric Rooftop Unit (RTU) AC,Electric Rooftop Unit (RTU) Air Conditioner,IEER,Reference,2023,High,high,False,
rooftop_AC,commercial,ESTAR,24.0,Electric Rooftop Unit (RTU) AC,Electric Rooftop Unit (RTU) Air Conditioner,IEER,Reference,2023,Existing,high,False,
rooftop_AC,commercial,Min. Efficiency,24.0,Electric Rooftop Unit (RTU) AC,Electric Rooftop Unit (RTU) Air Conditioner,IEER,Reference,2023,Existing,high,False,
rooftop_AC,commercial,Ref. Case,24.0,Electric Rooftop Unit (RTU) AC,Electric Rooftop Unit (RTU) Air Conditioner,IEER,Reference,2023,Typical,high,False,
rooftop_ASHP-cool,commercial,Best,1.0,RTU Heat Pump Standard,Rooftop Heat Pumps,IEER,Reference,2023,High,high,False,
rooftop_ASHP-cool,commercial,ESTAR,1.0,RTU Heat Pump Standard,Rooftop Heat Pumps,IEER,Reference,2023,Existing,high,False,
rooftop_ASHP-cool,commercial,Min. Efficiency,1.0,RTU Heat Pump Standard,Rooftop Heat Pumps,IEER,Reference,2023,Existing,high,False,
rooftop_ASHP-cool,commercial,Ref. Case,1.0,RTU Heat Pump Standard,Rooftop Heat Pumps,IEER,Reference,2023,Typical,high,False,
rooftop_ASHP-heat,commercial,Best,1.0,RTU Heat Pump Standard,Rooftop Heat Pumps,IEER,Reference,2023,High,high,False,
rooftop_ASHP-heat,commercial,ESTAR,1.0,RTU Heat Pump Standard,Rooftop Heat Pumps,IEER,Reference,2023,Existing,high,False,
rooftop_ASHP-heat,commercial,Min. Efficiency,1.0,RTU Heat Pump Standard,Rooftop Heat Pumps,IEER,Reference,2023,Existing,high,False,
rooftop_ASHP-heat,commercial,Ref. Case,1.0,RTU Heat Pump Standard,Rooftop Heat Pumps,IEER,Reference,2023,Typical,high,False,
room AC,residential,Best,124.0,Room Air Conditioner,Residential Room Air Conditioner,CEER,Reference,2023,High,high,False,
room AC,residential,ESTAR,124.0,Room Air Conditioner,Residential Room Air Conditioner,CEER,Reference,2023,Existing,high,False,
room AC,residential,Min. Efficiency,124.0,Room Air Conditioner,Residential Room Air Conditioner,CEER,Reference,2023,Existing,high,False,
room AC,residential,Ref. Case,124.0,Room Air Conditioner,Residential Room Air Conditioner,CEER,Reference,2023,Typical,high,False,
screw_chiller,commercial,Best,36.0,Screw Chiller Air-Cooled,Commercial Screw Chillers (Air-Cooled),Efficiency (IPLV),Reference,2023,High,high,False,
screw_chiller,commercial,ESTAR,36.0,Screw Chiller Air-Cooled,Commercial Screw Chillers (Air-Cooled),Efficiency (IPLV),Reference,2023,Existing,high,False,
screw_chiller,commercial,Min. Efficiency,36.0,Screw Chiller Air-Cooled,Commercial Screw Chillers (Air-Cooled),Efficiency (IPLV),Reference,2023,Existing,high,False,
screw_chiller,commercial,Ref. Case,36.0,Screw Chiller Air-Cooled,Commercial Screw Chillers (Air-Cooled),Efficiency (IPLV),Reference,2023,Typical,high,False,
scroll_chiller,commercial,Best,35.0,Scroll Chiller Air-Cooled,Commercial Scroll Chillers (Air-Cooled),Efficiency (IPLV),Reference,2023,High,high,False,
scroll_chiller,commercial,ESTAR,35.0,Scroll Chiller Air-Cooled,Commercial Scroll Chillers (Air-Cooled),Efficiency (IPLV),Reference,2023,Existing,high,False,
scroll_chiller,commercial,Min. Efficiency,35.0,Scroll Chiller Air-Cooled,Commercial Scroll Chillers (Air-Cooled),Efficiency (IPLV),Reference,2023,Existing,high,False,
scroll_chiller,commercial,Ref. Case,35.0,Scroll Chiller Air-Cooled,Commercial Scroll Chillers (Air-Cooled),Efficiency (IPLV),Reference,2023,Typical,high,False,
