Technology,End use,CDIV,TRE,FRCC,MISW,MISC,MISE,MISS,ISNE,NYCW,NYUP,PJME,PJMW,PJMC,PJMD,SRCA,SRSE,SRCE,SPPS,SPPC,SPPN,SRSG,CANO,CASO,NWPP,RMRG,BASN
rooftop_AC,cooling,1,0.0,0.0,0.0,0.0,0.0,0.0,1.0,0.0,0.0,0.0,0.0,0.0,0.0,0.0,0.0,0.0,0.0,0.0,0.0,0.0,0.0,0.0,0.0,0.0,0.0
rooftop_AC,cooling,2,0.0,0.0,0.0,0.0,0.0,0.0,0.0,0.2225767413126656,0.1932311555146331,0.5224442500148921,0.0617478531578091,0.0,0.0,0.0,0.0,0.0,0.0,0.0,0.0,0.0,0.0,0.0,0.0,0.0,0.0
rooftop_AC,cooling,3,0.0,0.0,0.0726958866069021,0.2049428606594505,0.1826510958644507,0.0,0.0,0.0,0.0,0.0,0.3968783267695715,0.142831830099625,0.0,0.0,0.0,0.0,0.0,0.0,0.0,0.0,0.0,0.0,0.0,0.0,0.0
rooftop_AC,cooling,4,0.0,0.0,0.2323941015895673,0.2454739353032999,0.0,0.0,0.0,0.0,0.0,0.0,0.0,0.0,0.0,0.0,0.0,0.0,0.0,0.3686999606264813,0.1512093801476037,0.0,0.0,0.0,0.0,0.0022226223330477,0.0
rooftop_AC,cooling,5,0.0,0.4359912907164527,0.0,0.0,0.0,0.0,0.0,0.0,0.0,0.0459575387980599,0.0371764998648987,0.0,0.0967818124317792,0.1966031322177687,0.1859260046788263,0.0015637212922141,0.0,0.0,0.0,0.0,0.0,0.0,0.0,0.0,0.0
rooftop_AC,cooling,6,0.0,0.0,0.0,0.0,0.0,0.0890331205468708,0.0,0.0,0.0,0.0,0.0128775069409909,0.0,0.0,0.0,0.3193238277841128,0.5787655447280255,0.0,0.0,0.0,0.0,0.0,0.0,0.0,0.0,0.0
rooftop_AC,cooling,7,0.6661138398849102,0.0,0.0,0.0,0.0,0.1646059078423125,0.0,0.0,0.0,0.0,0.0,0.0,0.0,0.0,0.0,0.0,0.1550072161776374,0.0,0.0,0.0142730360951398,0.0,0.0,0.0,0.0,0.0
rooftop_AC,cooling,8,0.0,0.0,0.0001633444997646,0.0,0.0,0.0,0.0,0.0,0.0,0.0,0.0,0.0,0.0,0.0,0.0,0.0,0.0065121915282853,0.0,0.000649601613959,0.5402181186363532,0.0,0.0,0.0232249357281806,0.1501074895268305,0.2791243184666265
rooftop_AC,cooling,9,0.0,0.0,0.0,0.0,0.0,0.0,0.0,0.0,0.0,0.0,0.0,0.0,0.0,0.0,0.0,0.0,0.0,0.0,0.0,0.0030812551028748,0.2924580094500187,0.5978869996342596,0.1065737358128469,0.0,0.0
pkg_terminal_HP-cool,cooling,1,0.0,0.0,0.0,0.0,0.0,0.0,1.0,0.0,0.0,0.0,0.0,0.0,0.0,0.0,0.0,0.0,0.0,0.0,0.0,0.0,0.0,0.0,0.0,0.0,0.0
pkg_terminal_HP-cool,cooling,2,0.0,0.0,0.0,0.0,0.0,0.0,0.0,0.1736052420720329,0.2375010382290648,0.5341179997538813,0.054775719945021,0.0,0.0,0.0,0.0,0.0,0.0,0.0,0.0,0.0,0.0,0.0,0.0,0.0,0.0
pkg_terminal_HP-cool,cooling,3,0.0,0.0,0.0885613030230111,0.2633340606209899,0.1292420145491399,0.0,0.0,0.0,0.0,0.0,0.458238059341489,0.06062456246537,0.0,0.0,0.0,0.0,0.0,0.0,0.0,0.0,0.0,0.0,0.0,0.0,0.0
pkg_terminal_HP-cool,cooling,4,0.0,0.0,0.2174816487209535,0.2434138241583362,0.0,0.0,0.0,0.0,0.0,0.0,0.0,0.0,0.0,0.0,0.0,0.0,0.0,0.3371312948391822,0.1952761605074544,0.0,0.0,0.0,0.0,0.0066970717740736,0.0
pkg_terminal_HP-cool,cooling,5,0.0,0.5645410097969977,0.0,0.0,0.0,0.0,0.0,0.0,0.0,0.0219936229620282,0.0234245004134308,0.0,0.0633844805964189,0.1764647195276036,0.1483648052764068,0.0018268614271138,0.0,0.0,0.0,0.0,0.0,0.0,0.0,0.0,0.0
pkg_terminal_HP-cool,cooling,6,0.0,0.0,0.0,0.0,0.0,0.0807574301724629,0.0,0.0,0.0,0.0,0.0104094276308747,0.0,0.0,0.0,0.3638019654632753,0.5450311767333871,0.0,0.0,0.0,0.0,0.0,0.0,0.0,0.0,0.0
pkg_terminal_HP-cool,cooling,7,0.6836289472733518,0.0,0.0,0.0,0.0,0.1821324001384826,0.0,0.0,0.0,0.0,0.0,0.0,0.0,0.0,0.0,0.0,0.1276548051020274,0.0,0.0,0.006583847486138,0.0,0.0,0.0,0.0,0.0
pkg_terminal_HP-cool,cooling,8,0.0,0.0,1.3017954903466625e-05,0.0,0.0,0.0,0.0,0.0,0.0,0.0,0.0,0.0,0.0,0.0,0.0,0.0,0.006016761725278,0.0,0.0005288312435754,0.7170599775067473,0.0,0.0,0.0202594643655651,0.0872501464519926,0.168871800751938
pkg_terminal_HP-cool,cooling,9,0.0,0.0,0.0,0.0,0.0,0.0,0.0,0.0,0.0,0.0,0.0,0.0,0.0,0.0,0.0,0.0,0.0,0.0,0.0,0.0059662641009903,0.2861589934319256,0.5108798365435422,0.1969949059235419,0.0,0.0
rooftop_ASHP-cool,cooling,1,0.0,0.0,0.0,0.0,0.0,0.0,1.0,0.0,0.0,0.0,0.0,0.0,0.0,0.0,0.0,0.0,0.0,0.0,0.0,0.0,0.0,0.0,0.0,0.0,0.0
rooftop_ASHP-cool,cooling,2,0.0,0.0,0.0,0.0,0.0,0.0,0.0,0.1405751861786285,0.1992671191568196,0.6020822636673133,0.0580754309972385,0.0,0.0,0.0,0.0,0.0,0.0,0.0,0.0,0.0,0.0,0.0,0.0,0.0,0.0
rooftop_ASHP-cool,cooling,3,0.0,0.0,0.0512370622950379,0.3048458555464947,0.0981848745199248,0.0,0.0,0.0,0.0,0.0,0.4838261529890601,0.0619060546494823,0.0,0.0,0.0,0.0,0.0,0.0,0.0,0.0,0.0,0.0,0.0,0.0,0.0
rooftop_ASHP-cool,cooling,4,0.0,0.0,0.1347804316246005,0.2929136559480075,0.0,0.0,0.0,0.0,0.0,0.0,0.0,0.0,0.0,0.0,0.0,0.0,0.0,0.4294010649610766,0.1409238324993484,0.0,0.0,0.0,0.0,0.0019810149669669,0.0
rooftop_ASHP-cool,cooling,5,0.0,0.5944760056899073,0.0,0.0,0.0,0.0,0.0,0.0,0.0,0.0217138161222947,0.0211292825698022,0.0,0.0566543309198271,0.1657304140266309,0.1382596133618806,0.0020365373096568,0.0,0.0,0.0,0.0,0.0,0.0,0.0,0.0,0.0
rooftop_ASHP-cool,cooling,6,0.0,0.0,0.0,0.0,0.0,0.0761560967880332,0.0,0.0,0.0,0.0,0.0115609036291515,0.0,0.0,0.0,0.3563002195967097,0.5559827799861056,0.0,0.0,0.0,0.0,0.0,0.0,0.0,0.0,0.0
rooftop_ASHP-cool,cooling,7,0.6929457313869744,0.0,0.0,0.0,0.0,0.1811444286846443,0.0,0.0,0.0,0.0,0.0,0.0,0.0,0.0,0.0,0.0,0.1207940855521192,0.0,0.0,0.0051157543762619,0.0,0.0,0.0,0.0,0.0
rooftop_ASHP-cool,cooling,8,0.0,0.0,0.0001525836532857,0.0,0.0,0.0,0.0,0.0,0.0,0.0,0.0,0.0,0.0,0.0,0.0,0.0,0.0051240911066233,0.0,0.0005046345764163,0.7490119743416316,0.0,0.0,0.0183830348978438,0.0712396427620069,0.155584038662192
rooftop_ASHP-cool,cooling,9,0.0,0.0,0.0,0.0,0.0,0.0,0.0,0.0,0.0,0.0,0.0,0.0,0.0,0.0,0.0,0.0,0.0,0.0,0.0,0.0044449266720604,0.2672273730952556,0.5209731065816253,0.2073545936510585,0.0,0.0
res_type_central_AC,cooling,1,0.0,0.0,0.0,0.0,0.0,0.0,1.0,0.0,0.0,0.0,0.0,0.0,0.0,0.0,0.0,0.0,0.0,0.0,0.0,0.0,0.0,0.0,0.0,0.0,0.0
res_type_central_AC,cooling,2,0.0,0.0,0.0,0.0,0.0,0.0,0.0,0.3271338986583547,0.2148827432131949,0.4044329318290862,0.0535504262993641,0.0,0.0,0.0,0.0,0.0,0.0,0.0,0.0,0.0,0.0,0.0,0.0,0.0,0.0
res_type_central_AC,cooling,3,0.0,0.0,0.0922900493366181,0.1834013621912179,0.2060579477638957,0.0,0.0,0.0,0.0,0.0,0.3721363965336896,0.1461142441745786,0.0,0.0,0.0,0.0,0.0,0.0,0.0,0.0,0.0,0.0,0.0,0.0,0.0
res_type_central_AC,cooling,4,0.0,0.0,0.2390148461830728,0.1966967997135422,0.0,0.0,0.0,0.0,0.0,0.0,0.0,0.0,0.0,0.0,0.0,0.0,0.0,0.3998219474521908,0.1594613550982162,0.0,0.0,0.0,0.0,0.0050050515529779,0.0
res_type_central_AC,cooling,5,0.0,0.1350766784090249,0.0,0.0,0.0,0.0,0.0,0.0,0.0,0.0788374797181577,0.0627540419353924,0.0,0.1461762011425411,0.2856174391008426,0.2889801016325243,0.0025580580615167,0.0,0.0,0.0,0.0,0.0,0.0,0.0,0.0,0.0
res_type_central_AC,cooling,6,0.0,0.0,0.0,0.0,0.0,0.1288826776442832,0.0,0.0,0.0,0.0,0.0128263551930848,0.0,0.0,0.0,0.3090450259207455,0.5492459412418864,0.0,0.0,0.0,0.0,0.0,0.0,0.0,0.0,0.0
res_type_central_AC,cooling,7,0.599335505440107,0.0,0.0,0.0,0.0,0.1616921835147782,0.0,0.0,0.0,0.0,0.0,0.0,0.0,0.0,0.0,0.0,0.2103027593285355,0.0,0.0,0.0286695517165792,0.0,0.0,0.0,0.0,0.0
res_type_central_AC,cooling,8,0.0,0.0,0.0003810192593596,0.0,0.0,0.0,0.0,0.0,0.0,0.0,0.0,0.0,0.0,0.0,0.0,0.0,0.0059374829923143,0.0,0.0011893825944216,0.4573311564513542,0.0,0.0,0.0377002373822814,0.1981807428310174,0.2992799784892513
res_type_central_AC,cooling,9,0.0,0.0,0.0,0.0,0.0,0.0,0.0,0.0,0.0,0.0,0.0,0.0,0.0,0.0,0.0,0.0,0.0,0.0,0.0,0.0017577104266967,0.3145359188892354,0.5741307289570963,0.1095756417269715,0.0,0.0
wall-window_room_AC,cooling,1,0.0,0.0,0.0,0.0,0.0,0.0,1.0,0.0,0.0,0.0,0.0,0.0,0.0,0.0,0.0,0.0,0.0,0.0,0.0,0.0,0.0,0.0,0.0,0.0,0.0
wall-window_room_AC,cooling,2,0.0,0.0,0.0,0.0,0.0,0.0,0.0,0.3271338986583547,0.2148827432131949,0.4044329318290862,0.0535504262993641,0.0,0.0,0.0,0.0,0.0,0.0,0.0,0.0,0.0,0.0,0.0,0.0,0.0,0.0
wall-window_room_AC,cooling,3,0.0,0.0,0.0922900493366181,0.1834013621912179,0.2060579477638957,0.0,0.0,0.0,0.0,0.0,0.3721363965336896,0.1461142441745786,0.0,0.0,0.0,0.0,0.0,0.0,0.0,0.0,0.0,0.0,0.0,0.0,0.0
wall-window_room_AC,cooling,4,0.0,0.0,0.2390148461830728,0.1966967997135422,0.0,0.0,0.0,0.0,0.0,0.0,0.0,0.0,0.0,0.0,0.0,0.0,0.0,0.3998219474521908,0.1594613550982162,0.0,0.0,0.0,0.0,0.0050050515529779,0.0
wall-window_room_AC,cooling,5,0.0,0.1350766784090249,0.0,0.0,0.0,0.0,0.0,0.0,0.0,0.0788374797181577,0.0627540419353924,0.0,0.1461762011425411,0.2856174391008426,0.2889801016325243,0.0025580580615167,0.0,0.0,0.0,0.0,0.0,0.0,0.0,0.0,0.0
wall-window_room_AC,cooling,6,0.0,0.0,0.0,0.0,0.0,0.1288826776442832,0.0,0.0,0.0,0.0,0.0128263551930848,0.0,0.0,0.0,0.3090450259207455,0.5492459412418864,0.0,0.0,0.0,0.0,0.0,0.0,0.0,0.0,0.0
wall-window_room_AC,cooling,7,0.599335505440107,0.0,0.0,0.0,0.0,0.1616921835147782,0.0,0.0,0.0,0.0,0.0,0.0,0.0,0.0,0.0,0.0,0.2103027593285355,0.0,0.0,0.0286695517165792,0.0,0.0,0.0,0.0,0.0
wall-window_room_AC,cooling,8,0.0,0.0,0.0003810192593596,0.0,0.0,0.0,0.0,0.0,0.0,0.0,0.0,0.0,0.0,0.0,0.0,0.0,0.0059374829923143,0.0,0.0011893825944216,0.4573311564513542,0.0,0.0,0.0377002373822814,0.1981807428310174,0.2992799784892513
wall-window_room_AC,cooling,9,0.0,0.0,0.0,0.0,0.0,0.0,0.0,0.0,0.0,0.0,0.0,0.0,0.0,0.0,0.0,0.0,0.0,0.0,0.0,0.0017577104266967,0.3145359188892354,0.5741307289570963,0.1095756417269715,0.0,0.0
pkg_terminal_AC-cool,cooling,1,0.0,0.0,0.0,0.0,0.0,0.0,1.0,0.0,0.0,0.0,0.0,0.0,0.0,0.0,0.0,0.0,0.0,0.0,0.0,0.0,0.0,0.0,0.0,0.0,0.0
pkg_terminal_AC-cool,cooling,2,0.0,0.0,0.0,0.0,0.0,0.0,0.0,0.3013942747345298,0.2440563625645605,0.4020290828759462,0.0525202798249633,0.0,0.0,0.0,0.0,0.0,0.0,0.0,0.0,0.0,0.0,0.0,0.0,0.0,0.0
pkg_terminal_AC-cool,cooling,3,0.0,0.0,0.1087664466360449,0.2058508838528735,0.1715374563203913,0.0,0.0,0.0,0.0,0.0,0.3668546649204165,0.1469905482702737,0.0,0.0,0.0,0.0,0.0,0.0,0.0,0.0,0.0,0.0,0.0,0.0,0.0
pkg_terminal_AC-cool,cooling,4,0.0,0.0,0.3169521585808225,0.175849624244264,0.0,0.0,0.0,0.0,0.0,0.0,0.0,0.0,0.0,0.0,0.0,0.0,0.0,0.3242701276777131,0.1775875452017749,0.0,0.0,0.0,0.0,0.0053405442954255,0.0
pkg_terminal_AC-cool,cooling,5,0.0,0.5187556089035128,0.0,0.0,0.0,0.0,0.0,0.0,0.0,0.0309094890265131,0.0280299773746968,0.0,0.1060437811334253,0.1750880208636973,0.139641673067767,0.0015314496303873,0.0,0.0,0.0,0.0,0.0,0.0,0.0,0.0,0.0
pkg_terminal_AC-cool,cooling,6,0.0,0.0,0.0,0.0,0.0,0.0794341631874748,0.0,0.0,0.0,0.0,0.0113437387478545,0.0,0.0,0.0,0.2608687492840695,0.648353348780601,0.0,0.0,0.0,0.0,0.0,0.0,0.0,0.0,0.0
pkg_terminal_AC-cool,cooling,7,0.6823251625849656,0.0,0.0,0.0,0.0,0.1475064404914725,0.0,0.0,0.0,0.0,0.0,0.0,0.0,0.0,0.0,0.0,0.1627984526078178,0.0,0.0,0.0073699443157439,0.0,0.0,0.0,0.0,0.0
pkg_terminal_AC-cool,cooling,8,0.0,0.0,0.0002514593595484,0.0,0.0,0.0,0.0,0.0,0.0,0.0,0.0,0.0,0.0,0.0,0.0,0.0,0.005530004980108,0.0,0.0012313548332029,0.4825978787642094,0.0,0.0,0.0436146246354332,0.1942940563430065,0.2724806210844913
pkg_terminal_AC-cool,cooling,9,0.0,0.0,0.0,0.0,0.0,0.0,0.0,0.0,0.0,0.0,0.0,0.0,0.0,0.0,0.0,0.0,0.0,0.0,0.0,0.0015951354759426,0.2736881172885483,0.4493935831068867,0.2753231641286221,0.0,0.0
comm_GSHP-cool,cooling,1,0.0,0.0,0.0,0.0,0.0,0.0,1.0,0.0,0.0,0.0,0.0,0.0,0.0,0.0,0.0,0.0,0.0,0.0,0.0,0.0,0.0,0.0,0.0,0.0,0.0
comm_GSHP-cool,cooling,2,0.0,0.0,0.0,0.0,0.0,0.0,0.0,0.5380975718286446,0.0692702795962415,0.3315817343052719,0.0610504142698419,0.0,0.0,0.0,0.0,0.0,0.0,0.0,0.0,0.0,0.0,0.0,0.0,0.0,0.0
comm_GSHP-cool,cooling,3,0.0,0.0,0.0531185347455502,0.156130518234716,0.2785151156665832,0.0,0.0,0.0,0.0,0.0,0.4052042449619328,0.1070315863912177,0.0,0.0,0.0,0.0,0.0,0.0,0.0,0.0,0.0,0.0,0.0,0.0,0.0
comm_GSHP-cool,cooling,4,0.0,0.0,0.295397699754206,0.2294186619486351,0.0,0.0,0.0,0.0,0.0,0.0,0.0,0.0,0.0,0.0,0.0,0.0,0.0,0.3829705601268512,0.0891078486362565,0.0,0.0,0.0,0.0,0.0031052295340509,0.0
comm_GSHP-cool,cooling,5,0.0,0.3020007633717263,0.0,0.0,0.0,0.0,0.0,0.0,0.0,0.0512629705246437,0.0314935905529233,0.0,0.1890802745666626,0.1981643666719351,0.2259055216656655,0.0020925126464433,0.0,0.0,0.0,0.0,0.0,0.0,0.0,0.0,0.0
comm_GSHP-cool,cooling,6,0.0,0.0,0.0,0.0,0.0,0.0965972659945123,0.0,0.0,0.0,0.0,0.0155886958425086,0.0,0.0,0.0,0.2911067379575807,0.5967073002053983,0.0,0.0,0.0,0.0,0.0,0.0,0.0,0.0,0.0
comm_GSHP-cool,cooling,7,0.7469248145099523,0.0,0.0,0.0,0.0,0.1454150416961025,0.0,0.0,0.0,0.0,0.0,0.0,0.0,0.0,0.0,0.0,0.1028181749185448,0.0,0.0,0.0048419688754002,0.0,0.0,0.0,0.0,0.0
comm_GSHP-cool,cooling,8,0.0,0.0,1.407579936853192e-05,0.0,0.0,0.0,0.0,0.0,0.0,0.0,0.0,0.0,0.0,0.0,0.0,0.0,0.0052857439468843,0.0,0.0012133083870189,0.3852879768198785,0.0,0.0,0.0335708220916394,0.4409113195641432,0.1337167533910671
comm_GSHP-cool,cooling,9,0.0,0.0,0.0,0.0,0.0,0.0,0.0,0.0,0.0,0.0,0.0,0.0,0.0,0.0,0.0,0.0,0.0,0.0,0.0,0.0,0.0,0.0,1.0,0.0,0.0
chiller,cooling,1,0.0,0.0,0.0,0.0,0.0,0.0,1.0,0.0,0.0,0.0,0.0,0.0,0.0,0.0,0.0,0.0,0.0,0.0,0.0,0.0,0.0,0.0,0.0,0.0,0.0
chiller,cooling,2,0.0,0.0,0.0,0.0,0.0,0.0,0.0,0.4906955582003016,0.0884391197281315,0.3781940927856853,0.0426712292858815,0.0,0.0,0.0,0.0,0.0,0.0,0.0,0.0,0.0,0.0,0.0,0.0,0.0,0.0
chiller,cooling,3,0.0,0.0,0.0725624891114151,0.1525912330051903,0.1819182546291219,0.0,0.0,0.0,0.0,0.0,0.3515705281687177,0.241357495085555,0.0,0.0,0.0,0.0,0.0,0.0,0.0,0.0,0.0,0.0,0.0,0.0,0.0
chiller,cooling,4,0.0,0.0,0.3281932177735936,0.2472812928941228,0.0,0.0,0.0,0.0,0.0,0.0,0.0,0.0,0.0,0.0,0.0,0.0,0.0,0.3236229460740149,0.1004347929981541,0.0,0.0,0.0,0.0,0.0004677502601144,0.0
chiller,cooling,5,0.0,0.3210605914682464,0.0,0.0,0.0,0.0,0.0,0.0,0.0,0.0715883868127801,0.0525859831844585,0.0,0.2410341127145509,0.1476485077832253,0.1654512470588022,0.0006311709779364,0.0,0.0,0.0,0.0,0.0,0.0,0.0,0.0,0.0
chiller,cooling,6,0.0,0.0,0.0,0.0,0.0,0.085845629926534,0.0,0.0,0.0,0.0,0.016726380156598,0.0,0.0,0.0,0.2265092288198526,0.6709187610970153,0.0,0.0,0.0,0.0,0.0,0.0,0.0,0.0,0.0
chiller,cooling,7,0.7859095944051658,0.0,0.0,0.0,0.0,0.1136301892197957,0.0,0.0,0.0,0.0,0.0,0.0,0.0,0.0,0.0,0.0,0.0939837097315405,0.0,0.0,0.0064765066434979,0.0,0.0,0.0,0.0,0.0
chiller,cooling,8,0.0,0.0,0.0,0.0,0.0,0.0,0.0,0.0,0.0,0.0,0.0,0.0,0.0,0.0,0.0,0.0,0.0051131961069438,0.0,0.0001693152781973,0.4348226562251795,0.0,0.0,0.0078124085729458,0.3011962151721785,0.2508862086445548
chiller,cooling,9,0.0,0.0,0.0,0.0,0.0,0.0,0.0,0.0,0.0,0.0,0.0,0.0,0.0,0.0,0.0,0.0,0.0,0.0,0.0,0.0005312747511172,0.3258560032785899,0.5756716037492204,0.0979411182210723,0.0,0.0
resistance,heating,1,0.0,0.0,0.0,0.0,0.0,0.0,1.0,0.0,0.0,0.0,0.0,0.0,0.0,0.0,0.0,0.0,0.0,0.0,0.0,0.0,0.0,0.0,0.0,0.0,0.0
resistance,heating,2,0.0,0.0,0.0,0.0,0.0,0.0,0.0,0.1798053956125318,0.2736719855427543,0.4933024638996758,0.053220154945038,0.0,0.0,0.0,0.0,0.0,0.0,0.0,0.0,0.0,0.0,0.0,0.0,0.0,0.0
resistance,heating,3,0.0,0.0,0.1036069299549891,0.2039294548260411,0.1336995002507389,0.0,0.0,0.0,0.0,0.0,0.4220103027721351,0.1367538121960956,0.0,0.0,0.0,0.0,0.0,0.0,0.0,0.0,0.0,0.0,0.0,0.0,0.0
resistance,heating,4,0.0,0.0,0.3992848199086933,0.1427453890983324,0.0,0.0,0.0,0.0,0.0,0.0,0.0,0.0,0.0,0.0,0.0,0.0,0.0,0.1934844602618883,0.2603947359182944,0.0,0.0,0.0,0.0,0.0040905948127912,0.0
resistance,heating,5,0.0,0.085228655285849,0.0,0.0,0.0,0.0,0.0,0.0,0.0,0.1226970187047438,0.1003805950541857,0.0,0.2074538143744843,0.3067251295548865,0.1728067442266387,0.0047080427992117,0.0,0.0,0.0,0.0,0.0,0.0,0.0,0.0,0.0
resistance,heating,6,0.0,0.0,0.0,0.0,0.0,0.0485848775456142,0.0,0.0,0.0,0.0,0.0250618087332894,0.0,0.0,0.0,0.1831417644039496,0.7432115493171467,0.0,0.0,0.0,0.0,0.0,0.0,0.0,0.0,0.0
resistance,heating,7,0.5524109311738102,0.0,0.0,0.0,0.0,0.1445106860889136,0.0,0.0,0.0,0.0,0.0,0.0,0.0,0.0,0.0,0.0,0.2945619119831762,0.0,0.0,0.0085164707540998,0.0,0.0,0.0,0.0,0.0
resistance,heating,8,0.0,0.0,0.0008501893976156,0.0,0.0,0.0,0.0,0.0,0.0,0.0,0.0,0.0,0.0,0.0,0.0,0.0,0.0053409352140062,0.0,0.0031577621832977,0.1268114796517255,0.0,0.0,0.1421600049852554,0.4291421386801441,0.2925374898879551
resistance,heating,9,0.0,0.0,0.0,0.0,0.0,0.0,0.0,0.0,0.0,0.0,0.0,0.0,0.0,0.0,0.0,0.0,0.0,0.0,0.0,0.0013904857449706,0.2518018173862027,0.2966968392018668,0.4501108576669599,0.0,0.0
pkg_terminal_HP-heat,heating,1,0.0,0.0,0.0,0.0,0.0,0.0,1.0,0.0,0.0,0.0,0.0,0.0,0.0,0.0,0.0,0.0,0.0,0.0,0.0,0.0,0.0,0.0,0.0,0.0,0.0
pkg_terminal_HP-heat,heating,2,0.0,0.0,0.0,0.0,0.0,0.0,0.0,0.0922857579908655,0.3384233384732672,0.4990177382715345,0.0702731652643327,0.0,0.0,0.0,0.0,0.0,0.0,0.0,0.0,0.0,0.0,0.0,0.0,0.0,0.0
pkg_terminal_HP-heat,heating,3,0.0,0.0,0.1286638278959942,0.2281578642236551,0.1267691067865853,0.0,0.0,0.0,0.0,0.0,0.4422631645007998,0.0741460365929653,0.0,0.0,0.0,0.0,0.0,0.0,0.0,0.0,0.0,0.0,0.0,0.0,0.0
pkg_terminal_HP-heat,heating,4,0.0,0.0,0.3456926487238611,0.1150690907190821,0.0,0.0,0.0,0.0,0.0,0.0,0.0,0.0,0.0,0.0,0.0,0.0,0.0,0.1657270580984738,0.3632470624370756,0.0,0.0,0.0,0.0,0.0102641400215071,0.0
pkg_terminal_HP-heat,heating,5,0.0,0.0621153961385061,0.0,0.0,0.0,0.0,0.0,0.0,0.0,0.1314165051388459,0.1277374675763296,0.0,0.1798612193453396,0.345109080671376,0.1487945979270308,0.0049657332025717,0.0,0.0,0.0,0.0,0.0,0.0,0.0,0.0,0.0
pkg_terminal_HP-heat,heating,6,0.0,0.0,0.0,0.0,0.0,0.0495517258995175,0.0,0.0,0.0,0.0,0.0253208713442719,0.0,0.0,0.0,0.1840337687396037,0.7410936340166068,0.0,0.0,0.0,0.0,0.0,0.0,0.0,0.0,0.0
pkg_terminal_HP-heat,heating,7,0.4740057571164069,0.0,0.0,0.0,0.0,0.1511847493299902,0.0,0.0,0.0,0.0,0.0,0.0,0.0,0.0,0.0,0.0,0.3651642152698917,0.0,0.0,0.0096452782837112,0.0,0.0,0.0,0.0,0.0
pkg_terminal_HP-heat,heating,8,0.0,0.0,0.0007028155219453,0.0,0.0,0.0,0.0,0.0,0.0,0.0,0.0,0.0,0.0,0.0,0.0,0.0,0.0077977694897849,0.0,0.0049499022454153,0.078576740637482,0.0,0.0,0.1810000246531635,0.4070206982908388,0.3199520491613699
pkg_terminal_HP-heat,heating,9,0.0,0.0,0.0,0.0,0.0,0.0,0.0,0.0,0.0,0.0,0.0,0.0,0.0,0.0,0.0,0.0,0.0,0.0,0.0,0.0007244196147823,0.1680581765749826,0.2199487103490428,0.6112686934611923,0.0,0.0
rooftop_ASHP-heat,heating,1,0.0,0.0,0.0,0.0,0.0,0.0,1.0,0.0,0.0,0.0,0.0,0.0,0.0,0.0,0.0,0.0,0.0,0.0,0.0,0.0,0.0,0.0,0.0,0.0,0.0
rooftop_ASHP-heat,heating,2,0.0,0.0,0.0,0.0,0.0,0.0,0.0,0.0972958221683091,0.3350448052816894,0.5053154179011018,0.0623439546488994,0.0,0.0,0.0,0.0,0.0,0.0,0.0,0.0,0.0,0.0,0.0,0.0,0.0,0.0
rooftop_ASHP-heat,heating,3,0.0,0.0,0.0935567176795804,0.2331603731257031,0.115459508675006,0.0,0.0,0.0,0.0,0.0,0.4842323053732755,0.0735910951464348,0.0,0.0,0.0,0.0,0.0,0.0,0.0,0.0,0.0,0.0,0.0,0.0,0.0
rooftop_ASHP-heat,heating,4,0.0,0.0,0.3193857428866862,0.169550490083027,0.0,0.0,0.0,0.0,0.0,0.0,0.0,0.0,0.0,0.0,0.0,0.0,0.0,0.2389165144098992,0.2671931413363548,0.0,0.0,0.0,0.0,0.0049541112840327,0.0
rooftop_ASHP-heat,heating,5,0.0,0.0568386440548519,0.0,0.0,0.0,0.0,0.0,0.0,0.0,0.117580670628149,0.1049282407755534,0.0,0.190404700848038,0.3522688855122695,0.1712190154549945,0.0067598427261435,0.0,0.0,0.0,0.0,0.0,0.0,0.0,0.0,0.0
rooftop_ASHP-heat,heating,6,0.0,0.0,0.0,0.0,0.0,0.0462199945481759,0.0,0.0,0.0,0.0,0.0266877284119758,0.0,0.0,0.0,0.182867127974821,0.7442251490650271,0.0,0.0,0.0,0.0,0.0,0.0,0.0,0.0,0.0
rooftop_ASHP-heat,heating,7,0.5168091378381386,0.0,0.0,0.0,0.0,0.1507722000999787,0.0,0.0,0.0,0.0,0.0,0.0,0.0,0.0,0.0,0.0,0.325643930356818,0.0,0.0,0.0067747317050645,0.0,0.0,0.0,0.0,0.0
rooftop_ASHP-heat,heating,8,0.0,0.0,0.0020746839094847,0.0,0.0,0.0,0.0,0.0,0.0,0.0,0.0,0.0,0.0,0.0,0.0,0.0,0.0037267157434673,0.0,0.0077224442459148,0.0954123502496077,0.0,0.0,0.2460189261233312,0.3652947478941442,0.27975013183405
rooftop_ASHP-heat,heating,9,0.0,0.0,0.0,0.0,0.0,0.0,0.0,0.0,0.0,0.0,0.0,0.0,0.0,0.0,0.0,0.0,0.0,0.0,0.0,0.0012142590006233,0.1360723866399801,0.2126926136962624,0.650020740663134,0.0,0.0
comm_GSHP-heat,heating,1,0.0,0.0,0.0,0.0,0.0,0.0,1.0,0.0,0.0,0.0,0.0,0.0,0.0,0.0,0.0,0.0,0.0,0.0,0.0,0.0,0.0,0.0,0.0,0.0,0.0
comm_GSHP-heat,heating,2,0.0,0.0,0.0,0.0,0.0,0.0,0.0,0.3941299954418108,0.1833824925879568,0.3729273148021693,0.0495601971680631,0.0,0.0,0.0,0.0,0.0,0.0,0.0,0.0,0.0,0.0,0.0,0.0,0.0,0.0
comm_GSHP-heat,heating,3,0.0,0.0,0.0425161575914202,0.2130096966929629,0.1897797220133257,0.0,0.0,0.0,0.0,0.0,0.428058251180239,0.1266361725220521,0.0,0.0,0.0,0.0,0.0,0.0,0.0,0.0,0.0,0.0,0.0,0.0,0.0
comm_GSHP-heat,heating,4,0.0,0.0,0.4269144886170972,0.1668069487714257,0.0,0.0,0.0,0.0,0.0,0.0,0.0,0.0,0.0,0.0,0.0,0.0,0.0,0.2092342129257128,0.1928286768456429,0.0,0.0,0.0,0.0,0.0042156728401211,0.0
comm_GSHP-heat,heating,5,0.0,0.1157928494957677,0.0,0.0,0.0,0.0,0.0,0.0,0.0,0.0927357339994524,0.0535610777516224,0.0,0.244173725733201,0.2880455117940226,0.1989028891670418,0.0067882120588918,0.0,0.0,0.0,0.0,0.0,0.0,0.0,0.0,0.0
comm_GSHP-heat,heating,6,0.0,0.0,0.0,0.0,0.0,0.0678741625873717,0.0,0.0,0.0,0.0,0.030381689727914,0.0,0.0,0.0,0.2089610894127579,0.6927830582719563,0.0,0.0,0.0,0.0,0.0,0.0,0.0,0.0,0.0
comm_GSHP-heat,heating,7,0.6311120070957552,0.0,0.0,0.0,0.0,0.1523289243615892,0.0,0.0,0.0,0.0,0.0,0.0,0.0,0.0,0.0,0.0,0.2122465840161039,0.0,0.0,0.0043124845265515,0.0,0.0,0.0,0.0,0.0
comm_GSHP-heat,heating,8,0.0,0.0,0.0001178600977707,0.0,0.0,0.0,0.0,0.0,0.0,0.0,0.0,0.0,0.0,0.0,0.0,0.0,0.0038248648942119,0.0,0.0045910071774423,0.1184070884471549,0.0,0.0,0.153911384122338,0.4995419157093917,0.2196058795516904
comm_GSHP-heat,heating,9,0.0,0.0,0.0,0.0,0.0,0.0,0.0,0.0,0.0,0.0,0.0,0.0,0.0,0.0,0.0,0.0,0.0,0.0,0.0,0.0,0.0,0.0,1.0,0.0,0.0
all,heating,1,0.0,0.0,0.0,0.0,0.0,0.0,1.0,0.0,0.0,0.0,0.0,0.0,0.0,0.0,0.0,0.0,0.0,0.0,0.0,0.0,0.0,0.0,0.0,0.0,0.0
all,heating,2,0.0,0.0,0.0,0.0,0.0,0.0,0.0,0.1787768922812447,0.2772552064502723,0.4903298173379646,0.0536380839305183,0.0,0.0,0.0,0.0,0.0,0.0,0.0,0.0,0.0,0.0,0.0,0.0,0.0,0.0
all,heating,3,0.0,0.0,0.102348027870026,0.2055218509334105,0.1333706793493246,0.0,0.0,0.0,0.0,0.0,0.4228805333372284,0.1358789085100102,0.0,0.0,0.0,0.0,0.0,0.0,0.0,0.0,0.0,0.0,0.0,0.0,0.0
all,heating,4,0.0,0.0,0.3944793331581849,0.1431560722935871,0.0,0.0,0.0,0.0,0.0,0.0,0.0,0.0,0.0,0.0,0.0,0.0,0.0,0.194635927949309,0.2633234013180751,0.0,0.0,0.0,0.0,0.0044052652808439,0.0
all,heating,5,0.0,0.0836631894820566,0.0,0.0,0.0,0.0,0.0,0.0,0.0,0.1229475700737983,0.1008001078170751,0.0,0.2063122729725,0.3092081284767454,0.1722187797139733,0.0048499514638509,0.0,0.0,0.0,0.0,0.0,0.0,0.0,0.0,0.0
all,heating,6,0.0,0.0,0.0,0.0,0.0,0.0493745689184852,0.0,0.0,0.0,0.0,0.0252750269326235,0.0,0.0,0.0,0.1846492469726973,0.7407011571761939,0.0,0.0,0.0,0.0,0.0,0.0,0.0,0.0,0.0
all,heating,7,0.5526017647052969,0.0,0.0,0.0,0.0,0.144999946500298,0.0,0.0,0.0,0.0,0.0,0.0,0.0,0.0,0.0,0.0,0.2940541627424093,0.0,0.0,0.0083441260519955,0.0,0.0,0.0,0.0,0.0
all,heating,8,0.0,0.0,0.0009249080119612,0.0,0.0,0.0,0.0,0.0,0.0,0.0,0.0,0.0,0.0,0.0,0.0,0.0,0.0052173922869602,0.0,0.0035269349436843,0.123494498742089,0.0,0.0,0.1499909063476468,0.4262269885944393,0.2906183710732188
all,heating,9,0.0,0.0,0.0,0.0,0.0,0.0,0.0,0.0,0.0,0.0,0.0,0.0,0.0,0.0,0.0,0.0,0.0,0.0,0.0,0.001350230683937,0.2424858452817735,0.2881848365911108,0.4679790874431786,0.0,0.0
all,cooling,1,0.0,0.0,0.0,0.0,0.0,0.0,1.0,0.0,0.0,0.0,0.0,0.0,0.0,0.0,0.0,0.0,0.0,0.0,0.0,0.0,0.0,0.0,0.0,0.0,0.0
all,cooling,2,0.0,0.0,0.0,0.0,0.0,0.0,0.0,0.3363008124369062,0.1557305358344581,0.452986968544269,0.0549816831843667,0.0,0.0,0.0,0.0,0.0,0.0,0.0,0.0,0.0,0.0,0.0,0.0,0.0,0.0
all,cooling,3,0.0,0.0,0.0779794210264241,0.1947289130858034,0.1821469658538018,0.0,0.0,0.0,0.0,0.0,0.390109667980184,0.1550350320537865,0.0,0.0,0.0,0.0,0.0,0.0,0.0,0.0,0.0,0.0,0.0,0.0,0.0
all,cooling,4,0.0,0.0,0.254047394197481,0.2379798308250914,0.0,0.0,0.0,0.0,0.0,0.0,0.0,0.0,0.0,0.0,0.0,0.0,0.0,0.3594677033122182,0.1461896546935815,0.0,0.0,0.0,0.0,0.0023154169716278,0.0
all,cooling,5,0.0,0.4388622078947604,0.0,0.0,0.0,0.0,0.0,0.0,0.0,0.0462712251279146,0.0377167852455011,0.0,0.1209745556507632,0.1820447069343003,0.1726822955341049,0.0014482236126554,0.0,0.0,0.0,0.0,0.0,0.0,0.0,0.0,0.0
all,cooling,6,0.0,0.0,0.0,0.0,0.0,0.0876064925634519,0.0,0.0,0.0,0.0,0.0134660842615621,0.0,0.0,0.0,0.3112659308788062,0.5876614922961797,0.0,0.0,0.0,0.0,0.0,0.0,0.0,0.0,0.0
all,cooling,7,0.6839440305042459,0.0,0.0,0.0,0.0,0.1568291601045936,0.0,0.0,0.0,0.0,0.0,0.0,0.0,0.0,0.0,0.0,0.1466199199730269,0.0,0.0,0.0126068894181333,0.0,0.0,0.0,0.0,0.0
all,cooling,8,0.0,0.0,0.0001447958826385,0.0,0.0,0.0,0.0,0.0,0.0,0.0,0.0,0.0,0.0,0.0,0.0,0.0,0.0058302382516232,0.0,0.0006045084189901,0.5378928617889304,0.0,0.0,0.0224990186677346,0.1736204524012499,0.2594081245888331
all,cooling,9,0.0,0.0,0.0,0.0,0.0,0.0,0.0,0.0,0.0,0.0,0.0,0.0,0.0,0.0,0.0,0.0,0.0,0.0,0.0,0.002591287965923,0.2990471234466677,0.5777815059764161,0.1205800826109933,0.0,0.0
all,water heating,1,0.0,0.0,0.0,0.0,0.0,0.0,1.0,0.0,0.0,0.0,0.0,0.0,0.0,0.0,0.0,0.0,0.0,0.0,0.0,0.0,0.0,0.0,0.0,0.0,0.0
all,water heating,2,0.0,0.0,0.0,0.0,0.0,0.0,0.0,0.2209767325952565,0.2517481444455613,0.4719992734276412,0.0552758495315409,0.0,0.0,0.0,0.0,0.0,0.0,0.0,0.0,0.0,0.0,0.0,0.0,0.0,0.0
all,water heating,3,0.0,0.0,0.1193054488159336,0.1911030357824366,0.1653975301521658,0.0,0.0,0.0,0.0,0.0,0.3763608041897021,0.1478331810597617,0.0,0.0,0.0,0.0,0.0,0.0,0.0,0.0,0.0,0.0,0.0,0.0,0.0
all,water heating,4,0.0,0.0,0.3249164709841627,0.1984636945471427,0.0,0.0,0.0,0.0,0.0,0.0,0.0,0.0,0.0,0.0,0.0,0.0,0.0,0.2694973629811138,0.2025269132368398,0.0,0.0,0.0,0.0,0.0045955582507408,0.0
all,water heating,5,0.0,0.3901845689333948,0.0,0.0,0.0,0.0,0.0,0.0,0.0,0.0548934207262525,0.048015436500751,0.0,0.1189568404394398,0.2130967318916518,0.1722969939900063,0.0025560075185035,0.0,0.0,0.0,0.0,0.0,0.0,0.0,0.0,0.0
all,water heating,6,0.0,0.0,0.0,0.0,0.0,0.0700601998604365,0.0,0.0,0.0,0.0,0.0169009161638908,0.0,0.0,0.0,0.2636575551400165,0.649381328835656,0.0,0.0,0.0,0.0,0.0,0.0,0.0,0.0,0.0
all,water heating,7,0.6100972173013087,0.0,0.0,0.0,0.0,0.1887290007157291,0.0,0.0,0.0,0.0,0.0,0.0,0.0,0.0,0.0,0.0,0.1869287460624006,0.0,0.0,0.0142450359205615,0.0,0.0,0.0,0.0,0.0
all,water heating,8,0.0,0.0,0.0007856317784377,0.0,0.0,0.0,0.0,0.0,0.0,0.0,0.0,0.0,0.0,0.0,0.0,0.0,0.005907389392457,0.0,0.0025280743958895,0.3569027667933619,0.0,0.0,0.0788122273094975,0.2819411488403553,0.2731227614900006
all,water heating,9,0.0,0.0,0.0,0.0,0.0,0.0,0.0,0.0,0.0,0.0,0.0,0.0,0.0,0.0,0.0,0.0,0.0,0.0,0.0,0.0,0.0,0.0,1.0,0.0,0.0
all,fans and pumps,1,0.0,0.0,0.0,0.0,0.0,0.0,1.0,0.0,0.0,0.0,0.0,0.0,0.0,0.0,0.0,0.0,0.0,0.0,0.0,0.0,0.0,0.0,0.0,0.0,0.0
all,fans and pumps,2,0.0,0.0,0.0,0.0,0.0,0.0,0.0,0.2665523048983291,0.2097832665529805,0.4640162834392917,0.0596481451093986,0.0,0.0,0.0,0.0,0.0,0.0,0.0,0.0,0.0,0.0,0.0,0.0,0.0,0.0
all,fans and pumps,3,0.0,0.0,0.0957953050987319,0.178198037360136,0.1880536844406213,0.0,0.0,0.0,0.0,0.0,0.3867618615683416,0.151191111532169,0.0,0.0,0.0,0.0,0.0,0.0,0.0,0.0,0.0,0.0,0.0,0.0,0.0
all,fans and pumps,4,0.0,0.0,0.302994746522325,0.1950307149524204,0.0,0.0,0.0,0.0,0.0,0.0,0.0,0.0,0.0,0.0,0.0,0.0,0.0,0.3097566077642117,0.1888026698243625,0.0,0.0,0.0,0.0,0.00341526093668,0.0
all,fans and pumps,5,0.0,0.3150041100974586,0.0,0.0,0.0,0.0,0.0,0.0,0.0,0.0669489276417321,0.0555749991885144,0.0,0.1415701616328547,0.2240875184693565,0.1946105690778653,0.0022037138922183,0.0,0.0,0.0,0.0,0.0,0.0,0.0,0.0,0.0
all,fans and pumps,6,0.0,0.0,0.0,0.0,0.0,0.0869221535242528,0.0,0.0,0.0,0.0,0.0152275899156447,0.0,0.0,0.0,0.290260996671218,0.6075892598888845,0.0,0.0,0.0,0.0,0.0,0.0,0.0,0.0,0.0
all,fans and pumps,7,0.6399545409446464,0.0,0.0,0.0,0.0,0.1525194113211444,0.0,0.0,0.0,0.0,0.0,0.0,0.0,0.0,0.0,0.0,0.1889308006008636,0.0,0.0,0.0185952471333454,0.0,0.0,0.0,0.0,0.0
all,fans and pumps,8,0.0,0.0,0.000446573473694,0.0,0.0,0.0,0.0,0.0,0.0,0.0,0.0,0.0,0.0,0.0,0.0,0.0,0.0052890158724699,0.0,0.0017956970092463,0.3777780372583788,0.0,0.0,0.0551594882755162,0.2685851752819491,0.2909460128287456
all,fans and pumps,9,0.0,0.0,0.0,0.0,0.0,0.0,0.0,0.0,0.0,0.0,0.0,0.0,0.0,0.0,0.0,0.0,0.0,0.0,0.0,0.0019519227613828,0.3226083867328305,0.5039312678715816,0.171508422634205,0.0,0.0
all,lighting,1,0.0,0.0,0.0,0.0,0.0,0.0,1.0,0.0,0.0,0.0,0.0,0.0,0.0,0.0,0.0,0.0,0.0,0.0,0.0,0.0,0.0,0.0,0.0,0.0,0.0
all,lighting,2,0.0,0.0,0.0,0.0,0.0,0.0,0.0,0.2417117059627661,0.2333572860308292,0.4659046987735625,0.0590263092328419,0.0,0.0,0.0,0.0,0.0,0.0,0.0,0.0,0.0,0.0,0.0,0.0,0.0,0.0
all,lighting,3,0.0,0.0,0.0999194516534655,0.1755170496380309,0.1856338083253701,0.0,0.0,0.0,0.0,0.0,0.3867626980852316,0.1521669922979019,0.0,0.0,0.0,0.0,0.0,0.0,0.0,0.0,0.0,0.0,0.0,0.0,0.0
all,lighting,4,0.0,0.0,0.3340781074884973,0.190089033372829,0.0,0.0,0.0,0.0,0.0,0.0,0.0,0.0,0.0,0.0,0.0,0.0,0.0,0.2935629944856419,0.1793143469150906,0.0,0.0,0.0,0.0,0.0029555177379411,0.0
all,lighting,5,0.0,0.296367942736382,0.0,0.0,0.0,0.0,0.0,0.0,0.0,0.0718024962905075,0.0572813431899228,0.0,0.1429694780524734,0.2343614459804111,0.19507552327962,0.0021417704706831,0.0,0.0,0.0,0.0,0.0,0.0,0.0,0.0,0.0
all,lighting,6,0.0,0.0,0.0,0.0,0.0,0.077290490991573,0.0,0.0,0.0,0.0,0.0156872541480571,0.0,0.0,0.0,0.2603173930848805,0.646704861775489,0.0,0.0,0.0,0.0,0.0,0.0,0.0,0.0,0.0
all,lighting,7,0.6461678063351805,0.0,0.0,0.0,0.0,0.1468409114701134,0.0,0.0,0.0,0.0,0.0,0.0,0.0,0.0,0.0,0.0,0.1910388034434103,0.0,0.0,0.0159524787512957,0.0,0.0,0.0,0.0,0.0
all,lighting,8,0.0,0.0,0.0003217253211962,0.0,0.0,0.0,0.0,0.0,0.0,0.0,0.0,0.0,0.0,0.0,0.0,0.0,0.0048406749095307,0.0,0.0014420249163417,0.3395517800158233,0.0,0.0,0.0539277103482186,0.2794494209070878,0.3204666635818015
all,lighting,9,0.0,0.0,0.0,0.0,0.0,0.0,0.0,0.0,0.0,0.0,0.0,0.0,0.0,0.0,0.0,0.0,0.0,0.0,0.0,0.0015075921703971,0.2912252148241999,0.4145260853693898,0.2927411076360131,0.0,0.0
all,refrigeration,1,0.0,0.0,0.0,0.0,0.0,0.0,1.0,0.0,0.0,0.0,0.0,0.0,0.0,0.0,0.0,0.0,0.0,0.0,0.0,0.0,0.0,0.0,0.0,0.0,0.0
all,refrigeration,2,0.0,0.0,0.0,0.0,0.0,0.0,0.0,0.1714089502894825,0.3032855066881524,0.454973642532377,0.0703319004899879,0.0,0.0,0.0,0.0,0.0,0.0,0.0,0.0,0.0,0.0,0.0,0.0,0.0,0.0
all,refrigeration,3,0.0,0.0,0.1129861317452146,0.1876088510844335,0.1694805487203724,0.0,0.0,0.0,0.0,0.0,0.4207066708949273,0.109217797555052,0.0,0.0,0.0,0.0,0.0,0.0,0.0,0.0,0.0,0.0,0.0,0.0,0.0
all,refrigeration,4,0.0,0.0,0.35618409293442,0.1747783612612938,0.0,0.0,0.0,0.0,0.0,0.0,0.0,0.0,0.0,0.0,0.0,0.0,0.0,0.2847973935237117,0.1810274271099516,0.0,0.0,0.0,0.0,0.0032127251706226,0.0
all,refrigeration,5,0.0,0.2833507167905544,0.0,0.0,0.0,0.0,0.0,0.0,0.0,0.0701468841510293,0.0580300012696375,0.0,0.1192142723187085,0.2769041454312033,0.1890414320690532,0.0033125479698134,0.0,0.0,0.0,0.0,0.0,0.0,0.0,0.0,0.0
all,refrigeration,6,0.0,0.0,0.0,0.0,0.0,0.0812384643472402,0.0,0.0,0.0,0.0,0.0193455059275855,0.0,0.0,0.0,0.2817110742500233,0.6177049554751508,0.0,0.0,0.0,0.0,0.0,0.0,0.0,0.0,0.0
all,refrigeration,7,0.6206074786466163,0.0,0.0,0.0,0.0,0.149774588234325,0.0,0.0,0.0,0.0,0.0,0.0,0.0,0.0,0.0,0.0,0.213993138481108,0.0,0.0,0.0156247946379507,0.0,0.0,0.0,0.0,0.0
all,refrigeration,8,0.0,0.0,0.000655677803235,0.0,0.0,0.0,0.0,0.0,0.0,0.0,0.0,0.0,0.0,0.0,0.0,0.0,0.0037062736751134,0.0,0.0029807449992409,0.3801294119803086,0.0,0.0,0.0832709920246609,0.2499650715263298,0.2792918279911112
all,refrigeration,9,0.0,0.0,0.0,0.0,0.0,0.0,0.0,0.0,0.0,0.0,0.0,0.0,0.0,0.0,0.0,0.0,0.0,0.0,0.0,0.0016871695493764,0.2672163564656846,0.3800822490074743,0.3510142249774646,0.0,0.0
all,misc,1,0.0,0.0,0.0,0.0,0.0,0.0,1.0,0.0,0.0,0.0,0.0,0.0,0.0,0.0,0.0,0.0,0.0,0.0,0.0,0.0,0.0,0.0,0.0,0.0,0.0
all,misc,2,0.0,0.0,0.0,0.0,0.0,0.0,0.0,0.2613159155037334,0.2143444446012362,0.4682595692771185,0.0560800706179118,0.0,0.0,0.0,0.0,0.0,0.0,0.0,0.0,0.0,0.0,0.0,0.0,0.0,0.0
all,misc,3,0.0,0.0,0.1114882455066544,0.1668795405952877,0.1808271216875349,0.0,0.0,0.0,0.0,0.0,0.3864105974869673,0.1543944947235556,0.0,0.0,0.0,0.0,0.0,0.0,0.0,0.0,0.0,0.0,0.0,0.0,0.0
all,misc,4,0.0,0.0,0.3576456194926685,0.1826407361628128,0.0,0.0,0.0,0.0,0.0,0.0,0.0,0.0,0.0,0.0,0.0,0.0,0.0,0.2869685520884935,0.169928329175887,0.0,0.0,0.0,0.0,0.0028167630801379,0.0
all,misc,5,0.0,0.2886163654820164,0.0,0.0,0.0,0.0,0.0,0.0,0.0,0.074121107562891,0.0558563155558136,0.0,0.1581691490473026,0.2282328097757588,0.1930868255395135,0.001917427036704,0.0,0.0,0.0,0.0,0.0,0.0,0.0,0.0,0.0
all,misc,6,0.0,0.0,0.0,0.0,0.0,0.0776535132220531,0.0,0.0,0.0,0.0,0.0173603823923654,0.0,0.0,0.0,0.2552747534149022,0.6497113509706792,0.0,0.0,0.0,0.0,0.0,0.0,0.0,0.0,0.0
all,misc,7,0.6738123199267663,0.0,0.0,0.0,0.0,0.1345664886211608,0.0,0.0,0.0,0.0,0.0,0.0,0.0,0.0,0.0,0.0,0.1768212609854919,0.0,0.0,0.0147999304665808,0.0,0.0,0.0,0.0,0.0
all,misc,8,0.0,0.0,0.0003637230077784,0.0,0.0,0.0,0.0,0.0,0.0,0.0,0.0,0.0,0.0,0.0,0.0,0.0,0.0041319934902184,0.0,0.0014977467919381,0.3400681782272436,0.0,0.0,0.0539928958614407,0.3074709885438713,0.292474474077509
all,misc,9,0.0,0.0,0.0,0.0,0.0,0.0,0.0,0.0,0.0,0.0,0.0,0.0,0.0,0.0,0.0,0.0,0.0,0.0,0.0,0.0016855446533862,0.3127128360516679,0.44651887914229,0.2390827401526557,0.0,0.0
all,gap,1,0.0,0.0,0.0,0.0,0.0,0.0,1.0,0.0,0.0,0.0,0.0,0.0,0.0,0.0,0.0,0.0,0.0,0.0,0.0,0.0,0.0,0.0,0.0,0.0,0.0
all,gap,2,0.0,0.0,0.0,0.0,0.0,0.0,0.0,0.292365351393853,0.1928287875204986,0.4696095202100229,0.0451963408756254,0.0,0.0,0.0,0.0,0.0,0.0,0.0,0.0,0.0,0.0,0.0,0.0,0.0,0.0
all,gap,3,0.0,0.0,0.0846207286785388,0.1200990637034037,0.2047984483394096,0.0,0.0,0.0,0.0,0.0,0.4479654804358191,0.1425162788428288,0.0,0.0,0.0,0.0,0.0,0.0,0.0,0.0,0.0,0.0,0.0,0.0,0.0
all,gap,4,0.0,0.0,0.3234376599917286,0.0686164658087348,0.0,0.0,0.0,0.0,0.0,0.0,0.0,0.0,0.0,0.0,0.0,0.0,0.0,0.3077297797173847,0.2995662928299827,0.0,0.0,0.0,0.0,0.0006498016521692,0.0
all,gap,5,0.0,0.3046981497158691,0.0,0.0,0.0,0.0,0.0,0.0,0.0,0.069079841074999,0.0670887554351756,0.0,0.145932025836536,0.2281974067869132,0.1812040179797596,0.0037998031707473,0.0,0.0,0.0,0.0,0.0,0.0,0.0,0.0,0.0
all,gap,6,0.0,0.0,0.0,0.0,0.0,0.044848007185632,0.0,0.0,0.0,0.0,0.0260581710569367,0.0,0.0,0.0,0.2045069831159682,0.724586838641463,0.0,0.0,0.0,0.0,0.0,0.0,0.0,0.0,0.0
all,gap,7,0.5336580811832945,0.0,0.0,0.0,0.0,0.1397374500771947,0.0,0.0,0.0,0.0,0.0,0.0,0.0,0.0,0.0,0.0,0.3254098707512497,0.0,0.0,0.0011945979882612,0.0,0.0,0.0,0.0,0.0
all,gap,8,0.0,0.0,0.0008390310144274,0.0,0.0,0.0,0.0,0.0,0.0,0.0,0.0,0.0,0.0,0.0,0.0,0.0,0.0031948727274405,0.0,0.0012946841032084,0.3596013839012894,0.0,0.0,0.1172304735789418,0.1941441903386832,0.323695364336009
all,gap,9,0.0,0.0,0.0,0.0,0.0,0.0,0.0,0.0,0.0,0.0,0.0,0.0,0.0,0.0,0.0,0.0,0.0,0.0,0.0,0.0022275803656103,0.3165232221273553,0.2568764133106988,0.4243727841963357,0.0,0.0
