Technology,End use,CDIV,AK,AL,AR,AZ,CA,CO,CT,DC,DE,FL,GA,HI,IA,ID,IL,IN,KS,KY,LA,MA,MD,ME,MI,MN,MO,MS,MT,NC,ND,NE,NH,NJ,NM,NV,NY,OH,OK,OR,PA,RI,SC,SD,TN,TX,UT,VA,VT,WA,WI,WV,WY
rooftop_AC,cooling,1,0.0,0.0,0.0,0.0,0.0,0.0,0.252230574954296,0.0,0.0,0.0,0.0,0.0,0.0,0.0,0.0,0.0,0.0,0.0,0.0,0.5245117634831816,0.0,0.0683792441870833,0.0,0.0,0.0,0.0,0.0,0.0,0.0,0.0,0.0840333178216824,0.0,0.0,0.0,0.0,0.0,0.0,0.0,0.0,0.0488955426079369,0.0,0.0,0.0,0.0,0.0,0.0,0.0219495569458196,0.0,0.0,0.0,0.0
rooftop_AC,cooling,2,0.0,0.0,0.0,0.0,0.0,0.0,0.0,0.0,0.0,0.0,0.0,0.0,0.0,0.0,0.0,0.0,0.0,0.0,0.0,0.0,0.0,0.0,0.0,0.0,0.0,0.0,0.0,0.0,0.0,0.0,0.0,0.196817996981275,0.0,0.0,0.4249447401245464,0.0,0.0,0.0,0.3782372628941784,0.0,0.0,0.0,0.0,0.0,0.0,0.0,0.0,0.0,0.0,0.0,0.0
rooftop_AC,cooling,3,0.0,0.0,0.0,0.0,0.0,0.0,0.0,0.0,0.0,0.0,0.0,0.0,0.0,0.0,0.2136764863453464,0.197124229149163,0.0,0.0,0.0,0.0,0.0,0.0,0.200505023527888,0.0,0.0,0.0,0.0,0.0,0.0,0.0,0.0,0.0,0.0,0.0,0.0,0.3184522356750671,0.0,0.0,0.0,0.0,0.0,0.0,0.0,0.0,0.0,0.0,0.0,0.0,0.0702420253025352,0.0,0.0
rooftop_AC,cooling,4,0.0,0.0,0.0,0.0,0.0,0.0,0.0,0.0,0.0,0.0,0.0,0.0,0.1119678492325587,0.0,0.0,0.0,0.2326418423940545,0.0,0.0,0.0,0.0,0.0,0.0,0.1371881091430573,0.3815320535357266,0.0,0.0,0.0,0.0224386829044007,0.0919873119911891,0.0,0.0,0.0,0.0,0.0,0.0,0.0,0.0,0.0,0.0,0.0,0.0222441507990127,0.0,0.0,0.0,0.0,0.0,0.0,0.0,0.0,0.0
rooftop_AC,cooling,5,0.0,0.0,0.0,0.0,0.0,0.0,0.0,0.0097284756280094,0.0050498821161415,0.4605005749357317,0.1619037466085557,0.0,0.0,0.0,0.0,0.0,0.0,0.0,0.0,0.0,0.0548612671823409,0.0,0.0,0.0,0.0,0.0,0.0,0.1410468081585273,0.0,0.0,0.0,0.0,0.0,0.0,0.0,0.0,0.0,0.0,0.0,0.0,0.0653519457765938,0.0,0.0,0.0,0.0,0.0927867666732432,0.0,0.0,0.0,0.0087705329208561,0.0
rooftop_AC,cooling,6,0.0,0.313045972065283,0.0,0.0,0.0,0.0,0.0,0.0,0.0,0.0,0.0,0.0,0.0,0.0,0.0,0.0,0.0,0.1604350295890193,0.0,0.0,0.0,0.0,0.0,0.0,0.0,0.1783897333421601,0.0,0.0,0.0,0.0,0.0,0.0,0.0,0.0,0.0,0.0,0.0,0.0,0.0,0.0,0.0,0.0,0.3481292650035374,0.0,0.0,0.0,0.0,0.0,0.0,0.0,0.0
rooftop_AC,cooling,7,0.0,0.0,0.0614768163677988,0.0,0.0,0.0,0.0,0.0,0.0,0.0,0.0,0.0,0.0,0.0,0.0,0.0,0.0,0.0,0.1037018214465179,0.0,0.0,0.0,0.0,0.0,0.0,0.0,0.0,0.0,0.0,0.0,0.0,0.0,0.0,0.0,0.0,0.0,0.0966538367430368,0.0,0.0,0.0,0.0,0.0,0.0,0.7381675254426463,0.0,0.0,0.0,0.0,0.0,0.0,0.0
rooftop_AC,cooling,8,0.0,0.0,0.0,0.4905788728795403,0.0,0.1418595529576674,0.0,0.0,0.0,0.0,0.0,0.0,0.0,0.0264502596267169,0.0,0.0,0.0,0.0,0.0,0.0,0.0,0.0,0.0,0.0,0.0,0.0,0.0180325773155116,0.0,0.0,0.0,0.0,0.0,0.0589004142575076,0.1715571491875584,0.0,0.0,0.0,0.0,0.0,0.0,0.0,0.0,0.0,0.0,0.0818248042030581,0.0,0.0,0.0,0.0,0.0,0.0107963695724394
rooftop_AC,cooling,9,0.0009902368963044,0.0,0.0,0.0,0.8382906970131108,0.0,0.0,0.0,0.0,0.0,0.0,0.0618897286989739,0.0,0.0,0.0,0.0,0.0,0.0,0.0,0.0,0.0,0.0,0.0,0.0,0.0,0.0,0.0,0.0,0.0,0.0,0.0,0.0,0.0,0.0,0.0,0.0,0.0,0.0342890225979899,0.0,0.0,0.0,0.0,0.0,0.0,0.0,0.0,0.0,0.0645403147936208,0.0,0.0,0.0
res_type_central_AC,cooling,1,0.0,0.0,0.0,0.0,0.0,0.0,0.248015916210549,0.0,0.0,0.0,0.0,0.0,0.0,0.0,0.0,0.0,0.0,0.0,0.0,0.510280785553041,0.0,0.0715654703901315,0.0,0.0,0.0,0.0,0.0,0.0,0.0,0.0,0.0805756669359675,0.0,0.0,0.0,0.0,0.0,0.0,0.0,0.0,0.0650971553218958,0.0,0.0,0.0,0.0,0.0,0.0,0.024465005588415,0.0,0.0,0.0,0.0
res_type_central_AC,cooling,2,0.0,0.0,0.0,0.0,0.0,0.0,0.0,0.0,0.0,0.0,0.0,0.0,0.0,0.0,0.0,0.0,0.0,0.0,0.0,0.0,0.0,0.0,0.0,0.0,0.0,0.0,0.0,0.0,0.0,0.0,0.0,0.1861620909154682,0.0,0.0,0.5596255386681741,0.0,0.0,0.0,0.2542123704163577,0.0,0.0,0.0,0.0,0.0,0.0,0.0,0.0,0.0,0.0,0.0,0.0
res_type_central_AC,cooling,3,0.0,0.0,0.0,0.0,0.0,0.0,0.0,0.0,0.0,0.0,0.0,0.0,0.0,0.0,0.2166800750168775,0.1727390486709351,0.0,0.0,0.0,0.0,0.0,0.0,0.2326220776587307,0.0,0.0,0.0,0.0,0.0,0.0,0.0,0.0,0.0,0.0,0.0,0.0,0.2932244979800573,0.0,0.0,0.0,0.0,0.0,0.0,0.0,0.0,0.0,0.0,0.0,0.0,0.0847343006733993,0.0,0.0
res_type_central_AC,cooling,4,0.0,0.0,0.0,0.0,0.0,0.0,0.0,0.0,0.0,0.0,0.0,0.0,0.1162513327305482,0.0,0.0,0.0,0.2581806782675139,0.0,0.0,0.0,0.0,0.0,0.0,0.1478200162661897,0.3383380688982191,0.0,0.0,0.0,0.0191999807307374,0.0944214322528581,0.0,0.0,0.0,0.0,0.0,0.0,0.0,0.0,0.0,0.0,0.0,0.0257884908539334,0.0,0.0,0.0,0.0,0.0,0.0,0.0,0.0,0.0
res_type_central_AC,cooling,5,0.0,0.0,0.0,0.0,0.0,0.0,0.0,0.0198109412331755,0.0086979659943605,0.1602352035926182,0.2656288463289522,0.0,0.0,0.0,0.0,0.0,0.0,0.0,0.0,0.0,0.0900310095414426,0.0,0.0,0.0,0.0,0.0,0.0,0.2059850481871636,0.0,0.0,0.0,0.0,0.0,0.0,0.0,0.0,0.0,0.0,0.0,0.0,0.0966510109647357,0.0,0.0,0.0,0.0,0.132904122619651,0.0,0.0,0.0,0.0200558515379008,0.0
res_type_central_AC,cooling,6,0.0,0.2961162092225103,0.0,0.0,0.0,0.0,0.0,0.0,0.0,0.0,0.0,0.0,0.0,0.0,0.0,0.0,0.0,0.1452537454218684,0.0,0.0,0.0,0.0,0.0,0.0,0.0,0.2195235232798037,0.0,0.0,0.0,0.0,0.0,0.0,0.0,0.0,0.0,0.0,0.0,0.0,0.0,0.0,0.0,0.0,0.3391065220758175,0.0,0.0,0.0,0.0,0.0,0.0,0.0,0.0
res_type_central_AC,cooling,7,0.0,0.0,0.086020589375716,0.0,0.0,0.0,0.0,0.0,0.0,0.0,0.0,0.0,0.0,0.0,0.0,0.0,0.0,0.0,0.0880740350118364,0.0,0.0,0.0,0.0,0.0,0.0,0.0,0.0,0.0,0.0,0.0,0.0,0.0,0.0,0.0,0.0,0.0,0.1263372964561317,0.0,0.0,0.0,0.0,0.0,0.0,0.6995680791563158,0.0,0.0,0.0,0.0,0.0,0.0,0.0
res_type_central_AC,cooling,8,0.0,0.0,0.0,0.3732864030665943,0.0,0.1784555411802954,0.0,0.0,0.0,0.0,0.0,0.0,0.0,0.0462540703798827,0.0,0.0,0.0,0.0,0.0,0.0,0.0,0.0,0.0,0.0,0.0,0.0,0.028390914553272,0.0,0.0,0.0,0.0,0.0,0.0954196559541549,0.144564642073772,0.0,0.0,0.0,0.0,0.0,0.0,0.0,0.0,0.0,0.0,0.1020980371591261,0.0,0.0,0.0,0.0,0.0,0.0315307356329023
res_type_central_AC,cooling,9,0.0015699805586293,0.0,0.0,0.0,0.8635332305603953,0.0,0.0,0.0,0.0,0.0,0.0,0.0295918673514827,0.0,0.0,0.0,0.0,0.0,0.0,0.0,0.0,0.0,0.0,0.0,0.0,0.0,0.0,0.0,0.0,0.0,0.0,0.0,0.0,0.0,0.0,0.0,0.0,0.0,0.0454735211526215,0.0,0.0,0.0,0.0,0.0,0.0,0.0,0.0,0.0,0.0598314003768709,0.0,0.0,0.0
wall-window_room_AC,cooling,1,0.0,0.0,0.0,0.0,0.0,0.0,0.248015916210549,0.0,0.0,0.0,0.0,0.0,0.0,0.0,0.0,0.0,0.0,0.0,0.0,0.510280785553041,0.0,0.0715654703901315,0.0,0.0,0.0,0.0,0.0,0.0,0.0,0.0,0.0805756669359675,0.0,0.0,0.0,0.0,0.0,0.0,0.0,0.0,0.0650971553218958,0.0,0.0,0.0,0.0,0.0,0.0,0.024465005588415,0.0,0.0,0.0,0.0
wall-window_room_AC,cooling,2,0.0,0.0,0.0,0.0,0.0,0.0,0.0,0.0,0.0,0.0,0.0,0.0,0.0,0.0,0.0,0.0,0.0,0.0,0.0,0.0,0.0,0.0,0.0,0.0,0.0,0.0,0.0,0.0,0.0,0.0,0.0,0.1861620909154682,0.0,0.0,0.5596255386681741,0.0,0.0,0.0,0.2542123704163577,0.0,0.0,0.0,0.0,0.0,0.0,0.0,0.0,0.0,0.0,0.0,0.0
wall-window_room_AC,cooling,3,0.0,0.0,0.0,0.0,0.0,0.0,0.0,0.0,0.0,0.0,0.0,0.0,0.0,0.0,0.2166800750168775,0.1727390486709351,0.0,0.0,0.0,0.0,0.0,0.0,0.2326220776587307,0.0,0.0,0.0,0.0,0.0,0.0,0.0,0.0,0.0,0.0,0.0,0.0,0.2932244979800573,0.0,0.0,0.0,0.0,0.0,0.0,0.0,0.0,0.0,0.0,0.0,0.0,0.0847343006733993,0.0,0.0
wall-window_room_AC,cooling,4,0.0,0.0,0.0,0.0,0.0,0.0,0.0,0.0,0.0,0.0,0.0,0.0,0.1162513327305482,0.0,0.0,0.0,0.2581806782675139,0.0,0.0,0.0,0.0,0.0,0.0,0.1478200162661897,0.3383380688982191,0.0,0.0,0.0,0.0191999807307374,0.0944214322528581,0.0,0.0,0.0,0.0,0.0,0.0,0.0,0.0,0.0,0.0,0.0,0.0257884908539334,0.0,0.0,0.0,0.0,0.0,0.0,0.0,0.0,0.0
wall-window_room_AC,cooling,5,0.0,0.0,0.0,0.0,0.0,0.0,0.0,0.0198109412331755,0.0086979659943605,0.1602352035926182,0.2656288463289522,0.0,0.0,0.0,0.0,0.0,0.0,0.0,0.0,0.0,0.0900310095414426,0.0,0.0,0.0,0.0,0.0,0.0,0.2059850481871636,0.0,0.0,0.0,0.0,0.0,0.0,0.0,0.0,0.0,0.0,0.0,0.0,0.0966510109647357,0.0,0.0,0.0,0.0,0.132904122619651,0.0,0.0,0.0,0.0200558515379008,0.0
wall-window_room_AC,cooling,6,0.0,0.2961162092225103,0.0,0.0,0.0,0.0,0.0,0.0,0.0,0.0,0.0,0.0,0.0,0.0,0.0,0.0,0.0,0.1452537454218684,0.0,0.0,0.0,0.0,0.0,0.0,0.0,0.2195235232798037,0.0,0.0,0.0,0.0,0.0,0.0,0.0,0.0,0.0,0.0,0.0,0.0,0.0,0.0,0.0,0.0,0.3391065220758175,0.0,0.0,0.0,0.0,0.0,0.0,0.0,0.0
wall-window_room_AC,cooling,7,0.0,0.0,0.086020589375716,0.0,0.0,0.0,0.0,0.0,0.0,0.0,0.0,0.0,0.0,0.0,0.0,0.0,0.0,0.0,0.0880740350118364,0.0,0.0,0.0,0.0,0.0,0.0,0.0,0.0,0.0,0.0,0.0,0.0,0.0,0.0,0.0,0.0,0.0,0.1263372964561317,0.0,0.0,0.0,0.0,0.0,0.0,0.6995680791563158,0.0,0.0,0.0,0.0,0.0,0.0,0.0
wall-window_room_AC,cooling,8,0.0,0.0,0.0,0.3732864030665943,0.0,0.1784555411802954,0.0,0.0,0.0,0.0,0.0,0.0,0.0,0.0462540703798827,0.0,0.0,0.0,0.0,0.0,0.0,0.0,0.0,0.0,0.0,0.0,0.0,0.028390914553272,0.0,0.0,0.0,0.0,0.0,0.0954196559541549,0.144564642073772,0.0,0.0,0.0,0.0,0.0,0.0,0.0,0.0,0.0,0.0,0.1020980371591261,0.0,0.0,0.0,0.0,0.0,0.0315307356329023
wall-window_room_AC,cooling,9,0.0015699805586293,0.0,0.0,0.0,0.8635332305603953,0.0,0.0,0.0,0.0,0.0,0.0,0.0295918673514827,0.0,0.0,0.0,0.0,0.0,0.0,0.0,0.0,0.0,0.0,0.0,0.0,0.0,0.0,0.0,0.0,0.0,0.0,0.0,0.0,0.0,0.0,0.0,0.0,0.0,0.0454735211526215,0.0,0.0,0.0,0.0,0.0,0.0,0.0,0.0,0.0,0.0598314003768709,0.0,0.0,0.0
pkg_terminal_HP-cool,cooling,1,0.0,0.0,0.0,0.0,0.0,0.0,0.2280836755366817,0.0,0.0,0.0,0.0,0.0,0.0,0.0,0.0,0.0,0.0,0.0,0.0,0.5003923819753595,0.0,0.1139329733516507,0.0,0.0,0.0,0.0,0.0,0.0,0.0,0.0,0.0877795446863972,0.0,0.0,0.0,0.0,0.0,0.0,0.0,0.0,0.0337784313605517,0.0,0.0,0.0,0.0,0.0,0.0,0.036032993089359,0.0,0.0,0.0,0.0
pkg_terminal_HP-cool,cooling,2,0.0,0.0,0.0,0.0,0.0,0.0,0.0,0.0,0.0,0.0,0.0,0.0,0.0,0.0,0.0,0.0,0.0,0.0,0.0,0.0,0.0,0.0,0.0,0.0,0.0,0.0,0.0,0.0,0.0,0.0,0.0,0.1625064558836497,0.0,0.0,0.4129287325720883,0.0,0.0,0.0,0.4245648115442619,0.0,0.0,0.0,0.0,0.0,0.0,0.0,0.0,0.0,0.0,0.0,0.0
pkg_terminal_HP-cool,cooling,3,0.0,0.0,0.0,0.0,0.0,0.0,0.0,0.0,0.0,0.0,0.0,0.0,0.0,0.0,0.1292090541973932,0.2778010328970747,0.0,0.0,0.0,0.0,0.0,0.0,0.1609483998652072,0.0,0.0,0.0,0.0,0.0,0.0,0.0,0.0,0.0,0.0,0.0,0.0,0.3508229685770607,0.0,0.0,0.0,0.0,0.0,0.0,0.0,0.0,0.0,0.0,0.0,0.0,0.0812185444632639,0.0,0.0
pkg_terminal_HP-cool,cooling,4,0.0,0.0,0.0,0.0,0.0,0.0,0.0,0.0,0.0,0.0,0.0,0.0,0.1142598286139659,0.0,0.0,0.0,0.1863627136140284,0.0,0.0,0.0,0.0,0.0,0.0,0.1242006659471411,0.3941824053834899,0.0,0.0,0.0,0.0326102088856704,0.1127853925298813,0.0,0.0,0.0,0.0,0.0,0.0,0.0,0.0,0.0,0.0,0.0,0.0355987850258227,0.0,0.0,0.0,0.0,0.0,0.0,0.0,0.0,0.0
pkg_terminal_HP-cool,cooling,5,0.0,0.0,0.0,0.0,0.0,0.0,0.0,0.0037377701611563,0.0010912100818851,0.604066103301333,0.1094701573629145,0.0,0.0,0.0,0.0,0.0,0.0,0.0,0.0,0.0,0.0267075485141362,0.0,0.0,0.0,0.0,0.0,0.0,0.1099101792460692,0.0,0.0,0.0,0.0,0.0,0.0,0.0,0.0,0.0,0.0,0.0,0.0,0.0775021948865701,0.0,0.0,0.0,0.0,0.0626888220833618,0.0,0.0,0.0,0.0048260143625732,0.0
pkg_terminal_HP-cool,cooling,6,0.0,0.3409651216297896,0.0,0.0,0.0,0.0,0.0,0.0,0.0,0.0,0.0,0.0,0.0,0.0,0.0,0.0,0.0,0.1219670388683366,0.0,0.0,0.0,0.0,0.0,0.0,0.0,0.1825811038406253,0.0,0.0,0.0,0.0,0.0,0.0,0.0,0.0,0.0,0.0,0.0,0.0,0.0,0.0,0.0,0.0,0.3544867356612484,0.0,0.0,0.0,0.0,0.0,0.0,0.0,0.0
pkg_terminal_HP-cool,cooling,7,0.0,0.0,0.0673267747955559,0.0,0.0,0.0,0.0,0.0,0.0,0.0,0.0,0.0,0.0,0.0,0.0,0.0,0.0,0.0,0.1070696714009213,0.0,0.0,0.0,0.0,0.0,0.0,0.0,0.0,0.0,0.0,0.0,0.0,0.0,0.0,0.0,0.0,0.0,0.0647385668558093,0.0,0.0,0.0,0.0,0.0,0.0,0.7608649869477133,0.0,0.0,0.0,0.0,0.0,0.0,0.0
pkg_terminal_HP-cool,cooling,8,0.0,0.0,0.0,0.6844109788514657,0.0,0.0784340045103385,0.0,0.0,0.0,0.0,0.0,0.0,0.0,0.0361807859418984,0.0,0.0,0.0,0.0,0.0,0.0,0.0,0.0,0.0,0.0,0.0,0.0,0.0101789606069833,0.0,0.0,0.0,0.0,0.0,0.0396242042875823,0.1086552593646149,0.0,0.0,0.0,0.0,0.0,0.0,0.0,0.0,0.0,0.0,0.0264198024454812,0.0,0.0,0.0,0.0,0.0,0.0160960039916354
pkg_terminal_HP-cool,cooling,9,0.0041732209794743,0.0,0.0,0.0,0.77756871992546,0.0,0.0,0.0,0.0,0.0,0.0,0.0292133012203689,0.0,0.0,0.0,0.0,0.0,0.0,0.0,0.0,0.0,0.0,0.0,0.0,0.0,0.0,0.0,0.0,0.0,0.0,0.0,0.0,0.0,0.0,0.0,0.0,0.0,0.0693659322284641,0.0,0.0,0.0,0.0,0.0,0.0,0.0,0.0,0.0,0.1196788256462327,0.0,0.0,0.0
comm_GSHP-cool,cooling,1,0.0,0.0,0.0,0.0,0.0,0.0,0.1834369378238176,0.0,0.0,0.0,0.0,0.0,0.0,0.0,0.0,0.0,0.0,0.0,0.0,0.7857107216941215,0.0,0.0181970829402941,0.0,0.0,0.0,0.0,0.0,0.0,0.0,0.0,0.0078455256901324,0.0,0.0,0.0,0.0,0.0,0.0,0.0,0.0,0.0,0.0,0.0,0.0,0.0,0.0,0.0,0.0048097318516343,0.0,0.0,0.0,0.0
comm_GSHP-cool,cooling,2,0.0,0.0,0.0,0.0,0.0,0.0,0.0,0.0,0.0,0.0,0.0,0.0,0.0,0.0,0.0,0.0,0.0,0.0,0.0,0.0,0.0,0.0,0.0,0.0,0.0,0.0,0.0,0.0,0.0,0.0,0.0,0.1347667086273603,0.0,0.0,0.613464131819098,0.0,0.0,0.0,0.2517691595535417,0.0,0.0,0.0,0.0,0.0,0.0,0.0,0.0,0.0,0.0,0.0,0.0
comm_GSHP-cool,cooling,3,0.0,0.0,0.0,0.0,0.0,0.0,0.0,0.0,0.0,0.0,0.0,0.0,0.0,0.0,0.1506153841259482,0.1762338070662526,0.0,0.0,0.0,0.0,0.0,0.0,0.2940361873933579,0.0,0.0,0.0,0.0,0.0,0.0,0.0,0.0,0.0,0.0,0.0,0.0,0.3293855935570072,0.0,0.0,0.0,0.0,0.0,0.0,0.0,0.0,0.0,0.0,0.0,0.0,0.0497290278574341,0.0,0.0
comm_GSHP-cool,cooling,4,0.0,0.0,0.0,0.0,0.0,0.0,0.0,0.0,0.0,0.0,0.0,0.0,0.1677688842278256,0.0,0.0,0.0,0.2383881398310588,0.0,0.0,0.0,0.0,0.0,0.0,0.1500612029880937,0.3740010822444275,0.0,0.0,0.0,0.0096010816777309,0.0399968074144789,0.0,0.0,0.0,0.0,0.0,0.0,0.0,0.0,0.0,0.0,0.0,0.0201828016163842,0.0,0.0,0.0,0.0,0.0,0.0,0.0,0.0,0.0
comm_GSHP-cool,cooling,5,0.0,0.0,0.0,0.0,0.0,0.0,0.0,0.0541758759219961,0.00216626113344,0.3295244896129731,0.1990759188827505,0.0,0.0,0.0,0.0,0.0,0.0,0.0,0.0,0.0,0.0670923946260804,0.0,0.0,0.0,0.0,0.0,0.0,0.1482277164827373,0.0,0.0,0.0,0.0,0.0,0.0,0.0,0.0,0.0,0.0,0.0,0.0,0.0578169972923967,0.0,0.0,0.0,0.0,0.1417806538098147,0.0,0.0,0.0,0.0001396922378109,0.0
comm_GSHP-cool,cooling,6,0.0,0.2707992442418238,0.0,0.0,0.0,0.0,0.0,0.0,0.0,0.0,0.0,0.0,0.0,0.0,0.0,0.0,0.0,0.1921208882340523,0.0,0.0,0.0,0.0,0.0,0.0,0.0,0.183127763454011,0.0,0.0,0.0,0.0,0.0,0.0,0.0,0.0,0.0,0.0,0.0,0.0,0.0,0.0,0.0,0.0,0.3539521040701129,0.0,0.0,0.0,0.0,0.0,0.0,0.0,0.0
comm_GSHP-cool,cooling,7,0.0,0.0,0.0457623741513586,0.0,0.0,0.0,0.0,0.0,0.0,0.0,0.0,0.0,0.0,0.0,0.0,0.0,0.0,0.0,0.090125178867619,0.0,0.0,0.0,0.0,0.0,0.0,0.0,0.0,0.0,0.0,0.0,0.0,0.0,0.0,0.0,0.0,0.0,0.0565916422677552,0.0,0.0,0.0,0.0,0.0,0.0,0.807520804713267,0.0,0.0,0.0,0.0,0.0,0.0,0.0
comm_GSHP-cool,cooling,8,0.0,0.0,0.0,0.3498178845587262,0.0,0.4405709717231283,0.0,0.0,0.0,0.0,0.0,0.0,0.0,0.0260392080898438,0.0,0.0,0.0,0.0,0.0,0.0,0.0,0.0,0.0,0.0,0.0,0.0,0.0274451409203844,0.0,0.0,0.0,0.0,0.0,0.0407558362080364,0.0679282708399546,0.0,0.0,0.0,0.0,0.0,0.0,0.0,0.0,0.0,0.0,0.0471023398189111,0.0,0.0,0.0,0.0,0.0,0.0003403478410148
comm_GSHP-cool,cooling,9,0.0087396238708783,0.0,0.0,0.0,0.0,0.0,0.0,0.0,0.0,0.0,0.0,0.1280010526738079,0.0,0.0,0.0,0.0,0.0,0.0,0.0,0.0,0.0,0.0,0.0,0.0,0.0,0.0,0.0,0.0,0.0,0.0,0.0,0.0,0.0,0.0,0.0,0.0,0.0,0.3513626869841948,0.0,0.0,0.0,0.0,0.0,0.0,0.0,0.0,0.0,0.5118966364711189,0.0,0.0,0.0
pkg_terminal_AC-cool,cooling,1,0.0,0.0,0.0,0.0,0.0,0.0,0.1866213105867801,0.0,0.0,0.0,0.0,0.0,0.0,0.0,0.0,0.0,0.0,0.0,0.0,0.5695488624821415,0.0,0.0978316822388261,0.0,0.0,0.0,0.0,0.0,0.0,0.0,0.0,0.0820094082445065,0.0,0.0,0.0,0.0,0.0,0.0,0.0,0.0,0.0284814666214655,0.0,0.0,0.0,0.0,0.0,0.0,0.0355072698262801,0.0,0.0,0.0,0.0
pkg_terminal_AC-cool,cooling,2,0.0,0.0,0.0,0.0,0.0,0.0,0.0,0.0,0.0,0.0,0.0,0.0,0.0,0.0,0.0,0.0,0.0,0.0,0.0,0.0,0.0,0.0,0.0,0.0,0.0,0.0,0.0,0.0,0.0,0.0,0.0,0.1382285724138445,0.0,0.0,0.5488760113869117,0.0,0.0,0.0,0.3128954161992438,0.0,0.0,0.0,0.0,0.0,0.0,0.0,0.0,0.0,0.0,0.0,0.0
pkg_terminal_AC-cool,cooling,3,0.0,0.0,0.0,0.0,0.0,0.0,0.0,0.0,0.0,0.0,0.0,0.0,0.0,0.0,0.2198097189994453,0.1982505091539292,0.0,0.0,0.0,0.0,0.0,0.0,0.1988090984680652,0.0,0.0,0.0,0.0,0.0,0.0,0.0,0.0,0.0,0.0,0.0,0.0,0.2818598052889942,0.0,0.0,0.0,0.0,0.0,0.0,0.0,0.0,0.0,0.0,0.0,0.0,0.1012708680895661,0.0,0.0
pkg_terminal_AC-cool,cooling,4,0.0,0.0,0.0,0.0,0.0,0.0,0.0,0.0,0.0,0.0,0.0,0.0,0.1690885524071829,0.0,0.0,0.0,0.2010369866375003,0.0,0.0,0.0,0.0,0.0,0.0,0.1728244199596693,0.2990827652844768,0.0,0.0,0.0,0.0339926038711558,0.0929146894266497,0.0,0.0,0.0,0.0,0.0,0.0,0.0,0.0,0.0,0.0,0.0,0.0310599824133649,0.0,0.0,0.0,0.0,0.0,0.0,0.0,0.0,0.0
pkg_terminal_AC-cool,cooling,5,0.0,0.0,0.0,0.0,0.0,0.0,0.0,0.0199925296928179,0.0018252374946255,0.5533175568412867,0.1056950044170136,0.0,0.0,0.0,0.0,0.0,0.0,0.0,0.0,0.0,0.0362495041695082,0.0,0.0,0.0,0.0,0.0,0.0,0.1167075845559788,0.0,0.0,0.0,0.0,0.0,0.0,0.0,0.0,0.0,0.0,0.0,0.0,0.0668890940823558,0.0,0.0,0.0,0.0,0.0929692482487827,0.0,0.0,0.0,0.0063542404976305,0.0
pkg_terminal_AC-cool,cooling,6,0.0,0.2465337527422804,0.0,0.0,0.0,0.0,0.0,0.0,0.0,0.0,0.0,0.0,0.0,0.0,0.0,0.0,0.0,0.1580206831644884,0.0,0.0,0.0,0.0,0.0,0.0,0.0,0.1509245872185845,0.0,0.0,0.0,0.0,0.0,0.0,0.0,0.0,0.0,0.0,0.0,0.0,0.0,0.0,0.0,0.0,0.4445209768746464,0.0,0.0,0.0,0.0,0.0,0.0,0.0,0.0
pkg_terminal_AC-cool,cooling,7,0.0,0.0,0.064071295350381,0.0,0.0,0.0,0.0,0.0,0.0,0.0,0.0,0.0,0.0,0.0,0.0,0.0,0.0,0.0,0.0901429956902629,0.0,0.0,0.0,0.0,0.0,0.0,0.0,0.0,0.0,0.0,0.0,0.0,0.0,0.0,0.0,0.0,0.0,0.1021680139517244,0.0,0.0,0.0,0.0,0.0,0.0,0.7436176950076316,0.0,0.0,0.0,0.0,0.0,0.0,0.0
pkg_terminal_AC-cool,cooling,8,0.0,0.0,0.0,0.4105633137393056,0.0,0.1804925071473916,0.0,0.0,0.0,0.0,0.0,0.0,0.0,0.02847894186456,0.0,0.0,0.0,0.0,0.0,0.0,0.0,0.0,0.0,0.0,0.0,0.0,0.0359272864008512,0.0,0.0,0.0,0.0,0.0,0.0817609009882899,0.1774815376367114,0.0,0.0,0.0,0.0,0.0,0.0,0.0,0.0,0.0,0.0,0.0633995922155223,0.0,0.0,0.0,0.0,0.0,0.0218959200073673
pkg_terminal_AC-cool,cooling,9,0.0071104731677824,0.0,0.0,0.0,0.6334417563561572,0.0,0.0,0.0,0.0,0.0,0.0,0.1195642274927666,0.0,0.0,0.0,0.0,0.0,0.0,0.0,0.0,0.0,0.0,0.0,0.0,0.0,0.0,0.0,0.0,0.0,0.0,0.0,0.0,0.0,0.0,0.0,0.0,0.0,0.08299312788063,0.0,0.0,0.0,0.0,0.0,0.0,0.0,0.0,0.0,0.1568904151026635,0.0,0.0,0.0
rooftop_ASHP-cool,cooling,1,0.0,0.0,0.0,0.0,0.0,0.0,0.2869926383617213,0.0,0.0,0.0,0.0,0.0,0.0,0.0,0.0,0.0,0.0,0.0,0.0,0.5272352256837515,0.0,0.0651370149326034,0.0,0.0,0.0,0.0,0.0,0.0,0.0,0.0,0.0656448441178405,0.0,0.0,0.0,0.0,0.0,0.0,0.0,0.0,0.0430767306421371,0.0,0.0,0.0,0.0,0.0,0.0,0.0119135462619459,0.0,0.0,0.0,0.0
rooftop_ASHP-cool,cooling,2,0.0,0.0,0.0,0.0,0.0,0.0,0.0,0.0,0.0,0.0,0.0,0.0,0.0,0.0,0.0,0.0,0.0,0.0,0.0,0.0,0.0,0.0,0.0,0.0,0.0,0.0,0.0,0.0,0.0,0.0,0.0,0.1443325306305779,0.0,0.0,0.3426574778723988,0.0,0.0,0.0,0.5130099914970232,0.0,0.0,0.0,0.0,0.0,0.0,0.0,0.0,0.0,0.0,0.0,0.0
rooftop_ASHP-cool,cooling,3,0.0,0.0,0.0,0.0,0.0,0.0,0.0,0.0,0.0,0.0,0.0,0.0,0.0,0.0,0.1342017299931333,0.2989791644793135,0.0,0.0,0.0,0.0,0.0,0.0,0.1140828658551889,0.0,0.0,0.0,0.0,0.0,0.0,0.0,0.0,0.0,0.0,0.0,0.0,0.402409185610224,0.0,0.0,0.0,0.0,0.0,0.0,0.0,0.0,0.0,0.0,0.0,0.0,0.0503270540621402,0.0,0.0
rooftop_ASHP-cool,cooling,4,0.0,0.0,0.0,0.0,0.0,0.0,0.0,0.0,0.0,0.0,0.0,0.0,0.078403960036359,0.0,0.0,0.0,0.2507566396784814,0.0,0.0,0.0,0.0,0.0,0.0,0.0669871162568147,0.4715580812306028,0.0,0.0,0.0,0.0188364739044326,0.0981422614682577,0.0,0.0,0.0,0.0,0.0,0.0,0.0,0.0,0.0,0.0,0.0,0.0153154674250517,0.0,0.0,0.0,0.0,0.0,0.0,0.0,0.0,0.0
rooftop_ASHP-cool,cooling,5,0.0,0.0,0.0,0.0,0.0,0.0,0.0,0.0044651714105634,0.0019743593607821,0.6300968363350005,0.1032698550495945,0.0,0.0,0.0,0.0,0.0,0.0,0.0,0.0,0.0,0.0245035478247539,0.0,0.0,0.0,0.0,0.0,0.0,0.1107646901462011,0.0,0.0,0.0,0.0,0.0,0.0,0.0,0.0,0.0,0.0,0.0,0.0,0.0651884596898005,0.0,0.0,0.0,0.0,0.0544613520533005,0.0,0.0,0.0,0.0052757281300032,0.0
rooftop_ASHP-cool,cooling,6,0.0,0.3309299215915108,0.0,0.0,0.0,0.0,0.0,0.0,0.0,0.0,0.0,0.0,0.0,0.0,0.0,0.0,0.0,0.1325407577667665,0.0,0.0,0.0,0.0,0.0,0.0,0.0,0.1890808637695523,0.0,0.0,0.0,0.0,0.0,0.0,0.0,0.0,0.0,0.0,0.0,0.0,0.0,0.0,0.0,0.0,0.3474484568721702,0.0,0.0,0.0,0.0,0.0,0.0,0.0,0.0
rooftop_ASHP-cool,cooling,7,0.0,0.0,0.0646291642479737,0.0,0.0,0.0,0.0,0.0,0.0,0.0,0.0,0.0,0.0,0.0,0.0,0.0,0.0,0.0,0.1091198297369657,0.0,0.0,0.0,0.0,0.0,0.0,0.0,0.0,0.0,0.0,0.0,0.0,0.0,0.0,0.0,0.0,0.0,0.0624159014894177,0.0,0.0,0.0,0.0,0.0,0.0,0.7638351045256428,0.0,0.0,0.0,0.0,0.0,0.0,0.0
rooftop_ASHP-cool,cooling,8,0.0,0.0,0.0,0.7183731540828763,0.0,0.0660070591272766,0.0,0.0,0.0,0.0,0.0,0.0,0.0,0.0252682763249024,0.0,0.0,0.0,0.0,0.0,0.0,0.0,0.0,0.0,0.0,0.0,0.0,0.012007578922401,0.0,0.0,0.0,0.0,0.0,0.037319572971256,0.109975022607812,0.0,0.0,0.0,0.0,0.0,0.0,0.0,0.0,0.0,0.0,0.0234848708332138,0.0,0.0,0.0,0.0,0.0,0.0075644651302615
rooftop_ASHP-cool,cooling,9,0.0006125868416847,0.0,0.0,0.0,0.7469646696829642,0.0,0.0,0.0,0.0,0.0,0.0,0.0584789248960624,0.0,0.0,0.0,0.0,0.0,0.0,0.0,0.0,0.0,0.0,0.0,0.0,0.0,0.0,0.0,0.0,0.0,0.0,0.0,0.0,0.0,0.0,0.0,0.0,0.0,0.0666201376781905,0.0,0.0,0.0,0.0,0.0,0.0,0.0,0.0,0.0,0.1273236809010978,0.0,0.0,0.0
chiller,cooling,1,0.0,0.0,0.0,0.0,0.0,0.0,0.2164608792009312,0.0,0.0,0.0,0.0,0.0,0.0,0.0,0.0,0.0,0.0,0.0,0.0,0.6821212371908371,0.0,0.0343928908080688,0.0,0.0,0.0,0.0,0.0,0.0,0.0,0.0,0.0298276923470079,0.0,0.0,0.0,0.0,0.0,0.0,0.0,0.0,0.0284447285640183,0.0,0.0,0.0,0.0,0.0,0.0,0.0087525718891365,0.0,0.0,0.0,0.0
chiller,cooling,2,0.0,0.0,0.0,0.0,0.0,0.0,0.0,0.0,0.0,0.0,0.0,0.0,0.0,0.0,0.0,0.0,0.0,0.0,0.0,0.0,0.0,0.0,0.0,0.0,0.0,0.0,0.0,0.0,0.0,0.0,0.0,0.1539402064821969,0.0,0.0,0.5853151347775074,0.0,0.0,0.0,0.2607446587402956,0.0,0.0,0.0,0.0,0.0,0.0,0.0,0.0,0.0,0.0,0.0,0.0
chiller,cooling,3,0.0,0.0,0.0,0.0,0.0,0.0,0.0,0.0,0.0,0.0,0.0,0.0,0.0,0.0,0.2975338770880439,0.1489332246503491,0.0,0.0,0.0,0.0,0.0,0.0,0.1945127141874115,0.0,0.0,0.0,0.0,0.0,0.0,0.0,0.0,0.0,0.0,0.0,0.0,0.2877045922125237,0.0,0.0,0.0,0.0,0.0,0.0,0.0,0.0,0.0,0.0,0.0,0.0,0.0713155918616715,0.0,0.0
chiller,cooling,4,0.0,0.0,0.0,0.0,0.0,0.0,0.0,0.0,0.0,0.0,0.0,0.0,0.1382489189488689,0.0,0.0,0.0,0.1839189845411362,0.0,0.0,0.0,0.0,0.0,0.0,0.2091133247046817,0.3869852544270015,0.0,0.0,0.0,0.0103329537312802,0.0624396105798608,0.0,0.0,0.0,0.0,0.0,0.0,0.0,0.0,0.0,0.0,0.0,0.0089609530671704,0.0,0.0,0.0,0.0,0.0,0.0,0.0,0.0,0.0
chiller,cooling,5,0.0,0.0,0.0,0.0,0.0,0.0,0.0,0.0723385212216824,0.0054533763811146,0.328088707868211,0.1586452880411421,0.0,0.0,0.0,0.0,0.0,0.0,0.0,0.0,0.0,0.1009048904057149,0.0,0.0,0.0,0.0,0.0,0.0,0.110070112500708,0.0,0.0,0.0,0.0,0.0,0.0,0.0,0.0,0.0,0.0,0.0,0.0,0.0405638779917132,0.0,0.0,0.0,0.0,0.1759197516363414,0.0,0.0,0.0,0.008015473953372,0.0
chiller,cooling,6,0.0,0.2628182214070714,0.0,0.0,0.0,0.0,0.0,0.0,0.0,0.0,0.0,0.0,0.0,0.0,0.0,0.0,0.0,0.1471506774704823,0.0,0.0,0.0,0.0,0.0,0.0,0.0,0.1261207499233641,0.0,0.0,0.0,0.0,0.0,0.0,0.0,0.0,0.0,0.0,0.0,0.0,0.0,0.0,0.0,0.0,0.4639103511990821,0.0,0.0,0.0,0.0,0.0,0.0,0.0,0.0
chiller,cooling,7,0.0,0.0,0.0372608150823123,0.0,0.0,0.0,0.0,0.0,0.0,0.0,0.0,0.0,0.0,0.0,0.0,0.0,0.0,0.0,0.0705407487134419,0.0,0.0,0.0,0.0,0.0,0.0,0.0,0.0,0.0,0.0,0.0,0.0,0.0,0.0,0.0,0.0,0.0,0.0591742285672075,0.0,0.0,0.0,0.0,0.0,0.0,0.8330242076370382,0.0,0.0,0.0,0.0,0.0,0.0,0.0
chiller,cooling,8,0.0,0.0,0.0,0.4112449715983,0.0,0.2978339916707096,0.0,0.0,0.0,0.0,0.0,0.0,0.0,0.0127688276048861,0.0,0.0,0.0,0.0,0.0,0.0,0.0,0.0,0.0,0.0,0.0,0.0,0.006903524334412,0.0,0.0,0.0,0.0,0.0,0.0292172565324408,0.1136841272920435,0.0,0.0,0.0,0.0,0.0,0.0,0.0,0.0,0.0,0.0,0.1223792575676351,0.0,0.0,0.0,0.0,0.0,0.0059680433995727
chiller,cooling,9,0.0013989188697051,0.0,0.0,0.0,0.8639101909308248,0.0,0.0,0.0,0.0,0.0,0.0,0.0411143040395115,0.0,0.0,0.0,0.0,0.0,0.0,0.0,0.0,0.0,0.0,0.0,0.0,0.0,0.0,0.0,0.0,0.0,0.0,0.0,0.0,0.0,0.0,0.0,0.0,0.0,0.0271963969070667,0.0,0.0,0.0,0.0,0.0,0.0,0.0,0.0,0.0,0.0663801892528918,0.0,0.0,0.0
resistance,heating,1,0.0,0.0,0.0,0.0,0.0,0.0,0.2310769738800802,0.0,0.0,0.0,0.0,0.0,0.0,0.0,0.0,0.0,0.0,0.0,0.0,0.5435465594961986,0.0,0.0855135764308024,0.0,0.0,0.0,0.0,0.0,0.0,0.0,0.0,0.0770914690353636,0.0,0.0,0.0,0.0,0.0,0.0,0.0,0.0,0.041051715431143,0.0,0.0,0.0,0.0,0.0,0.0,0.0217197057264119,0.0,0.0,0.0,0.0
resistance,heating,2,0.0,0.0,0.0,0.0,0.0,0.0,0.0,0.0,0.0,0.0,0.0,0.0,0.0,0.0,0.0,0.0,0.0,0.0,0.0,0.0,0.0,0.0,0.0,0.0,0.0,0.0,0.0,0.0,0.0,0.0,0.0,0.1313351832028186,0.0,0.0,0.4561633196599534,0.0,0.0,0.0,0.4125014971372279,0.0,0.0,0.0,0.0,0.0,0.0,0.0,0.0,0.0,0.0,0.0,0.0
resistance,heating,3,0.0,0.0,0.0,0.0,0.0,0.0,0.0,0.0,0.0,0.0,0.0,0.0,0.0,0.0,0.1950825750946007,0.21570891442228,0.0,0.0,0.0,0.0,0.0,0.0,0.1504049521401988,0.0,0.0,0.0,0.0,0.0,0.0,0.0,0.0,0.0,0.0,0.0,0.0,0.3383860348241212,0.0,0.0,0.0,0.0,0.0,0.0,0.0,0.0,0.0,0.0,0.0,0.0,0.1004175235187992,0.0,0.0
resistance,heating,4,0.0,0.0,0.0,0.0,0.0,0.0,0.0,0.0,0.0,0.0,0.0,0.0,0.1573007839665405,0.0,0.0,0.0,0.1149144204593441,0.0,0.0,0.0,0.0,0.0,0.0,0.2719499194742851,0.2213154289008767,0.0,0.0,0.0,0.0633443825942864,0.1220199667942964,0.0,0.0,0.0,0.0,0.0,0.0,0.0,0.0,0.0,0.0,0.0,0.0491550978103706,0.0,0.0,0.0,0.0,0.0,0.0,0.0,0.0,0.0
resistance,heating,5,0.0,0.0,0.0,0.0,0.0,0.0,0.0,0.0246573767288303,0.0132143543553766,0.0899979485379272,0.1692974016276807,0.0,0.0,0.0,0.0,0.0,0.0,0.0,0.0,0.0,0.1486296902332343,0.0,0.0,0.0,0.0,0.0,0.0,0.2556295595050408,0.0,0.0,0.0,0.0,0.0,0.0,0.0,0.0,0.0,0.0,0.0,0.0,0.0701878405999563,0.0,0.0,0.0,0.0,0.2026210054602901,0.0,0.0,0.0,0.0257648229516634,0.0
resistance,heating,6,0.0,0.1945666315241475,0.0,0.0,0.0,0.0,0.0,0.0,0.0,0.0,0.0,0.0,0.0,0.0,0.0,0.0,0.0,0.3164049695150386,0.0,0.0,0.0,0.0,0.0,0.0,0.0,0.0950695343316799,0.0,0.0,0.0,0.0,0.0,0.0,0.0,0.0,0.0,0.0,0.0,0.0,0.0,0.0,0.0,0.0,0.3939588646291338,0.0,0.0,0.0,0.0,0.0,0.0,0.0,0.0
resistance,heating,7,0.0,0.0,0.1348345067529155,0.0,0.0,0.0,0.0,0.0,0.0,0.0,0.0,0.0,0.0,0.0,0.0,0.0,0.0,0.0,0.0713323440691643,0.0,0.0,0.0,0.0,0.0,0.0,0.0,0.0,0.0,0.0,0.0,0.0,0.0,0.0,0.0,0.0,0.0,0.1834416848723061,0.0,0.0,0.0,0.0,0.0,0.0,0.6103914643056139,0.0,0.0,0.0,0.0,0.0,0.0,0.0
resistance,heating,8,0.0,0.0,0.0,0.0962460109981995,0.0,0.401513902071879,0.0,0.0,0.0,0.0,0.0,0.0,0.0,0.1259205822920621,0.0,0.0,0.0,0.0,0.0,0.0,0.0,0.0,0.0,0.0,0.0,0.0,0.1148673301909874,0.0,0.0,0.0,0.0,0.0,0.0392092411902658,0.0906537463304566,0.0,0.0,0.0,0.0,0.0,0.0,0.0,0.0,0.0,0.0,0.083164633655816,0.0,0.0,0.0,0.0,0.0,0.0484245532703335
resistance,heating,9,0.048484664971977,0.0,0.0,0.0,0.524234495387236,0.0,0.0,0.0,0.0,0.0,0.0,0.0010489392139346,0.0,0.0,0.0,0.0,0.0,0.0,0.0,0.0,0.0,0.0,0.0,0.0,0.0,0.0,0.0,0.0,0.0,0.0,0.0,0.0,0.0,0.0,0.0,0.0,0.0,0.1382870354161661,0.0,0.0,0.0,0.0,0.0,0.0,0.0,0.0,0.0,0.2879448650106862,0.0,0.0,0.0
pkg_terminal_HP-heat,heating,1,0.0,0.0,0.0,0.0,0.0,0.0,0.2348125637705005,0.0,0.0,0.0,0.0,0.0,0.0,0.0,0.0,0.0,0.0,0.0,0.0,0.4391983432990068,0.0,0.1422713796998891,0.0,0.0,0.0,0.0,0.0,0.0,0.0,0.0,0.1001422595433031,0.0,0.0,0.0,0.0,0.0,0.0,0.0,0.0,0.0442946620622856,0.0,0.0,0.0,0.0,0.0,0.0,0.0392807916250146,0.0,0.0,0.0,0.0
pkg_terminal_HP-heat,heating,2,0.0,0.0,0.0,0.0,0.0,0.0,0.0,0.0,0.0,0.0,0.0,0.0,0.0,0.0,0.0,0.0,0.0,0.0,0.0,0.0,0.0,0.0,0.0,0.0,0.0,0.0,0.0,0.0,0.0,0.0,0.0,0.1289614827133678,0.0,0.0,0.4323666619696768,0.0,0.0,0.0,0.4386718553169554,0.0,0.0,0.0,0.0,0.0,0.0,0.0,0.0,0.0,0.0,0.0,0.0
pkg_terminal_HP-heat,heating,3,0.0,0.0,0.0,0.0,0.0,0.0,0.0,0.0,0.0,0.0,0.0,0.0,0.0,0.0,0.1349828595684417,0.2479311840877108,0.0,0.0,0.0,0.0,0.0,0.0,0.1613402008042047,0.0,0.0,0.0,0.0,0.0,0.0,0.0,0.0,0.0,0.0,0.0,0.0,0.3395829854237311,0.0,0.0,0.0,0.0,0.0,0.0,0.0,0.0,0.0,0.0,0.0,0.0,0.1161627701159114,0.0,0.0
pkg_terminal_HP-heat,heating,4,0.0,0.0,0.0,0.0,0.0,0.0,0.0,0.0,0.0,0.0,0.0,0.0,0.1416638869392505,0.0,0.0,0.0,0.0859220823526056,0.0,0.0,0.0,0.0,0.0,0.0,0.2466645609638917,0.1948740664649504,0.0,0.0,0.0,0.082220801716234,0.1688932217186452,0.0,0.0,0.0,0.0,0.0,0.0,0.0,0.0,0.0,0.0,0.0,0.0797613798444224,0.0,0.0,0.0,0.0,0.0,0.0,0.0,0.0,0.0
pkg_terminal_HP-heat,heating,5,0.0,0.0,0.0,0.0,0.0,0.0,0.0,0.0101031843376023,0.0087572456444644,0.0679760365160372,0.1444771195652616,0.0,0.0,0.0,0.0,0.0,0.0,0.0,0.0,0.0,0.1603416693374386,0.0,0.0,0.0,0.0,0.0,0.0,0.2723269179940962,0.0,0.0,0.0,0.0,0.0,0.0,0.0,0.0,0.0,0.0,0.0,0.0,0.0969980221471989,0.0,0.0,0.0,0.0,0.1864117282223449,0.0,0.0,0.0,0.0526080762355556,0.0
pkg_terminal_HP-heat,heating,6,0.0,0.1935492521508274,0.0,0.0,0.0,0.0,0.0,0.0,0.0,0.0,0.0,0.0,0.0,0.0,0.0,0.0,0.0,0.2747446767239849,0.0,0.0,0.0,0.0,0.0,0.0,0.0,0.0926558688634484,0.0,0.0,0.0,0.0,0.0,0.0,0.0,0.0,0.0,0.0,0.0,0.0,0.0,0.0,0.0,0.0,0.4390502022617391,0.0,0.0,0.0,0.0,0.0,0.0,0.0,0.0
pkg_terminal_HP-heat,heating,7,0.0,0.0,0.1500582185625487,0.0,0.0,0.0,0.0,0.0,0.0,0.0,0.0,0.0,0.0,0.0,0.0,0.0,0.0,0.0,0.0679660623317448,0.0,0.0,0.0,0.0,0.0,0.0,0.0,0.0,0.0,0.0,0.0,0.0,0.0,0.0,0.0,0.0,0.0,0.2277288578253894,0.0,0.0,0.0,0.0,0.0,0.0,0.554246861280317,0.0,0.0,0.0,0.0,0.0,0.0,0.0
pkg_terminal_HP-heat,heating,8,0.0,0.0,0.0,0.0469476900813354,0.0,0.3498751879150367,0.0,0.0,0.0,0.0,0.0,0.0,0.0,0.1977687754529757,0.0,0.0,0.0,0.0,0.0,0.0,0.0,0.0,0.0,0.0,0.0,0.0,0.1397311341666102,0.0,0.0,0.0,0.0,0.0,0.0410486149059995,0.0519174542394163,0.0,0.0,0.0,0.0,0.0,0.0,0.0,0.0,0.0,0.0,0.060681645162226,0.0,0.0,0.0,0.0,0.0,0.1120294980763998
pkg_terminal_HP-heat,heating,9,0.1087757173395261,0.0,0.0,0.0,0.3483200852412607,0.0,0.0,0.0,0.0,0.0,0.0,8.7403128855032e-05,0.0,0.0,0.0,0.0,0.0,0.0,0.0,0.0,0.0,0.0,0.0,0.0,0.0,0.0,0.0,0.0,0.0,0.0,0.0,0.0,0.0,0.0,0.0,0.0,0.0,0.1909475270835149,0.0,0.0,0.0,0.0,0.0,0.0,0.0,0.0,0.0,0.3518692672068433,0.0,0.0,0.0
comm_GSHP-heat,heating,1,0.0,0.0,0.0,0.0,0.0,0.0,0.1749439045827347,0.0,0.0,0.0,0.0,0.0,0.0,0.0,0.0,0.0,0.0,0.0,0.0,0.7329930345744206,0.0,0.0559389930698546,0.0,0.0,0.0,0.0,0.0,0.0,0.0,0.0,0.0183571751425998,0.0,0.0,0.0,0.0,0.0,0.0,0.0,0.0,0.0,0.0,0.0,0.0,0.0,0.0,0.0,0.0177668926303901,0.0,0.0,0.0,0.0
comm_GSHP-heat,heating,2,0.0,0.0,0.0,0.0,0.0,0.0,0.0,0.0,0.0,0.0,0.0,0.0,0.0,0.0,0.0,0.0,0.0,0.0,0.0,0.0,0.0,0.0,0.0,0.0,0.0,0.0,0.0,0.0,0.0,0.0,0.0,0.1095676540560227,0.0,0.0,0.5793441736785991,0.0,0.0,0.0,0.311088172265378,0.0,0.0,0.0,0.0,0.0,0.0,0.0,0.0,0.0,0.0,0.0,0.0
comm_GSHP-heat,heating,3,0.0,0.0,0.0,0.0,0.0,0.0,0.0,0.0,0.0,0.0,0.0,0.0,0.0,0.0,0.1873240181462612,0.2327562836416388,0.0,0.0,0.0,0.0,0.0,0.0,0.2079911677507929,0.0,0.0,0.0,0.0,0.0,0.0,0.0,0.0,0.0,0.0,0.0,0.0,0.3330456737716123,0.0,0.0,0.0,0.0,0.0,0.0,0.0,0.0,0.0,0.0,0.0,0.0,0.0388828566896945,0.0,0.0
comm_GSHP-heat,heating,4,0.0,0.0,0.0,0.0,0.0,0.0,0.0,0.0,0.0,0.0,0.0,0.0,0.1867447807140317,0.0,0.0,0.0,0.109168702359599,0.0,0.0,0.0,0.0,0.0,0.0,0.2762166317763829,0.2668724593375395,0.0,0.0,0.0,0.0338842425878031,0.0701925296185995,0.0,0.0,0.0,0.0,0.0,0.0,0.0,0.0,0.0,0.0,0.0,0.056920653606044,0.0,0.0,0.0,0.0,0.0,0.0,0.0,0.0,0.0
comm_GSHP-heat,heating,5,0.0,0.0,0.0,0.0,0.0,0.0,0.0,0.0457193448098601,0.0022964280678491,0.1270626680419488,0.1890481287893869,0.0,0.0,0.0,0.0,0.0,0.0,0.0,0.0,0.0,0.1141093825338321,0.0,0.0,0.0,0.0,0.0,0.0,0.2337824847721628,0.0,0.0,0.0,0.0,0.0,0.0,0.0,0.0,0.0,0.0,0.0,0.0,0.0715380542161113,0.0,0.0,0.0,0.0,0.2162757966019809,0.0,0.0,0.0,0.0001677121668677,0.0
comm_GSHP-heat,heating,6,0.0,0.2061012098930774,0.0,0.0,0.0,0.0,0.0,0.0,0.0,0.0,0.0,0.0,0.0,0.0,0.0,0.0,0.0,0.340058207362431,0.0,0.0,0.0,0.0,0.0,0.0,0.0,0.1249364908610424,0.0,0.0,0.0,0.0,0.0,0.0,0.0,0.0,0.0,0.0,0.0,0.0,0.0,0.0,0.0,0.0,0.3289040918834491,0.0,0.0,0.0,0.0,0.0,0.0,0.0,0.0
comm_GSHP-heat,heating,7,0.0,0.0,0.0998400031250457,0.0,0.0,0.0,0.0,0.0,0.0,0.0,0.0,0.0,0.0,0.0,0.0,0.0,0.0,0.0,0.0878309050746709,0.0,0.0,0.0,0.0,0.0,0.0,0.0,0.0,0.0,0.0,0.0,0.0,0.0,0.0,0.0,0.0,0.0,0.1149907478506308,0.0,0.0,0.0,0.0,0.0,0.0,0.6973383439496523,0.0,0.0,0.0,0.0,0.0,0.0,0.0
comm_GSHP-heat,heating,8,0.0,0.0,0.0,0.0958357744628342,0.0,0.4988134142847304,0.0,0.0,0.0,0.0,0.0,0.0,0.0,0.1553222139096937,0.0,0.0,0.0,0.0,0.0,0.0,0.0,0.0,0.0,0.0,0.0,0.0,0.1189781263021035,0.0,0.0,0.0,0.0,0.0,0.0263961788785325,0.0458546227818879,0.0,0.0,0.0,0.0,0.0,0.0,0.0,0.0,0.0,0.0,0.0580711679555561,0.0,0.0,0.0,0.0,0.0,0.000728501424661
comm_GSHP-heat,heating,9,0.1545848279022915,0.0,0.0,0.0,0.0,0.0,0.0,0.0,0.0,0.0,0.0,0.0009656375163168,0.0,0.0,0.0,0.0,0.0,0.0,0.0,0.0,0.0,0.0,0.0,0.0,0.0,0.0,0.0,0.0,0.0,0.0,0.0,0.0,0.0,0.0,0.0,0.0,0.0,0.3295459137361656,0.0,0.0,0.0,0.0,0.0,0.0,0.0,0.0,0.0,0.514903620845226,0.0,0.0,0.0
rooftop_ASHP-heat,heating,1,0.0,0.0,0.0,0.0,0.0,0.0,0.263095910164739,0.0,0.0,0.0,0.0,0.0,0.0,0.0,0.0,0.0,0.0,0.0,0.0,0.4777589299451318,0.0,0.1141653927905279,0.0,0.0,0.0,0.0,0.0,0.0,0.0,0.0,0.0809163257318123,0.0,0.0,0.0,0.0,0.0,0.0,0.0,0.0,0.0452322199815117,0.0,0.0,0.0,0.0,0.0,0.0,0.018831221386277,0.0,0.0,0.0,0.0
rooftop_ASHP-heat,heating,2,0.0,0.0,0.0,0.0,0.0,0.0,0.0,0.0,0.0,0.0,0.0,0.0,0.0,0.0,0.0,0.0,0.0,0.0,0.0,0.0,0.0,0.0,0.0,0.0,0.0,0.0,0.0,0.0,0.0,0.0,0.0,0.1123886144440177,0.0,0.0,0.4345648189763591,0.0,0.0,0.0,0.4530465665796231,0.0,0.0,0.0,0.0,0.0,0.0,0.0,0.0,0.0,0.0,0.0,0.0
rooftop_ASHP-heat,heating,3,0.0,0.0,0.0,0.0,0.0,0.0,0.0,0.0,0.0,0.0,0.0,0.0,0.0,0.0,0.1265717658854771,0.2524853864375964,0.0,0.0,0.0,0.0,0.0,0.0,0.135617900857958,0.0,0.0,0.0,0.0,0.0,0.0,0.0,0.0,0.0,0.0,0.0,0.0,0.3953163530241802,0.0,0.0,0.0,0.0,0.0,0.0,0.0,0.0,0.0,0.0,0.0,0.0,0.0900085937947882,0.0,0.0
rooftop_ASHP-heat,heating,4,0.0,0.0,0.0,0.0,0.0,0.0,0.0,0.0,0.0,0.0,0.0,0.0,0.1559108363887976,0.0,0.0,0.0,0.1295794222399227,0.0,0.0,0.0,0.0,0.0,0.0,0.1943162676627999,0.2788875822530034,0.0,0.0,0.0,0.0676086138637597,0.123576276382152,0.0,0.0,0.0,0.0,0.0,0.0,0.0,0.0,0.0,0.0,0.0,0.0501210012095644,0.0,0.0,0.0,0.0,0.0,0.0,0.0,0.0,0.0
rooftop_ASHP-heat,heating,5,0.0,0.0,0.0,0.0,0.0,0.0,0.0,0.0137649213217328,0.0115595741069834,0.0608837898956568,0.1693698441964083,0.0,0.0,0.0,0.0,0.0,0.0,0.0,0.0,0.0,0.1326307166756772,0.0,0.0,0.0,0.0,0.0,0.0,0.2984225777728173,0.0,0.0,0.0,0.0,0.0,0.0,0.0,0.0,0.0,0.0,0.0,0.0,0.0789851452318119,0.0,0.0,0.0,0.0,0.1950761149354539,0.0,0.0,0.0,0.0393073158634581,0.0
rooftop_ASHP-heat,heating,6,0.0,0.1872707004501264,0.0,0.0,0.0,0.0,0.0,0.0,0.0,0.0,0.0,0.0,0.0,0.0,0.0,0.0,0.0,0.3014707601801158,0.0,0.0,0.0,0.0,0.0,0.0,0.0,0.0977700617263645,0.0,0.0,0.0,0.0,0.0,0.0,0.0,0.0,0.0,0.0,0.0,0.0,0.0,0.0,0.0,0.0,0.4134884776433931,0.0,0.0,0.0,0.0,0.0,0.0,0.0,0.0
rooftop_ASHP-heat,heating,7,0.0,0.0,0.1733084401629618,0.0,0.0,0.0,0.0,0.0,0.0,0.0,0.0,0.0,0.0,0.0,0.0,0.0,0.0,0.0,0.0647783456032624,0.0,0.0,0.0,0.0,0.0,0.0,0.0,0.0,0.0,0.0,0.0,0.0,0.0,0.0,0.0,0.0,0.0,0.1817413616661485,0.0,0.0,0.0,0.0,0.0,0.0,0.5801718525676272,0.0,0.0,0.0,0.0,0.0,0.0,0.0
rooftop_ASHP-heat,heating,8,0.0,0.0,0.0,0.0627808042057298,0.0,0.3299666669513196,0.0,0.0,0.0,0.0,0.0,0.0,0.0,0.1896604477577693,0.0,0.0,0.0,0.0,0.0,0.0,0.0,0.0,0.0,0.0,0.0,0.0,0.2083670125663211,0.0,0.0,0.0,0.0,0.0,0.0393008952884909,0.0476902999345515,0.0,0.0,0.0,0.0,0.0,0.0,0.0,0.0,0.0,0.0,0.0527925839877568,0.0,0.0,0.0,0.0,0.0,0.0694412893080607
rooftop_ASHP-heat,heating,9,0.0712981068308498,0.0,0.0,0.0,0.3257806496326477,0.0,0.0,0.0,0.0,0.0,0.0,0.0002292076748377,0.0,0.0,0.0,0.0,0.0,0.0,0.0,0.0,0.0,0.0,0.0,0.0,0.0,0.0,0.0,0.0,0.0,0.0,0.0,0.0,0.0,0.0,0.0,0.0,0.0,0.1974252333026679,0.0,0.0,0.0,0.0,0.0,0.0,0.0,0.0,0.0,0.4052668025589969,0.0,0.0,0.0
all,heating,1,0.0,0.0,0.0,0.0,0.0,0.0,0.2329038862992246,0.0,0.0,0.0,0.0,0.0,0.0,0.0,0.0,0.0,0.0,0.0,0.0,0.5391173433791355,0.0,0.088291983289375,0.0,0.0,0.0,0.0,0.0,0.0,0.0,0.0,0.0770108938980408,0.0,0.0,0.0,0.0,0.0,0.0,0.0,0.0,0.0406581305007702,0.0,0.0,0.0,0.0,0.0,0.0,0.0220177626334535,0.0,0.0,0.0,0.0
all,heating,2,0.0,0.0,0.0,0.0,0.0,0.0,0.0,0.0,0.0,0.0,0.0,0.0,0.0,0.0,0.0,0.0,0.0,0.0,0.0,0.0,0.0,0.0,0.0,0.0,0.0,0.0,0.0,0.0,0.0,0.0,0.0,0.130358324821693,0.0,0.0,0.4588878985467245,0.0,0.0,0.0,0.4107537766315825,0.0,0.0,0.0,0.0,0.0,0.0,0.0,0.0,0.0,0.0,0.0,0.0
all,heating,3,0.0,0.0,0.0,0.0,0.0,0.0,0.0,0.0,0.0,0.0,0.0,0.0,0.0,0.0,0.1947785974954879,0.2168145074219646,0.0,0.0,0.0,0.0,0.0,0.0,0.1505492458745765,0.0,0.0,0.0,0.0,0.0,0.0,0.0,0.0,0.0,0.0,0.0,0.0,0.3389093231937304,0.0,0.0,0.0,0.0,0.0,0.0,0.0,0.0,0.0,0.0,0.0,0.0,0.0989483260142405,0.0,0.0
all,heating,4,0.0,0.0,0.0,0.0,0.0,0.0,0.0,0.0,0.0,0.0,0.0,0.0,0.1583968101924018,0.0,0.0,0.0,0.1139728326293017,0.0,0.0,0.0,0.0,0.0,0.0,0.2669769867815389,0.2238191676135943,0.0,0.0,0.0,0.0635483911380601,0.1227034690600032,0.0,0.0,0.0,0.0,0.0,0.0,0.0,0.0,0.0,0.0,0.0,0.0505823425850996,0.0,0.0,0.0,0.0,0.0,0.0,0.0,0.0,0.0
all,heating,5,0.0,0.0,0.0,0.0,0.0,0.0,0.0,0.0241007646576173,0.0128577202370576,0.0886386550662747,0.1685666163497656,0.0,0.0,0.0,0.0,0.0,0.0,0.0,0.0,0.0,0.1485328697963089,0.0,0.0,0.0,0.0,0.0,0.0,0.2574825118132569,0.0,0.0,0.0,0.0,0.0,0.0,0.0,0.0,0.0,0.0,0.0,0.0,0.0712066808572304,0.0,0.0,0.0,0.0,0.2017964490527558,0.0,0.0,0.0,0.0268177321697327,0.0
all,heating,6,0.0,0.1950865903690681,0.0,0.0,0.0,0.0,0.0,0.0,0.0,0.0,0.0,0.0,0.0,0.0,0.0,0.0,0.0,0.3137791720081023,0.0,0.0,0.0,0.0,0.0,0.0,0.0,0.096759720771912,0.0,0.0,0.0,0.0,0.0,0.0,0.0,0.0,0.0,0.0,0.0,0.0,0.0,0.0,0.0,0.0,0.3943745168509173,0.0,0.0,0.0,0.0,0.0,0.0,0.0,0.0
all,heating,7,0.0,0.0,0.1347061478930065,0.0,0.0,0.0,0.0,0.0,0.0,0.0,0.0,0.0,0.0,0.0,0.0,0.0,0.0,0.0,0.0716665501104093,0.0,0.0,0.0,0.0,0.0,0.0,0.0,0.0,0.0,0.0,0.0,0.0,0.0,0.0,0.0,0.0,0.0,0.182289577502784,0.0,0.0,0.0,0.0,0.0,0.0,0.6113377244938001,0.0,0.0,0.0,0.0,0.0,0.0,0.0
all,heating,8,0.0,0.0,0.0,0.0929073973522318,0.0,0.3981072421236323,0.0,0.0,0.0,0.0,0.0,0.0,0.0,0.1312719423265927,0.0,0.0,0.0,0.0,0.0,0.0,0.0,0.0,0.0,0.0,0.0,0.0,0.1218061130733393,0.0,0.0,0.0,0.0,0.0,0.0390036284894824,0.0866596307319118,0.0,0.0,0.0,0.0,0.0,0.0,0.0,0.0,0.0,0.0,0.0802676479356218,0.0,0.0,0.0,0.0,0.0,0.0499763979671876
all,heating,9,0.0524357770996398,0.0,0.0,0.0,0.5045594490822505,0.0,0.0,0.0,0.0,0.0,0.0,0.002081075938698,0.0,0.0,0.0,0.0,0.0,0.0,0.0,0.0,0.0,0.0,0.0,0.0,0.0,0.0,0.0,0.0,0.0,0.0,0.0,0.0,0.0,0.0,0.0,0.0,0.0,0.1442255517462048,0.0,0.0,0.0,0.0,0.0,0.0,0.0,0.0,0.0,0.2966981461332069,0.0,0.0,0.0
all,cooling,1,0.0,0.0,0.0,0.0,0.0,0.0,0.2356079805405343,0.0,0.0,0.0,0.0,0.0,0.0,0.0,0.0,0.0,0.0,0.0,0.0,0.5717416382027357,0.0,0.0615357549084369,0.0,0.0,0.0,0.0,0.0,0.0,0.0,0.0,0.069318847550249,0.0,0.0,0.0,0.0,0.0,0.0,0.0,0.0,0.0425950833422303,0.0,0.0,0.0,0.0,0.0,0.0,0.0192006954558137,0.0,0.0,0.0,0.0
all,cooling,2,0.0,0.0,0.0,0.0,0.0,0.0,0.0,0.0,0.0,0.0,0.0,0.0,0.0,0.0,0.0,0.0,0.0,0.0,0.0,0.0,0.0,0.0,0.0,0.0,0.0,0.0,0.0,0.0,0.0,0.0,0.0,0.1698399698372264,0.0,0.0,0.4998777834596006,0.0,0.0,0.0,0.3302822467031729,0.0,0.0,0.0,0.0,0.0,0.0,0.0,0.0,0.0,0.0,0.0,0.0
all,cooling,3,0.0,0.0,0.0,0.0,0.0,0.0,0.0,0.0,0.0,0.0,0.0,0.0,0.0,0.0,0.221348314689417,0.1907239990260855,0.0,0.0,0.0,0.0,0.0,0.0,0.1998605669200388,0.0,0.0,0.0,0.0,0.0,0.0,0.0,0.0,0.0,0.0,0.0,0.0,0.3127986404840551,0.0,0.0,0.0,0.0,0.0,0.0,0.0,0.0,0.0,0.0,0.0,0.0,0.0752684788804035,0.0,0.0
all,cooling,4,0.0,0.0,0.0,0.0,0.0,0.0,0.0,0.0,0.0,0.0,0.0,0.0,0.1229965077371745,0.0,0.0,0.0,0.2217588039546132,0.0,0.0,0.0,0.0,0.0,0.0,0.1505226772031957,0.3756887301826964,0.0,0.0,0.0,0.0208754226087108,0.0877028904027472,0.0,0.0,0.0,0.0,0.0,0.0,0.0,0.0,0.0,0.0,0.0,0.020454967910862,0.0,0.0,0.0,0.0,0.0,0.0,0.0,0.0,0.0
all,cooling,5,0.0,0.0,0.0,0.0,0.0,0.0,0.0,0.0228341284871743,0.0044282682908229,0.4620284214893309,0.1500399066757462,0.0,0.0,0.0,0.0,0.0,0.0,0.0,0.0,0.0,0.0587627142996604,0.0,0.0,0.0,0.0,0.0,0.0,0.1293147915411098,0.0,0.0,0.0,0.0,0.0,0.0,0.0,0.0,0.0,0.0,0.0,0.0,0.061384106960646,0.0,0.0,0.0,0.0,0.103133192835502,0.0,0.0,0.0,0.0080744694200071,0.0
all,cooling,6,0.0,0.3077528140648247,0.0,0.0,0.0,0.0,0.0,0.0,0.0,0.0,0.0,0.0,0.0,0.0,0.0,0.0,0.0,0.1559073384506349,0.0,0.0,0.0,0.0,0.0,0.0,0.0,0.1742953064133116,0.0,0.0,0.0,0.0,0.0,0.0,0.0,0.0,0.0,0.0,0.0,0.0,0.0,0.0,0.0,0.0,0.3620445410712286,0.0,0.0,0.0,0.0,0.0,0.0,0.0,0.0
all,cooling,7,0.0,0.0,0.0596769302124678,0.0,0.0,0.0,0.0,0.0,0.0,0.0,0.0,0.0,0.0,0.0,0.0,0.0,0.0,0.0,0.097081143098704,0.0,0.0,0.0,0.0,0.0,0.0,0.0,0.0,0.0,0.0,0.0,0.0,0.0,0.0,0.0,0.0,0.0,0.09012399648156,0.0,0.0,0.0,0.0,0.0,0.0,0.7531179302072681,0.0,0.0,0.0,0.0,0.0,0.0,0.0
all,cooling,8,0.0,0.0,0.0,0.4886749100540987,0.0,0.1654261523234786,0.0,0.0,0.0,0.0,0.0,0.0,0.0,0.0252246174975559,0.0,0.0,0.0,0.0,0.0,0.0,0.0,0.0,0.0,0.0,0.0,0.0,0.0174024458565871,0.0,0.0,0.0,0.0,0.0,0.0575239025922235,0.1540598713266738,0.0,0.0,0.0,0.0,0.0,0.0,0.0,0.0,0.0,0.0,0.0803377335203107,0.0,0.0,0.0,0.0,0.0,0.0113503668290715
all,cooling,9,0.0014081063063037,0.0,0.0,0.0,0.8278665676499064,0.0,0.0,0.0,0.0,0.0,0.0,0.0581899085252549,0.0,0.0,0.0,0.0,0.0,0.0,0.0,0.0,0.0,0.0,0.0,0.0,0.0,0.0,0.0,0.0,0.0,0.0,0.0,0.0,0.0,0.0,0.0,0.0,0.0,0.0381403135006925,0.0,0.0,0.0,0.0,0.0,0.0,0.0,0.0,0.0,0.0743951040178423,0.0,0.0,0.0
all,water heating,1,0.0,0.0,0.0,0.0,0.0,0.0,0.2250189889261358,0.0,0.0,0.0,0.0,0.0,0.0,0.0,0.0,0.0,0.0,0.0,0.0,0.5168526560898733,0.0,0.1059575508473359,0.0,0.0,0.0,0.0,0.0,0.0,0.0,0.0,0.0837199512253071,0.0,0.0,0.0,0.0,0.0,0.0,0.0,0.0,0.0403508887557453,0.0,0.0,0.0,0.0,0.0,0.0,0.0280999641556022,0.0,0.0,0.0,0.0
all,water heating,2,0.0,0.0,0.0,0.0,0.0,0.0,0.0,0.0,0.0,0.0,0.0,0.0,0.0,0.0,0.0,0.0,0.0,0.0,0.0,0.0,0.0,0.0,0.0,0.0,0.0,0.0,0.0,0.0,0.0,0.0,0.0,0.1460277409525849,0.0,0.0,0.4806196599035577,0.0,0.0,0.0,0.3733525991438573,0.0,0.0,0.0,0.0,0.0,0.0,0.0,0.0,0.0,0.0,0.0,0.0
all,water heating,3,0.0,0.0,0.0,0.0,0.0,0.0,0.0,0.0,0.0,0.0,0.0,0.0,0.0,0.0,0.2122129846047155,0.1896254359308722,0.0,0.0,0.0,0.0,0.0,0.0,0.1854002207402586,0.0,0.0,0.0,0.0,0.0,0.0,0.0,0.0,0.0,0.0,0.0,0.0,0.2987321763842719,0.0,0.0,0.0,0.0,0.0,0.0,0.0,0.0,0.0,0.0,0.0,0.0,0.1140291823398816,0.0,0.0
all,water heating,4,0.0,0.0,0.0,0.0,0.0,0.0,0.0,0.0,0.0,0.0,0.0,0.0,0.1474736409373358,0.0,0.0,0.0,0.1574465891862085,0.0,0.0,0.0,0.0,0.0,0.0,0.2042205782929639,0.310514468342048,0.0,0.0,0.0,0.0358340326668936,0.1099443639554223,0.0,0.0,0.0,0.0,0.0,0.0,0.0,0.0,0.0,0.0,0.0,0.0345663266191276,0.0,0.0,0.0,0.0,0.0,0.0,0.0,0.0,0.0
all,water heating,5,0.0,0.0,0.0,0.0,0.0,0.0,0.0,0.0143564683724167,0.0061425662562826,0.4143176697614144,0.1489396235960574,0.0,0.0,0.0,0.0,0.0,0.0,0.0,0.0,0.0,0.0639615764461539,0.0,0.0,0.0,0.0,0.0,0.0,0.1621932857436164,0.0,0.0,0.0,0.0,0.0,0.0,0.0,0.0,0.0,0.0,0.0,0.0,0.0645163698059551,0.0,0.0,0.0,0.0,0.1132312513408188,0.0,0.0,0.0,0.0123411886772842,0.0
all,water heating,6,0.0,0.2542889989062591,0.0,0.0,0.0,0.0,0.0,0.0,0.0,0.0,0.0,0.0,0.0,0.0,0.0,0.0,0.0,0.2211392749945481,0.0,0.0,0.0,0.0,0.0,0.0,0.0,0.1537996637888971,0.0,0.0,0.0,0.0,0.0,0.0,0.0,0.0,0.0,0.0,0.0,0.0,0.0,0.0,0.0,0.0,0.3707720623102955,0.0,0.0,0.0,0.0,0.0,0.0,0.0,0.0
all,water heating,7,0.0,0.0,0.0816848246195375,0.0,0.0,0.0,0.0,0.0,0.0,0.0,0.0,0.0,0.0,0.0,0.0,0.0,0.0,0.0,0.1188625425533021,0.0,0.0,0.0,0.0,0.0,0.0,0.0,0.0,0.0,0.0,0.0,0.0,0.0,0.0,0.0,0.0,0.0,0.1130142744586564,0.0,0.0,0.0,0.0,0.0,0.0,0.686438358368504,0.0,0.0,0.0,0.0,0.0,0.0,0.0
all,water heating,8,0.0,0.0,0.0,0.299091679418668,0.0,0.262305676561899,0.0,0.0,0.0,0.0,0.0,0.0,0.0,0.058162617213736,0.0,0.0,0.0,0.0,0.0,0.0,0.0,0.0,0.0,0.0,0.0,0.0,0.0674526916299037,0.0,0.0,0.0,0.0,0.0,0.0686920630367686,0.1273514020174653,0.0,0.0,0.0,0.0,0.0,0.0,0.0,0.0,0.0,0.0,0.0862308773730285,0.0,0.0,0.0,0.0,0.0,0.0307129927485307
all,water heating,9,0.0386926621966656,0.0,0.0,0.0,0.0,0.0,0.0,0.0,0.0,0.0,0.0,0.076867955778691,0.0,0.0,0.0,0.0,0.0,0.0,0.0,0.0,0.0,0.0,0.0,0.0,0.0,0.0,0.0,0.0,0.0,0.0,0.0,0.0,0.0,0.0,0.0,0.0,0.0,0.3081146902406143,0.0,0.0,0.0,0.0,0.0,0.0,0.0,0.0,0.0,0.576324691784029,0.0,0.0,0.0
all,fans and pumps,1,0.0,0.0,0.0,0.0,0.0,0.0,0.2368443031388011,0.0,0.0,0.0,0.0,0.0,0.0,0.0,0.0,0.0,0.0,0.0,0.0,0.5326268557486598,0.0,0.0732850882629155,0.0,0.0,0.0,0.0,0.0,0.0,0.0,0.0,0.0837679683203638,0.0,0.0,0.0,0.0,0.0,0.0,0.0,0.0,0.0506173581387343,0.0,0.0,0.0,0.0,0.0,0.0,0.0228584263905254,0.0,0.0,0.0,0.0
all,fans and pumps,2,0.0,0.0,0.0,0.0,0.0,0.0,0.0,0.0,0.0,0.0,0.0,0.0,0.0,0.0,0.0,0.0,0.0,0.0,0.0,0.0,0.0,0.0,0.0,0.0,0.0,0.0,0.0,0.0,0.0,0.0,0.0,0.173527646612193,0.0,0.0,0.4847914399362273,0.0,0.0,0.0,0.3416809134515797,0.0,0.0,0.0,0.0,0.0,0.0,0.0,0.0,0.0,0.0,0.0,0.0
all,fans and pumps,3,0.0,0.0,0.0,0.0,0.0,0.0,0.0,0.0,0.0,0.0,0.0,0.0,0.0,0.0,0.2119337312370293,0.1801483295109625,0.0,0.0,0.0,0.0,0.0,0.0,0.2078910644497698,0.0,0.0,0.0,0.0,0.0,0.0,0.0,0.0,0.0,0.0,0.0,0.0,0.3081468528698476,0.0,0.0,0.0,0.0,0.0,0.0,0.0,0.0,0.0,0.0,0.0,0.0,0.0918800219323907,0.0,0.0
all,fans and pumps,4,0.0,0.0,0.0,0.0,0.0,0.0,0.0,0.0,0.0,0.0,0.0,0.0,0.1309461222769569,0.0,0.0,0.0,0.1910271606039302,0.0,0.0,0.0,0.0,0.0,0.0,0.1949614453375239,0.3137601621127021,0.0,0.0,0.0,0.034527114033776,0.1000850929188948,0.0,0.0,0.0,0.0,0.0,0.0,0.0,0.0,0.0,0.0,0.0,0.0346929027162159,0.0,0.0,0.0,0.0,0.0,0.0,0.0,0.0,0.0
all,fans and pumps,5,0.0,0.0,0.0,0.0,0.0,0.0,0.0,0.0221487599039679,0.0074139542008406,0.3336685660603286,0.1766869196536405,0.0,0.0,0.0,0.0,0.0,0.0,0.0,0.0,0.0,0.0806603344660023,0.0,0.0,0.0,0.0,0.0,0.0,0.1658837071474158,0.0,0.0,0.0,0.0,0.0,0.0,0.0,0.0,0.0,0.0,0.0,0.0,0.0695798701299385,0.0,0.0,0.0,0.0,0.1274382058351304,0.0,0.0,0.0,0.016519682602735,0.0
all,fans and pumps,6,0.0,0.2885545713987024,0.0,0.0,0.0,0.0,0.0,0.0,0.0,0.0,0.0,0.0,0.0,0.0,0.0,0.0,0.0,0.1744006117901949,0.0,0.0,0.0,0.0,0.0,0.0,0.0,0.1669994807676345,0.0,0.0,0.0,0.0,0.0,0.0,0.0,0.0,0.0,0.0,0.0,0.0,0.0,0.0,0.0,0.0,0.3700453360434679,0.0,0.0,0.0,0.0,0.0,0.0,0.0,0.0
all,fans and pumps,7,0.0,0.0,0.0796979525700327,0.0,0.0,0.0,0.0,0.0,0.0,0.0,0.0,0.0,0.0,0.0,0.0,0.0,0.0,0.0,0.0876988840854911,0.0,0.0,0.0,0.0,0.0,0.0,0.0,0.0,0.0,0.0,0.0,0.0,0.0,0.0,0.0,0.0,0.0,0.113203700828665,0.0,0.0,0.0,0.0,0.0,0.0,0.719399462515811,0.0,0.0,0.0,0.0,0.0,0.0,0.0
all,fans and pumps,8,0.0,0.0,0.0,0.3233486007051424,0.0,0.2505427018264236,0.0,0.0,0.0,0.0,0.0,0.0,0.0,0.0481696710928879,0.0,0.0,0.0,0.0,0.0,0.0,0.0,0.0,0.0,0.0,0.0,0.0,0.0466308118375212,0.0,0.0,0.0,0.0,0.0,0.0633403036166907,0.1278074709406318,0.0,0.0,0.0,0.0,0.0,0.0,0.0,0.0,0.0,0.0,0.1099513049206628,0.0,0.0,0.0,0.0,0.0,0.0302091350600395
all,fans and pumps,9,0.0083093667791635,0.0,0.0,0.0,0.8061444468927059,0.0,0.0,0.0,0.0,0.0,0.0,0.0201636918953295,0.0,0.0,0.0,0.0,0.0,0.0,0.0,0.0,0.0,0.0,0.0,0.0,0.0,0.0,0.0,0.0,0.0,0.0,0.0,0.0,0.0,0.0,0.0,0.0,0.0,0.0576148662263275,0.0,0.0,0.0,0.0,0.0,0.0,0.0,0.0,0.0,0.1077676282064734,0.0,0.0,0.0
all,lighting,1,0.0,0.0,0.0,0.0,0.0,0.0,0.2442904276868469,0.0,0.0,0.0,0.0,0.0,0.0,0.0,0.0,0.0,0.0,0.0,0.0,0.5356288527303161,0.0,0.0730675309493989,0.0,0.0,0.0,0.0,0.0,0.0,0.0,0.0,0.0788904507200433,0.0,0.0,0.0,0.0,0.0,0.0,0.0,0.0,0.045229972647236,0.0,0.0,0.0,0.0,0.0,0.0,0.0228927652661585,0.0,0.0,0.0,0.0
all,lighting,2,0.0,0.0,0.0,0.0,0.0,0.0,0.0,0.0,0.0,0.0,0.0,0.0,0.0,0.0,0.0,0.0,0.0,0.0,0.0,0.0,0.0,0.0,0.0,0.0,0.0,0.0,0.0,0.0,0.0,0.0,0.0,0.1728712020330915,0.0,0.0,0.4828127198475201,0.0,0.0,0.0,0.3443160781193882,0.0,0.0,0.0,0.0,0.0,0.0,0.0,0.0,0.0,0.0,0.0,0.0
all,lighting,3,0.0,0.0,0.0,0.0,0.0,0.0,0.0,0.0,0.0,0.0,0.0,0.0,0.0,0.0,0.2085258778280847,0.1815933612545842,0.0,0.0,0.0,0.0,0.0,0.0,0.2043559191967894,0.0,0.0,0.0,0.0,0.0,0.0,0.0,0.0,0.0,0.0,0.0,0.0,0.3093726770730948,0.0,0.0,0.0,0.0,0.0,0.0,0.0,0.0,0.0,0.0,0.0,0.0,0.0961521646474469,0.0,0.0
all,lighting,4,0.0,0.0,0.0,0.0,0.0,0.0,0.0,0.0,0.0,0.0,0.0,0.0,0.1417459160621555,0.0,0.0,0.0,0.1835286969908797,0.0,0.0,0.0,0.0,0.0,0.0,0.2154683253537267,0.3001233308675911,0.0,0.0,0.0,0.0350918853644249,0.0923581931645742,0.0,0.0,0.0,0.0,0.0,0.0,0.0,0.0,0.0,0.0,0.0,0.0316836521966476,0.0,0.0,0.0,0.0,0.0,0.0,0.0,0.0,0.0
all,lighting,5,0.0,0.0,0.0,0.0,0.0,0.0,0.0,0.0199375415679157,0.0075005084468699,0.3134420586050898,0.1787074969478748,0.0,0.0,0.0,0.0,0.0,0.0,0.0,0.0,0.0,0.0872244250205905,0.0,0.0,0.0,0.0,0.0,0.0,0.1770203741840117,0.0,0.0,0.0,0.0,0.0,0.0,0.0,0.0,0.0,0.0,0.0,0.0,0.0692386567233215,0.0,0.0,0.0,0.0,0.1324703943508725,0.0,0.0,0.0,0.0144585441534535,0.0
all,lighting,6,0.0,0.2622875530347102,0.0,0.0,0.0,0.0,0.0,0.0,0.0,0.0,0.0,0.0,0.0,0.0,0.0,0.0,0.0,0.1938519922588358,0.0,0.0,0.0,0.0,0.0,0.0,0.0,0.1464330590724086,0.0,0.0,0.0,0.0,0.0,0.0,0.0,0.0,0.0,0.0,0.0,0.0,0.0,0.0,0.0,0.0,0.3974273956340451,0.0,0.0,0.0,0.0,0.0,0.0,0.0,0.0
all,lighting,7,0.0,0.0,0.0712024662637689,0.0,0.0,0.0,0.0,0.0,0.0,0.0,0.0,0.0,0.0,0.0,0.0,0.0,0.0,0.0,0.0883607348523388,0.0,0.0,0.0,0.0,0.0,0.0,0.0,0.0,0.0,0.0,0.0,0.0,0.0,0.0,0.0,0.0,0.0,0.1217785568027052,0.0,0.0,0.0,0.0,0.0,0.0,0.718658242081187,0.0,0.0,0.0,0.0,0.0,0.0,0.0
all,lighting,8,0.0,0.0,0.0,0.2885000097928665,0.0,0.2637963091656276,0.0,0.0,0.0,0.0,0.0,0.0,0.0,0.0555908813563059,0.0,0.0,0.0,0.0,0.0,0.0,0.0,0.0,0.0,0.0,0.0,0.0,0.0436411037140559,0.0,0.0,0.0,0.0,0.0,0.0592668819206634,0.1381304133103633,0.0,0.0,0.0,0.0,0.0,0.0,0.0,0.0,0.0,0.0,0.1257412253747794,0.0,0.0,0.0,0.0,0.0,0.0253331753653377
all,lighting,9,0.0145927305721432,0.0,0.0,0.0,0.6790874458274789,0.0,0.0,0.0,0.0,0.0,0.0,0.0264825325351033,0.0,0.0,0.0,0.0,0.0,0.0,0.0,0.0,0.0,0.0,0.0,0.0,0.0,0.0,0.0,0.0,0.0,0.0,0.0,0.0,0.0,0.0,0.0,0.0,0.0,0.0987342188871439,0.0,0.0,0.0,0.0,0.0,0.0,0.0,0.0,0.0,0.1811030721781306,0.0,0.0,0.0
all,refrigeration,1,0.0,0.0,0.0,0.0,0.0,0.0,0.1867230976098778,0.0,0.0,0.0,0.0,0.0,0.0,0.0,0.0,0.0,0.0,0.0,0.0,0.5479718617362753,0.0,0.0991401867576977,0.0,0.0,0.0,0.0,0.0,0.0,0.0,0.0,0.0971193506520261,0.0,0.0,0.0,0.0,0.0,0.0,0.0,0.0,0.0458451535815084,0.0,0.0,0.0,0.0,0.0,0.0,0.0232003496626145,0.0,0.0,0.0,0.0
all,refrigeration,2,0.0,0.0,0.0,0.0,0.0,0.0,0.0,0.0,0.0,0.0,0.0,0.0,0.0,0.0,0.0,0.0,0.0,0.0,0.0,0.0,0.0,0.0,0.0,0.0,0.0,0.0,0.0,0.0,0.0,0.0,0.0,0.1452037938402249,0.0,0.0,0.4821496550257366,0.0,0.0,0.0,0.3726465511340383,0.0,0.0,0.0,0.0,0.0,0.0,0.0,0.0,0.0,0.0,0.0,0.0
all,refrigeration,3,0.0,0.0,0.0,0.0,0.0,0.0,0.0,0.0,0.0,0.0,0.0,0.0,0.0,0.0,0.1682291483852343,0.1973342505593092,0.0,0.0,0.0,0.0,0.0,0.0,0.1942323051530398,0.0,0.0,0.0,0.0,0.0,0.0,0.0,0.0,0.0,0.0,0.0,0.0,0.3312901004926307,0.0,0.0,0.0,0.0,0.0,0.0,0.0,0.0,0.0,0.0,0.0,0.0,0.1089141954097858,0.0,0.0
all,refrigeration,4,0.0,0.0,0.0,0.0,0.0,0.0,0.0,0.0,0.0,0.0,0.0,0.0,0.2020729151824802,0.0,0.0,0.0,0.1779894036647348,0.0,0.0,0.0,0.0,0.0,0.0,0.1949570803406739,0.2815863511202707,0.0,0.0,0.0,0.021907452585505,0.09699198405659,0.0,0.0,0.0,0.0,0.0,0.0,0.0,0.0,0.0,0.0,0.0,0.0244948130497451,0.0,0.0,0.0,0.0,0.0,0.0,0.0,0.0,0.0
all,refrigeration,5,0.0,0.0,0.0,0.0,0.0,0.0,0.0,0.0114400634337318,0.0054805895933768,0.3026720776252474,0.1711631789750353,0.0,0.0,0.0,0.0,0.0,0.0,0.0,0.0,0.0,0.0861015693372346,0.0,0.0,0.0,0.0,0.0,0.0,0.2056213969655039,0.0,0.0,0.0,0.0,0.0,0.0,0.0,0.0,0.0,0.0,0.0,0.0,0.0879602746629563,0.0,0.0,0.0,0.0,0.1133518689535678,0.0,0.0,0.0,0.0162089804533457,0.0
all,refrigeration,6,0.0,0.2778432449434865,0.0,0.0,0.0,0.0,0.0,0.0,0.0,0.0,0.0,0.0,0.0,0.0,0.0,0.0,0.0,0.2047502563344948,0.0,0.0,0.0,0.0,0.0,0.0,0.0,0.164942757755725,0.0,0.0,0.0,0.0,0.0,0.0,0.0,0.0,0.0,0.0,0.0,0.0,0.0,0.0,0.0,0.0,0.3524637409662935,0.0,0.0,0.0,0.0,0.0,0.0,0.0,0.0
all,refrigeration,7,0.0,0.0,0.0975902806969681,0.0,0.0,0.0,0.0,0.0,0.0,0.0,0.0,0.0,0.0,0.0,0.0,0.0,0.0,0.0,0.0757041040283041,0.0,0.0,0.0,0.0,0.0,0.0,0.0,0.0,0.0,0.0,0.0,0.0,0.0,0.0,0.0,0.0,0.0,0.1335709645651455,0.0,0.0,0.0,0.0,0.0,0.0,0.6931346507095822,0.0,0.0,0.0,0.0,0.0,0.0,0.0
all,refrigeration,8,0.0,0.0,0.0,0.3236857645985978,0.0,0.2316265920381092,0.0,0.0,0.0,0.0,0.0,0.0,0.0,0.0627142202265976,0.0,0.0,0.0,0.0,0.0,0.0,0.0,0.0,0.0,0.0,0.0,0.0,0.0706317934084325,0.0,0.0,0.0,0.0,0.0,0.0651725631174496,0.1252111542461306,0.0,0.0,0.0,0.0,0.0,0.0,0.0,0.0,0.0,0.0,0.0902408068289643,0.0,0.0,0.0,0.0,0.0,0.030717105535718
all,refrigeration,9,0.0163704663477195,0.0,0.0,0.0,0.6283355319846822,0.0,0.0,0.0,0.0,0.0,0.0,0.0171965556200193,0.0,0.0,0.0,0.0,0.0,0.0,0.0,0.0,0.0,0.0,0.0,0.0,0.0,0.0,0.0,0.0,0.0,0.0,0.0,0.0,0.0,0.0,0.0,0.0,0.0,0.1023866632190004,0.0,0.0,0.0,0.0,0.0,0.0,0.0,0.0,0.0,0.2357107828285786,0.0,0.0,0.0
all,misc,1,0.0,0.0,0.0,0.0,0.0,0.0,0.2219509037818468,0.0,0.0,0.0,0.0,0.0,0.0,0.0,0.0,0.0,0.0,0.0,0.0,0.5693368851927425,0.0,0.0724052204208948,0.0,0.0,0.0,0.0,0.0,0.0,0.0,0.0,0.0731233925759757,0.0,0.0,0.0,0.0,0.0,0.0,0.0,0.0,0.0425036775702529,0.0,0.0,0.0,0.0,0.0,0.0,0.0206799204582871,0.0,0.0,0.0,0.0
all,misc,2,0.0,0.0,0.0,0.0,0.0,0.0,0.0,0.0,0.0,0.0,0.0,0.0,0.0,0.0,0.0,0.0,0.0,0.0,0.0,0.0,0.0,0.0,0.0,0.0,0.0,0.0,0.0,0.0,0.0,0.0,0.0,0.1675682288820884,0.0,0.0,0.482357024958257,0.0,0.0,0.0,0.3500747461596545,0.0,0.0,0.0,0.0,0.0,0.0,0.0,0.0,0.0,0.0,0.0,0.0
all,misc,3,0.0,0.0,0.0,0.0,0.0,0.0,0.0,0.0,0.0,0.0,0.0,0.0,0.0,0.0,0.2053487679641573,0.1766013207215296,0.0,0.0,0.0,0.0,0.0,0.0,0.1992679064864996,0.0,0.0,0.0,0.0,0.0,0.0,0.0,0.0,0.0,0.0,0.0,0.0,0.3109981747923282,0.0,0.0,0.0,0.0,0.0,0.0,0.0,0.0,0.0,0.0,0.0,0.0,0.1077838300354851,0.0,0.0
all,misc,4,0.0,0.0,0.0,0.0,0.0,0.0,0.0,0.0,0.0,0.0,0.0,0.0,0.1577636116658271,0.0,0.0,0.0,0.1814321286306547,0.0,0.0,0.0,0.0,0.0,0.0,0.2258369875963445,0.2881771596206517,0.0,0.0,0.0,0.0284478910942208,0.0931066625264752,0.0,0.0,0.0,0.0,0.0,0.0,0.0,0.0,0.0,0.0,0.0,0.0252355588658257,0.0,0.0,0.0,0.0,0.0,0.0,0.0,0.0,0.0
all,misc,5,0.0,0.0,0.0,0.0,0.0,0.0,0.0,0.0294197960570627,0.0071113355471837,0.3050144273255408,0.1773464304983307,0.0,0.0,0.0,0.0,0.0,0.0,0.0,0.0,0.0,0.0918431262551347,0.0,0.0,0.0,0.0,0.0,0.0,0.1718347095535554,0.0,0.0,0.0,0.0,0.0,0.0,0.0,0.0,0.0,0.0,0.0,0.0,0.0671575000326901,0.0,0.0,0.0,0.0,0.1375855506756207,0.0,0.0,0.0,0.0126871240548808,0.0
all,misc,6,0.0,0.2591896517404453,0.0,0.0,0.0,0.0,0.0,0.0,0.0,0.0,0.0,0.0,0.0,0.0,0.0,0.0,0.0,0.2007195032813987,0.0,0.0,0.0,0.0,0.0,0.0,0.0,0.1452502990913438,0.0,0.0,0.0,0.0,0.0,0.0,0.0,0.0,0.0,0.0,0.0,0.0,0.0,0.0,0.0,0.0,0.3948405458868121,0.0,0.0,0.0,0.0,0.0,0.0,0.0,0.0
all,misc,7,0.0,0.0,0.0734248189782087,0.0,0.0,0.0,0.0,0.0,0.0,0.0,0.0,0.0,0.0,0.0,0.0,0.0,0.0,0.0,0.0767580814508515,0.0,0.0,0.0,0.0,0.0,0.0,0.0,0.0,0.0,0.0,0.0,0.0,0.0,0.0,0.0,0.0,0.0,0.1083260967455954,0.0,0.0,0.0,0.0,0.0,0.0,0.7414910028253442,0.0,0.0,0.0,0.0,0.0,0.0,0.0
all,misc,8,0.0,0.0,0.0,0.288438568511638,0.0,0.2919385801367453,0.0,0.0,0.0,0.0,0.0,0.0,0.0,0.0533727061901659,0.0,0.0,0.0,0.0,0.0,0.0,0.0,0.0,0.0,0.0,0.0,0.0,0.0443631845942874,0.0,0.0,0.0,0.0,0.0,0.0588961486774679,0.1222116566632595,0.0,0.0,0.0,0.0,0.0,0.0,0.0,0.0,0.0,0.0,0.115112655926571,0.0,0.0,0.0,0.0,0.0,0.0256664992998648
all,misc,9,0.0107126843552865,0.0,0.0,0.0,0.7384840322323875,0.0,0.0,0.0,0.0,0.0,0.0,0.0202202060243433,0.0,0.0,0.0,0.0,0.0,0.0,0.0,0.0,0.0,0.0,0.0,0.0,0.0,0.0,0.0,0.0,0.0,0.0,0.0,0.0,0.0,0.0,0.0,0.0,0.0,0.079198910090682,0.0,0.0,0.0,0.0,0.0,0.0,0.0,0.0,0.0,0.1513841672973004,0.0,0.0,0.0
all,gap,1,0.0,0.0,0.0,0.0,0.0,0.0,0.2655630748110225,0.0,0.0,0.0,0.0,0.0,0.0,0.0,0.0,0.0,0.0,0.0,0.0,0.4742470331837225,0.0,0.0641792136760745,0.0,0.0,0.0,0.0,0.0,0.0,0.0,0.0,0.0831229399062459,0.0,0.0,0.0,0.0,0.0,0.0,0.0,0.0,0.0883671179576071,0.0,0.0,0.0,0.0,0.0,0.0,0.0245206204653274,0.0,0.0,0.0,0.0
all,gap,2,0.0,0.0,0.0,0.0,0.0,0.0,0.0,0.0,0.0,0.0,0.0,0.0,0.0,0.0,0.0,0.0,0.0,0.0,0.0,0.0,0.0,0.0,0.0,0.0,0.0,0.0,0.0,0.0,0.0,0.0,0.0,0.2036352667034779,0.0,0.0,0.4911916157981918,0.0,0.0,0.0,0.3051731174983302,0.0,0.0,0.0,0.0,0.0,0.0,0.0,0.0,0.0,0.0,0.0,0.0
all,gap,3,0.0,0.0,0.0,0.0,0.0,0.0,0.0,0.0,0.0,0.0,0.0,0.0,0.0,0.0,0.175005298160367,0.1583207425910681,0.0,0.0,0.0,0.0,0.0,0.0,0.2249645741580035,0.0,0.0,0.0,0.0,0.0,0.0,0.0,0.0,0.0,0.0,0.0,0.0,0.3590867957095168,0.0,0.0,0.0,0.0,0.0,0.0,0.0,0.0,0.0,0.0,0.0,0.0,0.0826225893810443,0.0,0.0
all,gap,4,0.0,0.0,0.0,0.0,0.0,0.0,0.0,0.0,0.0,0.0,0.0,0.0,0.1270033692498071,0.0,0.0,0.0,0.2067695123469623,0.0,0.0,0.0,0.0,0.0,0.0,0.2217048978959702,0.1695767331791571,0.0,0.0,0.0,0.0166720993259612,0.2314182993301136,0.0,0.0,0.0,0.0,0.0,0.0,0.0,0.0,0.0,0.0,0.0,0.0268550886720281,0.0,0.0,0.0,0.0,0.0,0.0,0.0,0.0,0.0
all,gap,5,0.0,0.0,0.0,0.0,0.0,0.0,0.0,0.0177112190551137,0.0058078259540728,0.3155962475685228,0.17138331167676,0.0,0.0,0.0,0.0,0.0,0.0,0.0,0.0,0.0,0.0867314875277051,0.0,0.0,0.0,0.0,0.0,0.0,0.1618782894067769,0.0,0.0,0.0,0.0,0.0,0.0,0.0,0.0,0.0,0.0,0.0,0.0,0.0753126589683147,0.0,0.0,0.0,0.0,0.1528837161209086,0.0,0.0,0.0,0.0126952437218252,0.0
all,gap,6,0.0,0.2436193064480914,0.0,0.0,0.0,0.0,0.0,0.0,0.0,0.0,0.0,0.0,0.0,0.0,0.0,0.0,0.0,0.2615653600536912,0.0,0.0,0.0,0.0,0.0,0.0,0.0,0.0852071884758654,0.0,0.0,0.0,0.0,0.0,0.0,0.0,0.0,0.0,0.0,0.0,0.0,0.0,0.0,0.0,0.0,0.409608145022352,0.0,0.0,0.0,0.0,0.0,0.0,0.0,0.0
all,gap,7,0.0,0.0,0.1789771846336933,0.0,0.0,0.0,0.0,0.0,0.0,0.0,0.0,0.0,0.0,0.0,0.0,0.0,0.0,0.0,0.0584913529508965,0.0,0.0,0.0,0.0,0.0,0.0,0.0,0.0,0.0,0.0,0.0,0.0,0.0,0.0,0.0,0.0,0.0,0.164671812310325,0.0,0.0,0.0,0.0,0.0,0.0,0.597859650105085,0.0,0.0,0.0,0.0,0.0,0.0,0.0
all,gap,8,0.0,0.0,0.0,0.2998875432460146,0.0,0.1890111217263723,0.0,0.0,0.0,0.0,0.0,0.0,0.0,0.1061049225997833,0.0,0.0,0.0,0.0,0.0,0.0,0.0,0.0,0.0,0.0,0.0,0.0,0.0636847870747009,0.0,0.0,0.0,0.0,0.0,0.063875912448773,0.0789356004359221,0.0,0.0,0.0,0.0,0.0,0.0,0.0,0.0,0.0,0.0,0.1850923766108026,0.0,0.0,0.0,0.0,0.0,0.0134077358576309
all,gap,9,0.0,0.0,0.0,0.0,0.5780990183500877,0.0,0.0,0.0,0.0,0.0,0.0,0.0,0.0,0.0,0.0,0.0,0.0,0.0,0.0,0.0,0.0,0.0,0.0,0.0,0.0,0.0,0.0,0.0,0.0,0.0,0.0,0.0,0.0,0.0,0.0,0.0,0.0,0.1346010480535302,0.0,0.0,0.0,0.0,0.0,0.0,0.0,0.0,0.0,0.287299933596382,0.0,0.0,0.0
