End use,CDIV,TRE,FRCC,MISW,MISC,MISE,MISS,ISNE,NYCW,NYUP,PJME,PJMW,PJMC,PJMD,SRCA,SRSE,SRCE,SPPS,SPPC,SPPN,SRSG,CANO,CASO,NWPP,RMRG,BASN,AK_HI
heating,1,0.0,0.0,0.0,0.0,0.0,0.0,1.0,0.0,0.0,0.0,0.0,0.0,0.0,0.0,0.0,0.0,0.0,0.0,0.0,0.0,0.0,0.0,0.0,0.0,0.0,0.0
heating,2,0.0,0.0,0.0,0.0,0.0,0.0,0.0,0.1787768922812447,0.2772552064502723,0.4903298173379646,0.0536380839305183,0.0,0.0,0.0,0.0,0.0,0.0,0.0,0.0,0.0,0.0,0.0,0.0,0.0,0.0,0.0
heating,3,0.0,0.0,0.102348027870026,0.2055218509334105,0.1333706793493246,0.0,0.0,0.0,0.0,0.0,0.4228805333372284,0.1358789085100102,0.0,0.0,0.0,0.0,0.0,0.0,0.0,0.0,0.0,0.0,0.0,0.0,0.0,0.0
heating,4,0.0,0.0,0.3944793331581849,0.1431560722935871,0.0,0.0,0.0,0.0,0.0,0.0,0.0,0.0,0.0,0.0,0.0,0.0,0.0,0.194635927949309,0.2633234013180751,0.0,0.0,0.0,0.0,0.0044052652808439,0.0,0.0
heating,5,0.0,0.0836631894820566,0.0,0.0,0.0,0.0,0.0,0.0,0.0,0.1229475700737983,0.1008001078170752,0.0,0.2063122729725,0.3092081284767455,0.1722187797139733,0.0048499514638509,0.0,0.0,0.0,0.0,0.0,0.0,0.0,0.0,0.0,0.0
heating,6,0.0,0.0,0.0,0.0,0.0,0.0493745689184852,0.0,0.0,0.0,0.0,0.0252750269326235,0.0,0.0,0.0,0.1846492469726973,0.7407011571761938,0.0,0.0,0.0,0.0,0.0,0.0,0.0,0.0,0.0,0.0
heating,7,0.5526017647052969,0.0,0.0,0.0,0.0,0.144999946500298,0.0,0.0,0.0,0.0,0.0,0.0,0.0,0.0,0.0,0.0,0.2940541627424093,0.0,0.0,0.0083441260519955,0.0,0.0,0.0,0.0,0.0,0.0
heating,8,0.0,0.0,0.0009249080119612,0.0,0.0,0.0,0.0,0.0,0.0,0.0,0.0,0.0,0.0,0.0,0.0,0.0,0.0052173922869602,0.0,0.0035269349436843,0.123494498742089,0.0,0.0,0.1499909063476468,0.4262269885944393,0.2906183710732188,0.0
heating,9,0.0,0.0,0.0,0.0,0.0,0.0,0.0,0.0,0.0,0.0,0.0,0.0,0.0,0.0,0.0,0.0,0.0,0.0,0.0,0.001276620356173,0.22926628009067,0.2724739062067958,0.4424663403080234,0.0,0.0,0.0545168530383379
cooling,1,0.0,0.0,0.0,0.0,0.0,0.0,1.0,0.0,0.0,0.0,0.0,0.0,0.0,0.0,0.0,0.0,0.0,0.0,0.0,0.0,0.0,0.0,0.0,0.0,0.0,0.0
cooling,2,0.0,0.0,0.0,0.0,0.0,0.0,0.0,0.3363008124369062,0.1557305358344581,0.452986968544269,0.0549816831843667,0.0,0.0,0.0,0.0,0.0,0.0,0.0,0.0,0.0,0.0,0.0,0.0,0.0,0.0,0.0
cooling,3,0.0,0.0,0.0779794210264241,0.1947289130858034,0.1821469658538018,0.0,0.0,0.0,0.0,0.0,0.390109667980184,0.1550350320537865,0.0,0.0,0.0,0.0,0.0,0.0,0.0,0.0,0.0,0.0,0.0,0.0,0.0,0.0
cooling,4,0.0,0.0,0.254047394197481,0.2379798308250914,0.0,0.0,0.0,0.0,0.0,0.0,0.0,0.0,0.0,0.0,0.0,0.0,0.0,0.3594677033122182,0.1461896546935815,0.0,0.0,0.0,0.0,0.0023154169716278,0.0,0.0
cooling,5,0.0,0.4388622078947604,0.0,0.0,0.0,0.0,0.0,0.0,0.0,0.0462712251279146,0.0377167852455011,0.0,0.1209745556507632,0.1820447069343003,0.1726822955341049,0.0014482236126554,0.0,0.0,0.0,0.0,0.0,0.0,0.0,0.0,0.0,0.0
cooling,6,0.0,0.0,0.0,0.0,0.0,0.0876064925634519,0.0,0.0,0.0,0.0,0.0134660842615621,0.0,0.0,0.0,0.3112659308788062,0.5876614922961797,0.0,0.0,0.0,0.0,0.0,0.0,0.0,0.0,0.0,0.0
cooling,7,0.6839440305042459,0.0,0.0,0.0,0.0,0.1568291601045936,0.0,0.0,0.0,0.0,0.0,0.0,0.0,0.0,0.0,0.0,0.1466199199730269,0.0,0.0,0.0126068894181333,0.0,0.0,0.0,0.0,0.0,0.0
cooling,8,0.0,0.0,0.0001447958826385,0.0,0.0,0.0,0.0,0.0,0.0,0.0,0.0,0.0,0.0,0.0,0.0,0.0,0.0058302382516232,0.0,0.0006045084189901,0.5378928617889304,0.0,0.0,0.0224990186677346,0.1736204524012499,0.2594081245888331,0.0
cooling,9,0.0,0.0,0.0,0.0,0.0,0.0,0.0,0.0,0.0,0.0,0.0,0.0,0.0,0.0,0.0,0.0,0.0,0.0,0.0,0.002436852347297,0.2812245085481582,0.5433468752138334,0.1133937490591528,0.0,0.0,0.0595980148315586
water heating,1,0.0,0.0,0.0,0.0,0.0,0.0,1.0,0.0,0.0,0.0,0.0,0.0,0.0,0.0,0.0,0.0,0.0,0.0,0.0,0.0,0.0,0.0,0.0,0.0,0.0,0.0
water heating,2,0.0,0.0,0.0,0.0,0.0,0.0,0.0,0.2209767325952565,0.2517481444455613,0.4719992734276412,0.0552758495315409,0.0,0.0,0.0,0.0,0.0,0.0,0.0,0.0,0.0,0.0,0.0,0.0,0.0,0.0,0.0
water heating,3,0.0,0.0,0.1193054488159336,0.1911030357824366,0.1653975301521658,0.0,0.0,0.0,0.0,0.0,0.3763608041897021,0.1478331810597617,0.0,0.0,0.0,0.0,0.0,0.0,0.0,0.0,0.0,0.0,0.0,0.0,0.0,0.0
water heating,4,0.0,0.0,0.3249164709841627,0.1984636945471427,0.0,0.0,0.0,0.0,0.0,0.0,0.0,0.0,0.0,0.0,0.0,0.0,0.0,0.2694973629811138,0.2025269132368398,0.0,0.0,0.0,0.0,0.0045955582507408,0.0,0.0
water heating,5,0.0,0.3901845689333948,0.0,0.0,0.0,0.0,0.0,0.0,0.0,0.0548934207262525,0.048015436500751,0.0,0.1189568404394398,0.2130967318916518,0.1722969939900063,0.0025560075185035,0.0,0.0,0.0,0.0,0.0,0.0,0.0,0.0,0.0,0.0
water heating,6,0.0,0.0,0.0,0.0,0.0,0.0700601998604365,0.0,0.0,0.0,0.0,0.0169009161638908,0.0,0.0,0.0,0.2636575551400165,0.649381328835656,0.0,0.0,0.0,0.0,0.0,0.0,0.0,0.0,0.0,0.0
water heating,7,0.6100972173013087,0.0,0.0,0.0,0.0,0.1887290007157291,0.0,0.0,0.0,0.0,0.0,0.0,0.0,0.0,0.0,0.0,0.1869287460624006,0.0,0.0,0.0142450359205615,0.0,0.0,0.0,0.0,0.0,0.0
water heating,8,0.0,0.0,0.0007856317784377,0.0,0.0,0.0,0.0,0.0,0.0,0.0,0.0,0.0,0.0,0.0,0.0,0.0,0.005907389392457,0.0,0.0025280743958895,0.3569027667933621,0.0,0.0,0.0788122273094975,0.2819411488403554,0.2731227614900007,0.0
water heating,9,0.0,0.0,0.0,0.0,0.0,0.0,0.0,0.0,0.0,0.0,0.0,0.0,0.0,0.0,0.0,0.0,0.0,0.0,0.0,0.0,0.0,0.0,0.8844393820246435,0.0,0.0,0.1155606179753566
fans and pumps,1,0.0,0.0,0.0,0.0,0.0,0.0,1.0,0.0,0.0,0.0,0.0,0.0,0.0,0.0,0.0,0.0,0.0,0.0,0.0,0.0,0.0,0.0,0.0,0.0,0.0,0.0
fans and pumps,2,0.0,0.0,0.0,0.0,0.0,0.0,0.0,0.2665523048983292,0.2097832665529805,0.4640162834392917,0.0596481451093986,0.0,0.0,0.0,0.0,0.0,0.0,0.0,0.0,0.0,0.0,0.0,0.0,0.0,0.0,0.0
fans and pumps,3,0.0,0.0,0.095795305098732,0.178198037360136,0.1880536844406213,0.0,0.0,0.0,0.0,0.0,0.3867618615683417,0.1511911115321691,0.0,0.0,0.0,0.0,0.0,0.0,0.0,0.0,0.0,0.0,0.0,0.0,0.0,0.0
fans and pumps,4,0.0,0.0,0.302994746522325,0.1950307149524204,0.0,0.0,0.0,0.0,0.0,0.0,0.0,0.0,0.0,0.0,0.0,0.0,0.0,0.3097566077642117,0.1888026698243625,0.0,0.0,0.0,0.0,0.00341526093668,0.0,0.0
fans and pumps,5,0.0,0.3150041100974585,0.0,0.0,0.0,0.0,0.0,0.0,0.0,0.0669489276417321,0.0555749991885144,0.0,0.1415701616328547,0.2240875184693564,0.1946105690778653,0.0022037138922183,0.0,0.0,0.0,0.0,0.0,0.0,0.0,0.0,0.0,0.0
fans and pumps,6,0.0,0.0,0.0,0.0,0.0,0.0869221535242528,0.0,0.0,0.0,0.0,0.0152275899156447,0.0,0.0,0.0,0.2902609966712179,0.6075892598888843,0.0,0.0,0.0,0.0,0.0,0.0,0.0,0.0,0.0,0.0
fans and pumps,7,0.6399545409446464,0.0,0.0,0.0,0.0,0.1525194113211444,0.0,0.0,0.0,0.0,0.0,0.0,0.0,0.0,0.0,0.0,0.1889308006008636,0.0,0.0,0.0185952471333454,0.0,0.0,0.0,0.0,0.0,0.0
fans and pumps,8,0.0,0.0,0.000446573473694,0.0,0.0,0.0,0.0,0.0,0.0,0.0,0.0,0.0,0.0,0.0,0.0,0.0,0.0052890158724699,0.0,0.0017956970092463,0.3777780372583788,0.0,0.0,0.0551594882755162,0.2685851752819491,0.2909460128287456,0.0
fans and pumps,9,0.0,0.0,0.0,0.0,0.0,0.0,0.0,0.0,0.0,0.0,0.0,0.0,0.0,0.0,0.0,0.0,0.0,0.0,0.0,0.0018963455500699,0.313422739208503,0.4895828033135623,0.1666250532533715,0.0,0.0,0.0284730586744931
lighting,1,0.0,0.0,0.0,0.0,0.0,0.0,1.0,0.0,0.0,0.0,0.0,0.0,0.0,0.0,0.0,0.0,0.0,0.0,0.0,0.0,0.0,0.0,0.0,0.0,0.0,0.0
lighting,2,0.0,0.0,0.0,0.0,0.0,0.0,0.0,0.2417117059627662,0.2333572860308292,0.4659046987735626,0.0590263092328419,0.0,0.0,0.0,0.0,0.0,0.0,0.0,0.0,0.0,0.0,0.0,0.0,0.0,0.0,0.0
lighting,3,0.0,0.0,0.0999194516534655,0.1755170496380309,0.1856338083253701,0.0,0.0,0.0,0.0,0.0,0.3867626980852316,0.1521669922979019,0.0,0.0,0.0,0.0,0.0,0.0,0.0,0.0,0.0,0.0,0.0,0.0,0.0,0.0
lighting,4,0.0,0.0,0.3340781074884973,0.190089033372829,0.0,0.0,0.0,0.0,0.0,0.0,0.0,0.0,0.0,0.0,0.0,0.0,0.0,0.2935629944856419,0.1793143469150906,0.0,0.0,0.0,0.0,0.0029555177379411,0.0,0.0
lighting,5,0.0,0.296367942736382,0.0,0.0,0.0,0.0,0.0,0.0,0.0,0.0718024962905075,0.0572813431899228,0.0,0.1429694780524734,0.2343614459804111,0.19507552327962,0.0021417704706831,0.0,0.0,0.0,0.0,0.0,0.0,0.0,0.0,0.0,0.0
lighting,6,0.0,0.0,0.0,0.0,0.0,0.077290490991573,0.0,0.0,0.0,0.0,0.0156872541480571,0.0,0.0,0.0,0.2603173930848805,0.646704861775489,0.0,0.0,0.0,0.0,0.0,0.0,0.0,0.0,0.0,0.0
lighting,7,0.6461678063351805,0.0,0.0,0.0,0.0,0.1468409114701134,0.0,0.0,0.0,0.0,0.0,0.0,0.0,0.0,0.0,0.0,0.1910388034434103,0.0,0.0,0.0159524787512957,0.0,0.0,0.0,0.0,0.0,0.0
lighting,8,0.0,0.0,0.0003217253211962,0.0,0.0,0.0,0.0,0.0,0.0,0.0,0.0,0.0,0.0,0.0,0.0,0.0,0.0048406749095307,0.0,0.0014420249163417,0.3395517800158233,0.0,0.0,0.0539277103482186,0.2794494209070878,0.3204666635818015,0.0
lighting,9,0.0,0.0,0.0,0.0,0.0,0.0,0.0,0.0,0.0,0.0,0.0,0.0,0.0,0.0,0.0,0.0,0.0,0.0,0.0,0.0014456674253396,0.2792630625018315,0.3974993173480252,0.2807166896175571,0.0,0.0,0.0410752631072465
refrigeration,1,0.0,0.0,0.0,0.0,0.0,0.0,1.0,0.0,0.0,0.0,0.0,0.0,0.0,0.0,0.0,0.0,0.0,0.0,0.0,0.0,0.0,0.0,0.0,0.0,0.0,0.0
refrigeration,2,0.0,0.0,0.0,0.0,0.0,0.0,0.0,0.1714089502894825,0.3032855066881524,0.454973642532377,0.0703319004899879,0.0,0.0,0.0,0.0,0.0,0.0,0.0,0.0,0.0,0.0,0.0,0.0,0.0,0.0,0.0
refrigeration,3,0.0,0.0,0.1129861317452146,0.1876088510844335,0.1694805487203724,0.0,0.0,0.0,0.0,0.0,0.4207066708949273,0.109217797555052,0.0,0.0,0.0,0.0,0.0,0.0,0.0,0.0,0.0,0.0,0.0,0.0,0.0,0.0
refrigeration,4,0.0,0.0,0.3561840929344201,0.1747783612612939,0.0,0.0,0.0,0.0,0.0,0.0,0.0,0.0,0.0,0.0,0.0,0.0,0.0,0.2847973935237117,0.1810274271099516,0.0,0.0,0.0,0.0,0.0032127251706226,0.0,0.0
refrigeration,5,0.0,0.2833507167905545,0.0,0.0,0.0,0.0,0.0,0.0,0.0,0.0701468841510293,0.0580300012696375,0.0,0.1192142723187086,0.2769041454312033,0.1890414320690532,0.0033125479698134,0.0,0.0,0.0,0.0,0.0,0.0,0.0,0.0,0.0,0.0
refrigeration,6,0.0,0.0,0.0,0.0,0.0,0.0812384643472402,0.0,0.0,0.0,0.0,0.0193455059275855,0.0,0.0,0.0,0.2817110742500233,0.6177049554751508,0.0,0.0,0.0,0.0,0.0,0.0,0.0,0.0,0.0,0.0
refrigeration,7,0.6206074786466163,0.0,0.0,0.0,0.0,0.149774588234325,0.0,0.0,0.0,0.0,0.0,0.0,0.0,0.0,0.0,0.0,0.213993138481108,0.0,0.0,0.0156247946379507,0.0,0.0,0.0,0.0,0.0,0.0
refrigeration,8,0.0,0.0,0.000655677803235,0.0,0.0,0.0,0.0,0.0,0.0,0.0,0.0,0.0,0.0,0.0,0.0,0.0,0.0037062736751134,0.0,0.0029807449992409,0.3801294119803086,0.0,0.0,0.0832709920246609,0.2499650715263298,0.2792918279911112,0.0
refrigeration,9,0.0,0.0,0.0,0.0,0.0,0.0,0.0,0.0,0.0,0.0,0.0,0.0,0.0,0.0,0.0,0.0,0.0,0.0,0.0,0.0016305362920492,0.2582466991580618,0.3673240198054929,0.3392317227766572,0.0,0.0,0.0335670219677389
misc,1,0.0,0.0,0.0,0.0,0.0,0.0,1.0,0.0,0.0,0.0,0.0,0.0,0.0,0.0,0.0,0.0,0.0,0.0,0.0,0.0,0.0,0.0,0.0,0.0,0.0,0.0
misc,2,0.0,0.0,0.0,0.0,0.0,0.0,0.0,0.2613159155037334,0.2143444446012362,0.4682595692771185,0.0560800706179118,0.0,0.0,0.0,0.0,0.0,0.0,0.0,0.0,0.0,0.0,0.0,0.0,0.0,0.0,0.0
misc,3,0.0,0.0,0.1114882455066544,0.1668795405952877,0.1808271216875349,0.0,0.0,0.0,0.0,0.0,0.3864105974869673,0.1543944947235556,0.0,0.0,0.0,0.0,0.0,0.0,0.0,0.0,0.0,0.0,0.0,0.0,0.0,0.0
misc,4,0.0,0.0,0.3576456194926686,0.1826407361628128,0.0,0.0,0.0,0.0,0.0,0.0,0.0,0.0,0.0,0.0,0.0,0.0,0.0,0.2869685520884936,0.169928329175887,0.0,0.0,0.0,0.0,0.0028167630801379,0.0,0.0
misc,5,0.0,0.2886163654820164,0.0,0.0,0.0,0.0,0.0,0.0,0.0,0.074121107562891,0.0558563155558136,0.0,0.1581691490473026,0.2282328097757588,0.1930868255395135,0.001917427036704,0.0,0.0,0.0,0.0,0.0,0.0,0.0,0.0,0.0,0.0
misc,6,0.0,0.0,0.0,0.0,0.0,0.0776535132220531,0.0,0.0,0.0,0.0,0.0173603823923654,0.0,0.0,0.0,0.2552747534149022,0.6497113509706792,0.0,0.0,0.0,0.0,0.0,0.0,0.0,0.0,0.0,0.0
misc,7,0.6738123199267663,0.0,0.0,0.0,0.0,0.1345664886211608,0.0,0.0,0.0,0.0,0.0,0.0,0.0,0.0,0.0,0.0,0.1768212609854919,0.0,0.0,0.0147999304665808,0.0,0.0,0.0,0.0,0.0,0.0
misc,8,0.0,0.0,0.0003637230077784,0.0,0.0,0.0,0.0,0.0,0.0,0.0,0.0,0.0,0.0,0.0,0.0,0.0,0.0041319934902184,0.0,0.0014977467919381,0.3400681782272436,0.0,0.0,0.0539928958614407,0.3074709885438714,0.2924744740775091,0.0
misc,9,0.0,0.0,0.0,0.0,0.0,0.0,0.0,0.0,0.0,0.0,0.0,0.0,0.0,0.0,0.0,0.0,0.0,0.0,0.0,0.0016334058853931,0.3030397241737785,0.4327067596013463,0.2316872199598521,0.0,0.0,0.0309328903796299
