End use,CDIV,AL,AR,AZ,CA,CO,CT,DC,DE,FL,GA,IA,ID,IL,IN,KS,KY,LA,MA,MD,ME,MI,MN,MO,MS,MT,NC,ND,NE,NH,NJ,NM,NV,NY,OH,OK,OR,PA,RI,SC,SD,TN,TX,UT,VA,VT,WA,WI,WV,WY,Total,AK,HI
heating,1,0.0,0.0,0.0,0.0,0.0,0.150314465408805,0.0,0.0,0.0,0.0,0.0,0.0,0.0,0.0,0.0,0.0,0.0,0.1987421383647798,0.0,0.1981132075471697,0.0,0.0,0.0,0.0,0.0,0.0,0.0,0.0,0.2628930817610062,0.0,0.0,0.0,0.0,0.0,0.0,0.0,0.0,0.0327044025157232,0.0,0.0,0.0,0.0,0.0,0.0,0.1572327044025157,0.0,0.0,0.0,0.0,0.9999999999999998,0,0
heating,2,0.0,0.0,0.0,0.0,0.0,0.0,0.0,0.0,0.0,0.0,0.0,0.0,0.0,0.0,0.0,0.0,0.0,0.0,0.0,0.0,0.0,0.0,0.0,0.0,0.0,0.0,0.0,0.0,0.0,0.0764119601328903,0.0,0.0,0.5319767441860465,0.0,0.0,0.0,0.3916112956810631,0.0,0.0,0.0,0.0,0.0,0.0,0.0,0.0,0.0,0.0,0.0,0.0,1.0,0,0
heating,3,0.0,0.0,0.0,0.0,0.0,0.0,0.0,0.0,0.0,0.0,0.0,0.0,0.1371308016877637,0.1390646976090014,0.0,0.0,0.0,0.0,0.0,0.0,0.2967651195499296,0.0,0.0,0.0,0.0,0.0,0.0,0.0,0.0,0.0,0.0,0.0,0.0,0.180028129395218,0.0,0.0,0.0,0.0,0.0,0.0,0.0,0.0,0.0,0.0,0.0,0.0,0.2470112517580872,0.0,0.0,0.9999999999999998,0,0
heating,4,0.0,0.0,0.0,0.0,0.0,0.0,0.0,0.0,0.0,0.0,0.1812712529427151,0.0,0.0,0.0,0.0850117708605806,0.0,0.0,0.0,0.0,0.0,0.0,0.3154590635626471,0.2545121632226,0.0,0.0,0.0,0.0486528904002092,0.0481297410410672,0.0,0.0,0.0,0.0,0.0,0.0,0.0,0.0,0.0,0.0,0.0,0.0669631179701804,0.0,0.0,0.0,0.0,0.0,0.0,0.0,0.0,0.0,1.0,0,0
heating,5,0.0,0.0,0.0,0.0,0.0,0.0,0.0024759284731774,0.0511691884456671,0.0470426409903713,0.1953232462173315,0.0,0.0,0.0,0.0,0.0,0.0,0.0,0.0,0.0866574965612104,0.0,0.0,0.0,0.0,0.0,0.0,0.3612104539202201,0.0,0.0,0.0,0.0,0.0,0.0,0.0,0.0,0.0,0.0,0.0,0.0,0.0844566712517194,0.0,0.0,0.0,0.0,0.1353507565337001,0.0,0.0,0.0,0.0363136176066024,0.0,1.0,0,0
heating,6,0.2764094143404488,0.0,0.0,0.0,0.0,0.0,0.0,0.0,0.0,0.0,0.0,0.0,0.0,0.0,0.0,0.2074438970990695,0.0,0.0,0.0,0.0,0.0,0.0,0.0,0.3158182813355227,0.0,0.0,0.0,0.0,0.0,0.0,0.0,0.0,0.0,0.0,0.0,0.0,0.0,0.0,0.0,0.0,0.2003284072249589,0.0,0.0,0.0,0.0,0.0,0.0,0.0,0.0,1.0,0,0
heating,7,0.0,0.168967421314191,0.0,0.0,0.0,0.0,0.0,0.0,0.0,0.0,0.0,0.0,0.0,0.0,0.0,0.0,0.0508006626173384,0.0,0.0,0.0,0.0,0.0,0.0,0.0,0.0,0.0,0.0,0.0,0.0,0.0,0.0,0.0,0.0,0.0,0.2258420762009939,0.0,0.0,0.0,0.0,0.0,0.0,0.5543898398674765,0.0,0.0,0.0,0.0,0.0,0.0,0.0,1.0,0,0
heating,8,0.0,0.0,0.2,0.0,0.2703583061889251,0.0,0.0,0.0,0.0,0.0,0.0,0.0736156351791531,0.0,0.0,0.0,0.0,0.0,0.0,0.0,0.0,0.0,0.0,0.0,0.0,0.142671009771987,0.0,0.0,0.0,0.0,0.0,0.1615635179153094,0.0592833876221498,0.0,0.0,0.0,0.0,0.0,0.0,0.0,0.0,0.0,0.0,0.0312703583061889,0.0,0.0,0.0,0.0,0.0,0.0612377850162866,1.0000000000000002,0,0
heating,9,0.0,0.0,0.0,0.8010282776349615,0.0,0.0,0.0,0.0,0.0,0.0,0.0,0.0,0.0,0.0,0.0,0.0,0.0,0.0,0.0,0.0,0.0,0.0,0.0,0.0,0.0,0.0,0.0,0.0,0.0,0.0,0.0,0.0,0.0,0.0,0.0,0.0344473007712082,0.0,0.0,0.0,0.0,0.0,0.0,0.0,0.0,0.0,0.1645244215938303,0.0,0.0,0.0,1.0000000000000002,0,0
water heating,1,0.0,0.0,0.0,0.0,0.0,0.1693333333333333,0.0,0.0,0.0,0.0,0.0,0.0,0.0,0.0,0.0,0.0,0.0,0.1366666666666667,0.0,0.2113333333333333,0.0,0.0,0.0,0.0,0.0,0.0,0.0,0.0,0.2586666666666667,0.0,0.0,0.0,0.0,0.0,0.0,0.0,0.0,0.0353333333333333,0.0,0.0,0.0,0.0,0.0,0.0,0.1886666666666666,0.0,0.0,0.0,0.0,1.0000000000000002,0,0
water heating,2,0.0,0.0,0.0,0.0,0.0,0.0,0.0,0.0,0.0,0.0,0.0,0.0,0.0,0.0,0.0,0.0,0.0,0.0,0.0,0.0,0.0,0.0,0.0,0.0,0.0,0.0,0.0,0.0,0.0,0.0850746268656716,0.0,0.0,0.6223880597014926,0.0,0.0,0.0,0.2925373134328358,0.0,0.0,0.0,0.0,0.0,0.0,0.0,0.0,0.0,0.0,0.0,0.0,1.0,0,0
water heating,3,0.0,0.0,0.0,0.0,0.0,0.0,0.0,0.0,0.0,0.0,0.0,0.0,0.1645651471063692,0.1199482702877465,0.0,0.0,0.0,0.0,0.0,0.0,0.3478823149046233,0.0,0.0,0.0,0.0,0.0,0.0,0.0,0.0,0.0,0.0,0.0,0.0,0.2431296475913352,0.0,0.0,0.0,0.0,0.0,0.0,0.0,0.0,0.0,0.0,0.0,0.0,0.1244746201099256,0.0,0.0,1.0,0,0
water heating,4,0.0,0.0,0.0,0.0,0.0,0.0,0.0,0.0,0.0,0.0,0.2392367906066536,0.0,0.0,0.0,0.2152641878669275,0.0,0.0,0.0,0.0,0.0,0.0,0.1663405088062622,0.2407045009784735,0.0,0.0,0.0,0.0293542074363992,0.0518590998043052,0.0,0.0,0.0,0.0,0.0,0.0,0.0,0.0,0.0,0.0,0.0,0.0572407045009784,0.0,0.0,0.0,0.0,0.0,0.0,0.0,0.0,0.0,1.0,0,0
water heating,5,0.0,0.0,0.0,0.0,0.0,0.0,0.0027691242644513,0.0623052959501557,0.176877812391831,0.1803392177223952,0.0,0.0,0.0,0.0,0.0,0.0,0.0,0.0,0.0965732087227414,0.0,0.0,0.0,0.0,0.0,0.0,0.2194530979577708,0.0,0.0,0.0,0.0,0.0,0.0,0.0,0.0,0.0,0.0,0.0,0.0,0.0557286258220837,0.0,0.0,0.0,0.0,0.1810314987885081,0.0,0.0,0.0,0.0249221183800623,0.0,1.0,0,0
water heating,6,0.1564551422319475,0.0,0.0,0.0,0.0,0.0,0.0,0.0,0.0,0.0,0.0,0.0,0.0,0.0,0.0,0.1575492341356674,0.0,0.0,0.0,0.0,0.0,0.0,0.0,0.4420131291028446,0.0,0.0,0.0,0.0,0.0,0.0,0.0,0.0,0.0,0.0,0.0,0.0,0.0,0.0,0.0,0.0,0.2439824945295405,0.0,0.0,0.0,0.0,0.0,0.0,0.0,0.0,1.0,0,0
water heating,7,0.0,0.0937114673242909,0.0,0.0,0.0,0.0,0.0,0.0,0.0,0.0,0.0,0.0,0.0,0.0,0.0,0.0,0.1117961364570489,0.0,0.0,0.0,0.0,0.0,0.0,0.0,0.0,0.0,0.0,0.0,0.0,0.0,0.0,0.0,0.0,0.0,0.1561857788738183,0.0,0.0,0.0,0.0,0.0,0.0,0.6383066173448417,0.0,0.0,0.0,0.0,0.0,0.0,0.0,1.0,0,0
water heating,8,0.0,0.0,0.2682481751824817,0.0,0.2250608272506082,0.0,0.0,0.0,0.0,0.0,0.0,0.0437956204379562,0.0,0.0,0.0,0.0,0.0,0.0,0.0,0.0,0.0,0.0,0.0,0.0,0.0656934306569343,0.0,0.0,0.0,0.0,0.0,0.2354014598540146,0.0626520681265206,0.0,0.0,0.0,0.0,0.0,0.0,0.0,0.0,0.0,0.0,0.066301703163017,0.0,0.0,0.0,0.0,0.0,0.0328467153284671,1.0,0,0
water heating,9,0.0,0.0,0.0,0.7813376051261514,0.0,0.0,0.0,0.0,0.0,0.0,0.0,0.0,0.0,0.0,0.0,0.0,0.0,0.0,0.0,0.0,0.0,0.0,0.0,0.0,0.0,0.0,0.0,0.0,0.0,0.0,0.0,0.0,0.0,0.0,0.0,0.0488586303564277,0.0,0.0,0.0,0.0,0.0,0.0,0.0,0.0,0.0,0.1698037645174209,0.0,0.0,0.0,1.0,0,0
cooking,1,0.0,0.0,0.0,0.0,0.0,0.2420351878269139,0.0,0.0,0.0,0.0,0.0,0.0,0.0,0.0,0.0,0.0,0.0,0.2182596291012838,0.0,0.2149310508796956,0.0,0.0,0.0,0.0,0.0,0.0,0.0,0.0,0.1711840228245363,0.0,0.0,0.0,0.0,0.0,0.0,0.0,0.0,0.0480266286257727,0.0,0.0,0.0,0.0,0.0,0.0,0.1055634807417974,0.0,0.0,0.0,0.0,1.0,0,0
cooking,2,0.0,0.0,0.0,0.0,0.0,0.0,0.0,0.0,0.0,0.0,0.0,0.0,0.0,0.0,0.0,0.0,0.0,0.0,0.0,0.0,0.0,0.0,0.0,0.0,0.0,0.0,0.0,0.0,0.0,0.091404011461318,0.0,0.0,0.4690544412607449,0.0,0.0,0.0,0.4395415472779369,0.0,0.0,0.0,0.0,0.0,0.0,0.0,0.0,0.0,0.0,0.0,0.0,1.0,0,0
cooking,3,0.0,0.0,0.0,0.0,0.0,0.0,0.0,0.0,0.0,0.0,0.0,0.0,0.1215780998389693,0.1727053140096618,0.0,0.0,0.0,0.0,0.0,0.0,0.250805152979066,0.0,0.0,0.0,0.0,0.0,0.0,0.0,0.0,0.0,0.0,0.0,0.0,0.2403381642512077,0.0,0.0,0.0,0.0,0.0,0.0,0.0,0.0,0.0,0.0,0.0,0.0,0.214573268921095,0.0,0.0,1.0,0,0
cooking,4,0.0,0.0,0.0,0.0,0.0,0.0,0.0,0.0,0.0,0.0,0.1839152119700748,0.0,0.0,0.0,0.0829177057356608,0.0,0.0,0.0,0.0,0.0,0.0,0.2824189526184539,0.2855361596009975,0.0,0.0,0.0,0.0448877805486284,0.0617206982543641,0.0,0.0,0.0,0.0,0.0,0.0,0.0,0.0,0.0,0.0,0.0,0.0586034912718204,0.0,0.0,0.0,0.0,0.0,0.0,0.0,0.0,0.0,1.0,0,0
cooking,5,0.0,0.0,0.0,0.0,0.0,0.0,0.0002886836027713,0.0181870669745958,0.2318129330254041,0.138568129330254,0.0,0.0,0.0,0.0,0.0,0.0,0.0,0.0,0.0938221709006928,0.0,0.0,0.0,0.0,0.0,0.0,0.2413394919168591,0.0,0.0,0.0,0.0,0.0,0.0,0.0,0.0,0.0,0.0,0.0,0.0,0.0941108545034642,0.0,0.0,0.0,0.0,0.1446304849884526,0.0,0.0,0.0,0.0372401847575057,0.0,1.0,0,0
cooking,6,0.2412698412698412,0.0,0.0,0.0,0.0,0.0,0.0,0.0,0.0,0.0,0.0,0.0,0.0,0.0,0.0,0.2497354497354497,0.0,0.0,0.0,0.0,0.0,0.0,0.0,0.2296296296296296,0.0,0.0,0.0,0.0,0.0,0.0,0.0,0.0,0.0,0.0,0.0,0.0,0.0,0.0,0.0,0.0,0.2793650793650793,0.0,0.0,0.0,0.0,0.0,0.0,0.0,0.0,1.0,0,0
cooking,7,0.0,0.1542940320232896,0.0,0.0,0.0,0.0,0.0,0.0,0.0,0.0,0.0,0.0,0.0,0.0,0.0,0.0,0.1072295002426006,0.0,0.0,0.0,0.0,0.0,0.0,0.0,0.0,0.0,0.0,0.0,0.0,0.0,0.0,0.0,0.0,0.0,0.0984958757884522,0.0,0.0,0.0,0.0,0.0,0.0,0.6399805919456574,0.0,0.0,0.0,0.0,0.0,0.0,0.0,1.0,0,0
cooking,8,0.0,0.0,0.3718546132339236,0.0,0.1640260950605778,0.0,0.0,0.0,0.0,0.0,0.0,0.0689655172413793,0.0,0.0,0.0,0.0,0.0,0.0,0.0,0.0,0.0,0.0,0.0,0.0,0.0792171481826654,0.0,0.0,0.0,0.0,0.0,0.1612301957129543,0.0792171481826654,0.0,0.0,0.0,0.0,0.0,0.0,0.0,0.0,0.0,0.0,0.0372786579683131,0.0,0.0,0.0,0.0,0.0,0.0382106244175209,1.0,0,0
cooking,9,0.0,0.0,0.0,0.6293759512937596,0.0,0.0,0.0,0.0,0.0,0.0,0.0,0.0,0.0,0.0,0.0,0.0,0.0,0.0,0.0,0.0,0.0,0.0,0.0,0.0,0.0,0.0,0.0,0.0,0.0,0.0,0.0,0.0,0.0,0.0,0.0,0.1289954337899543,0.0,0.0,0.0,0.0,0.0,0.0,0.0,0.0,0.0,0.2416286149162861,0.0,0.0,0.0,1.0,0,0
misc,1,0.0,0.0,0.0,0.0,0.0,0.2012987012987013,0.0,0.0,0.0,0.0,0.0,0.0,0.0,0.0,0.0,0.0,0.0,0.5454545454545455,0.0,0.0129870129870129,0.0,0.0,0.0,0.0,0.0,0.0,0.0,0.0,0.0649350649350649,0.0,0.0,0.0,0.0,0.0,0.0,0.0,0.0,0.1233766233766233,0.0,0.0,0.0,0.0,0.0,0.0,0.0519480519480519,0.0,0.0,0.0,0.0,1.0,0,0
misc,2,0.0,0.0,0.0,0.0,0.0,0.0,0.0,0.0,0.0,0.0,0.0,0.0,0.0,0.0,0.0,0.0,0.0,0.0,0.0,0.0,0.0,0.0,0.0,0.0,0.0,0.0,0.0,0.0,0.0,0.3363028953229399,0.0,0.0,0.3229398663697105,0.0,0.0,0.0,0.3407572383073496,0.0,0.0,0.0,0.0,0.0,0.0,0.0,0.0,0.0,0.0,0.0,0.0,1.0,0,0
misc,3,0.0,0.0,0.0,0.0,0.0,0.0,0.0,0.0,0.0,0.0,0.0,0.0,0.2540272614622057,0.1734820322180917,0.0,0.0,0.0,0.0,0.0,0.0,0.2366790582403965,0.0,0.0,0.0,0.0,0.0,0.0,0.0,0.0,0.0,0.0,0.0,0.0,0.2304832713754646,0.0,0.0,0.0,0.0,0.0,0.0,0.0,0.0,0.0,0.0,0.0,0.0,0.1053283767038413,0.0,0.0,1.0,0,0
misc,4,0.0,0.0,0.0,0.0,0.0,0.0,0.0,0.0,0.0,0.0,0.1761658031088083,0.0,0.0,0.0,0.1968911917098445,0.0,0.0,0.0,0.0,0.0,0.0,0.1709844559585492,0.3989637305699482,0.0,0.0,0.0,0.0103626943005181,0.0310880829015544,0.0,0.0,0.0,0.0,0.0,0.0,0.0,0.0,0.0,0.0,0.0,0.0155440414507772,0.0,0.0,0.0,0.0,0.0,0.0,0.0,0.0,0.0,1.0000000000000002,0,0
misc,5,0.0,0.0,0.0,0.0,0.0,0.0,0.0043821209465381,0.0157756354075372,0.4171779141104295,0.2138475021910605,0.0,0.0,0.0,0.0,0.0,0.0,0.0,0.0,0.0744960560911481,0.0,0.0,0.0,0.0,0.0,0.0,0.0972830850131463,0.0,0.0,0.0,0.0,0.0,0.0,0.0,0.0,0.0,0.0,0.0,0.0,0.0543382997370727,0.0,0.0,0.0,0.0,0.084136722173532,0.0,0.0,0.0,0.0385626643295355,0.0,1.0000000000000002,0,0
misc,6,0.2065868263473053,0.0,0.0,0.0,0.0,0.0,0.0,0.0,0.0,0.0,0.0,0.0,0.0,0.0,0.0,0.2574850299401198,0.0,0.0,0.0,0.0,0.0,0.0,0.0,0.1377245508982036,0.0,0.0,0.0,0.0,0.0,0.0,0.0,0.0,0.0,0.0,0.0,0.0,0.0,0.0,0.0,0.0,0.3982035928143712,0.0,0.0,0.0,0.0,0.0,0.0,0.0,0.0,1.0,0,0
misc,7,0.0,0.0446043165467626,0.0,0.0,0.0,0.0,0.0,0.0,0.0,0.0,0.0,0.0,0.0,0.0,0.0,0.0,0.116546762589928,0.0,0.0,0.0,0.0,0.0,0.0,0.0,0.0,0.0,0.0,0.0,0.0,0.0,0.0,0.0,0.0,0.0,0.1266187050359712,0.0,0.0,0.0,0.0,0.0,0.0,0.7122302158273381,0.0,0.0,0.0,0.0,0.0,0.0,0.0,1.0,0,0
misc,8,0.0,0.0,0.5622837370242214,0.0,0.0536332179930795,0.0,0.0,0.0,0.0,0.0,0.0,0.0190311418685121,0.0,0.0,0.0,0.0,0.0,0.0,0.0,0.0,0.0,0.0,0.0,0.0,0.0086505190311418,0.0,0.0,0.0,0.0,0.0,0.1141868512110726,0.2024221453287197,0.0,0.0,0.0,0.0,0.0,0.0,0.0,0.0,0.0,0.0,0.0380622837370242,0.0,0.0,0.0,0.0,0.0,0.0017301038062283,1.0,0,0
misc,9,0.0,0.0,0.0,0.9078014184397164,0.0,0.0,0.0,0.0,0.0,0.0,0.0,0.0,0.0,0.0,0.0,0.0,0.0,0.0,0.0,0.0,0.0,0.0,0.0,0.0,0.0,0.0,0.0,0.0,0.0,0.0,0.0,0.0,0.0,0.0,0.0,0.0293819655521783,0.0,0.0,0.0,0.0,0.0,0.0,0.0,0.0,0.0,0.0628166160081053,0.0,0.0,0.0,1.0,0,0
drying,1,0.0,0.0,0.0,0.0,0.0,0.2348484848484848,0.0,0.0,0.0,0.0,0.0,0.0,0.0,0.0,0.0,0.0,0.0,0.2601010101010101,0.0,0.1616161616161616,0.0,0.0,0.0,0.0,0.0,0.0,0.0,0.0,0.1893939393939394,0.0,0.0,0.0,0.0,0.0,0.0,0.0,0.0,0.0101010101010101,0.0,0.0,0.0,0.0,0.0,0.0,0.1439393939393939,0.0,0.0,0.0,0.0,1.0,0,0
drying,2,0.0,0.0,0.0,0.0,0.0,0.0,0.0,0.0,0.0,0.0,0.0,0.0,0.0,0.0,0.0,0.0,0.0,0.0,0.0,0.0,0.0,0.0,0.0,0.0,0.0,0.0,0.0,0.0,0.0,0.0811724915445321,0.0,0.0,0.5715896279594138,0.0,0.0,0.0,0.3472378804960541,0.0,0.0,0.0,0.0,0.0,0.0,0.0,0.0,0.0,0.0,0.0,0.0,1.0,0,0
drying,3,0.0,0.0,0.0,0.0,0.0,0.0,0.0,0.0,0.0,0.0,0.0,0.0,0.2839396628216504,0.1233362910381544,0.0,0.0,0.0,0.0,0.0,0.0,0.3425022182786157,0.0,0.0,0.0,0.0,0.0,0.0,0.0,0.0,0.0,0.0,0.0,0.0,0.0789707187222715,0.0,0.0,0.0,0.0,0.0,0.0,0.0,0.0,0.0,0.0,0.0,0.0,0.1712511091393078,0.0,0.0,1.0,0,0
drying,4,0.0,0.0,0.0,0.0,0.0,0.0,0.0,0.0,0.0,0.0,0.440922190201729,0.0,0.0,0.0,0.0778097982708933,0.0,0.0,0.0,0.0,0.0,0.0,0.1181556195965417,0.2680115273775216,0.0,0.0,0.0,0.0259365994236311,0.063400576368876,0.0,0.0,0.0,0.0,0.0,0.0,0.0,0.0,0.0,0.0,0.0,0.0057636887608069,0.0,0.0,0.0,0.0,0.0,0.0,0.0,0.0,0.0,1.0,0,0
drying,5,0.0,0.0,0.0,0.0,0.0,0.0,0.0,0.015228426395939,0.2918781725888325,0.0,0.0,0.0,0.0,0.0,0.0,0.0,0.0,0.0,0.0253807106598984,0.0,0.0,0.0,0.0,0.0,0.0,0.3121827411167512,0.0,0.0,0.0,0.0,0.0,0.0,0.0,0.0,0.0,0.0,0.0,0.0,0.1345177664974619,0.0,0.0,0.0,0.0,0.215736040609137,0.0,0.0,0.0,0.0050761421319796,0.0,1.0,0,0
drying,6,0.0,0.0,0.0,0.0,0.0,0.0,0.0,0.0,0.0,0.0,0.0,0.0,0.0,0.0,0.0,0.0,0.0,0.0,0.0,0.0,0.0,0.0,0.0,1.0,0.0,0.0,0.0,0.0,0.0,0.0,0.0,0.0,0.0,0.0,0.0,0.0,0.0,0.0,0.0,0.0,0.0,0.0,0.0,0.0,0.0,0.0,0.0,0.0,0.0,1.0,0,0
drying,7,0.0,0.043859649122807,0.0,0.0,0.0,0.0,0.0,0.0,0.0,0.0,0.0,0.0,0.0,0.0,0.0,0.0,0.0146198830409356,0.0,0.0,0.0,0.0,0.0,0.0,0.0,0.0,0.0,0.0,0.0,0.0,0.0,0.0,0.0,0.0,0.0,0.2251461988304093,0.0,0.0,0.0,0.0,0.0,0.0,0.7163742690058479,0.0,0.0,0.0,0.0,0.0,0.0,0.0,1.0,0,0
drying,8,0.0,0.0,0.3459459459459459,0.0,0.3027027027027026,0.0,0.0,0.0,0.0,0.0,0.0,0.0,0.0,0.0,0.0,0.0,0.0,0.0,0.0,0.0,0.0,0.0,0.0,0.0,0.0702702702702702,0.0,0.0,0.0,0.0,0.0,0.227027027027027,0.027027027027027,0.0,0.0,0.0,0.0,0.0,0.0,0.0,0.0,0.0,0.0,0.0108108108108108,0.0,0.0,0.0,0.0,0.0,0.0162162162162162,0.9999999999999998,0,0
drying,9,0.0,0.0,0.0,0.8144208037825059,0.0,0.0,0.0,0.0,0.0,0.0,0.0,0.0,0.0,0.0,0.0,0.0,0.0,0.0,0.0,0.0,0.0,0.0,0.0,0.0,0.0,0.0,0.0,0.0,0.0,0.0,0.0,0.0,0.0,0.0,0.0,0.1158392434988179,0.0,0.0,0.0,0.0,0.0,0.0,0.0,0.0,0.0,0.0697399527186761,0.0,0.0,0.0,1.0,0,0
