Technology,End use,CDIV,TRE,FRCC,MISW,MISC,MISE,MISS,ISNE,NYCW,NYUP,PJME,PJMW,PJMC,PJMD,SRCA,SRSE,SRCE,SPPS,SPPC,SPPN,SRSG,CANO,CASO,NWPP,RMRG,BASN,Total
central AC,cooling,1,0.0,0.0,0.0,0.0,0.0,0.0,1.0,0.0,0.0,0.0,0.0,0.0,0.0,0.0,0.0,0.0,0.0,0.0,0.0,0.0,0.0,0.0,0.0,0.0,0.0,0.0
central AC,cooling,2,0.0,0.0,0.0,0.0,0.0,0.0,0.0,0.1770683673826961,0.1763324806391702,0.5568560114938501,0.0897431404842835,0.0,0.0,0.0,0.0,0.0,0.0,0.0,0.0,0.0,0.0,0.0,0.0,0.0,0.0,0.0
central AC,cooling,3,0.0,0.0,0.1434237079933315,0.1755023251732912,0.1900500131613582,0.0,0.0,0.0,0.0,0.0,0.3123629025182065,0.1786610511538124,0.0,0.0,0.0,0.0,0.0,0.0,0.0,0.0,0.0,0.0,0.0,0.0,0.0,0.0
central AC,cooling,4,0.0,0.0,0.3736381430734571,0.163496694611663,0.0,0.0,0.0,0.0,0.0,0.0,0.0,0.0,0.0,0.0,0.0,0.0,0.0,0.2675333308712191,0.1908630941389371,0.0,0.0,0.0,0.0,0.0044687373047235,0.0,0.0
central AC,cooling,5,0.0,0.2804205599191504,0.0,0.0,0.0,0.0,0.0,0.0,0.0,0.1022144997429123,0.0790588819347174,0.0,0.1363805606283576,0.2080814169961525,0.1915391571071435,0.0023049236715661,0.0,0.0,0.0,0.0,0.0,0.0,0.0,0.0,0.0,0.0
central AC,cooling,6,0.0,0.0,0.0,0.0,0.0,0.0872062663185378,0.0,0.0,0.0,0.0,0.0255874673629242,0.0,0.0,0.0,0.2412532637075718,0.6459530026109661,0.0,0.0,0.0,0.0,0.0,0.0,0.0,0.0,0.0,0.0
central AC,cooling,7,0.569445861822635,0.0,0.0,0.0,0.0,0.1897132360444943,0.0,0.0,0.0,0.0,0.0,0.0,0.0,0.0,0.0,0.0,0.2176242473721808,0.0,0.0,0.0232166547606898,0.0,0.0,0.0,0.0,0.0,0.0
central AC,cooling,8,0.0,0.0,0.0004580470539246,0.0,0.0,0.0,0.0,0.0,0.0,0.0,0.0,0.0,0.0,0.0,0.0,0.0,0.0098271913387466,0.0,0.001332500520508,0.3617738913179263,0.0,0.0,0.0478867374557568,0.2472204871955028,0.3315011451176348,0.0
central AC,cooling,9,0.0,0.0,0.0,0.0,0.0,0.0,0.0,0.0,0.0,0.0,0.0,0.0,0.0,0.0,0.0,0.0,0.0,0.0,0.0,0.0036866898791584,0.3516692512508412,0.4710477806712116,0.1735962781987886,0.0,0.0,0.0
room AC,cooling,1,0.0,0.0,0.0,0.0,0.0,0.0,1.0,0.0,0.0,0.0,0.0,0.0,0.0,0.0,0.0,0.0,0.0,0.0,0.0,0.0,0.0,0.0,0.0,0.0,0.0,0.0
room AC,cooling,2,0.0,0.0,0.0,0.0,0.0,0.0,0.0,0.3505998326048544,0.2018041476797173,0.3862177996838091,0.061378220031619,0.0,0.0,0.0,0.0,0.0,0.0,0.0,0.0,0.0,0.0,0.0,0.0,0.0,0.0,0.0
room AC,cooling,3,0.0,0.0,0.1379152348224513,0.1526345933562428,0.1989690721649484,0.0,0.0,0.0,0.0,0.0,0.3065864833906071,0.2038946162657502,0.0,0.0,0.0,0.0,0.0,0.0,0.0,0.0,0.0,0.0,0.0,0.0,0.0,0.0
room AC,cooling,4,0.0,0.0,0.3890700201832013,0.1830461108523521,0.0,0.0,0.0,0.0,0.0,0.0,0.0,0.0,0.0,0.0,0.0,0.0,0.0,0.2139419344822232,0.2095947834187238,0.0,0.0,0.0,0.0,0.0043471510634994,0.0,0.0
room AC,cooling,5,0.0,0.2036427732079906,0.0,0.0,0.0,0.0,0.0,0.0,0.0,0.1193889541715628,0.1420681551116333,0.0,0.1742655699177438,0.2238542890716803,0.1326674500587544,0.0041128084606345,0.0,0.0,0.0,0.0,0.0,0.0,0.0,0.0,0.0,0.0
room AC,cooling,6,0.0,0.0,0.0,0.0,0.0,0.0888435770463151,0.0,0.0,0.0,0.0,0.0288377512379842,0.0,0.0,0.0,0.3102242936207399,0.5720943780949607,0.0,0.0,0.0,0.0,0.0,0.0,0.0,0.0,0.0,0.0
room AC,cooling,7,0.526045996120809,0.0,0.0,0.0,0.0,0.2542255472430036,0.0,0.0,0.0,0.0,0.0,0.0,0.0,0.0,0.0,0.0,0.2046273205874203,0.0,0.0,0.0151011360487669,0.0,0.0,0.0,0.0,0.0,0.0
room AC,cooling,8,0.0,0.0,0.0008777704630239,0.0,0.0,0.0,0.0,0.0,0.0,0.0,0.0,0.0,0.0,0.0,0.0,0.0,0.0114110160193109,0.0,0.0032916392363396,0.2488479262672811,0.0,0.0,0.1059907834101382,0.3590081193767829,0.2705727452271231,0.0
room AC,cooling,9,0.0,0.0,0.0,0.0,0.0,0.0,0.0,0.0,0.0,0.0,0.0,0.0,0.0,0.0,0.0,0.0,0.0,0.0,0.0,0.0020458863071752,0.2800672219786643,0.4332164255443519,0.2846704661698085,0.0,0.0,0.0
ASHP,cooling,1,0.0,0.0,0.0,0.0,0.0,0.0,1.0,0.0,0.0,0.0,0.0,0.0,0.0,0.0,0.0,0.0,0.0,0.0,0.0,0.0,0.0,0.0,0.0,0.0,0.0,0.0
ASHP,cooling,2,0.0,0.0,0.0,0.0,0.0,0.0,0.0,0.1248506571087216,0.1436678614097969,0.6251493428912783,0.1063321385902031,0.0,0.0,0.0,0.0,0.0,0.0,0.0,0.0,0.0,0.0,0.0,0.0,0.0,0.0,0.0
ASHP,cooling,3,0.0,0.0,0.0881346263548203,0.3205932686822589,0.0858528237307472,0.0,0.0,0.0,0.0,0.0,0.4355390758699372,0.0698802053622361,0.0,0.0,0.0,0.0,0.0,0.0,0.0,0.0,0.0,0.0,0.0,0.0,0.0,0.0
ASHP,cooling,4,0.0,0.0,0.2294138798993168,0.2578209277238403,0.0,0.0,0.0,0.0,0.0,0.0,0.0,0.0,0.0,0.0,0.0,0.0,0.0,0.2819129809421071,0.229054297015462,0.0,0.0,0.0,0.0,0.0017979144192736,0.0,0.0
ASHP,cooling,5,0.0,0.3868910872520981,0.0,0.0,0.0,0.0,0.0,0.0,0.0,0.0468845234188194,0.056988138215575,0.0,0.1029584134277275,0.2545126353790614,0.1481082094800506,0.0036569928266679,0.0,0.0,0.0,0.0,0.0,0.0,0.0,0.0,0.0,0.0
ASHP,cooling,6,0.0,0.0,0.0,0.0,0.0,0.0571916693784575,0.0,0.0,0.0,0.0,0.0171656361861373,0.0,0.0,0.0,0.3113407094044907,0.6143019850309144,0.0,0.0,0.0,0.0,0.0,0.0,0.0,0.0,0.0,0.0
ASHP,cooling,7,0.6231688381826774,0.0,0.0,0.0,0.0,0.2081279956794707,0.0,0.0,0.0,0.0,0.0,0.0,0.0,0.0,0.0,0.0,0.1612772564639168,0.0,0.0,0.007425909673935,0.0,0.0,0.0,0.0,0.0,0.0
ASHP,cooling,8,0.0,0.0,0.0,0.0,0.0,0.0,0.0,0.0,0.0,0.0,0.0,0.0,0.0,0.0,0.0,0.0,0.0198347107438016,0.0,0.0001836547291092,0.7072543617998164,0.0,0.0,0.0196510560146923,0.0618916437098255,0.1911845730027548,0.0
ASHP,cooling,9,0.0,0.0,0.0,0.0,0.0,0.0,0.0,0.0,0.0,0.0,0.0,0.0,0.0,0.0,0.0,0.0,0.0,0.0,0.0,0.0051097084460474,0.2515779981965735,0.2965133754132852,0.4467989179440937,0.0,0.0,0.0
ASHP,heating,1,0.0,0.0,0.0,0.0,0.0,0.0,1.0,0.0,0.0,0.0,0.0,0.0,0.0,0.0,0.0,0.0,0.0,0.0,0.0,0.0,0.0,0.0,0.0,0.0,0.0,0.0
ASHP,heating,2,0.0,0.0,0.0,0.0,0.0,0.0,0.0,0.1244788564621798,0.1441334127456819,0.6247766527695057,0.1066110780226325,0.0,0.0,0.0,0.0,0.0,0.0,0.0,0.0,0.0,0.0,0.0,0.0,0.0,0.0,0.0
ASHP,heating,3,0.0,0.0,0.0877093386318478,0.3213170593244394,0.0860062446778314,0.0,0.0,0.0,0.0,0.0,0.4348566562588702,0.070110701107011,0.0,0.0,0.0,0.0,0.0,0.0,0.0,0.0,0.0,0.0,0.0,0.0,0.0,0.0
ASHP,heating,4,0.0,0.0,0.2293906810035842,0.257347670250896,0.0,0.0,0.0,0.0,0.0,0.0,0.0,0.0,0.0,0.0,0.0,0.0,0.0,0.2824372759856631,0.228673835125448,0.0,0.0,0.0,0.0,0.0021505376344086,0.0,0.0
ASHP,heating,5,0.0,0.3859686109159053,0.0,0.0,0.0,0.0,0.0,0.0,0.0,0.0469196533145935,0.0569922698524244,0.0,0.1030686343405949,0.2549777465448583,0.1484188334504567,0.0036542515811665,0.0,0.0,0.0,0.0,0.0,0.0,0.0,0.0,0.0,0.0
ASHP,heating,6,0.0,0.0,0.0,0.0,0.0,0.0571590724825685,0.0,0.0,0.0,0.0,0.0171882600940489,0.0,0.0,0.0,0.3118209826495865,0.613831684773796,0.0,0.0,0.0,0.0,0.0,0.0,0.0,0.0,0.0,0.0
ASHP,heating,7,0.6227710113720476,0.0,0.0,0.0,0.0,0.2081959491285916,0.0,0.0,0.0,0.0,0.0,0.0,0.0,0.0,0.0,0.0,0.1616311149989906,0.0,0.0,0.00740192450037,0.0,0.0,0.0,0.0,0.0,0.0
ASHP,heating,8,0.0,0.0,0.0,0.0,0.0,0.0,0.0,0.0,0.0,0.0,0.0,0.0,0.0,0.0,0.0,0.0,0.0199560600512632,0.0,0.0001830831197363,0.7070670084218235,0.0,0.0,0.0195898938117905,0.0618820944708897,0.1913218601244965,0.0
ASHP,heating,9,0.0,0.0,0.0,0.0,0.0,0.0,0.0,0.0,0.0,0.0,0.0,0.0,0.0,0.0,0.0,0.0,0.0,0.0,0.0,0.0050974512743628,0.2512743628185907,0.2961019490254872,0.4475262368815592,0.0,0.0,0.0
resistance heat,heating,1,0.0,0.0,0.0,0.0,0.0,0.0,1.0,0.0,0.0,0.0,0.0,0.0,0.0,0.0,0.0,0.0,0.0,0.0,0.0,0.0,0.0,0.0,0.0,0.0,0.0,0.0
resistance heat,heating,2,0.0,0.0,0.0,0.0,0.0,0.0,0.0,0.2119833143723928,0.1709012767033244,0.5398811781064341,0.0772342308178485,0.0,0.0,0.0,0.0,0.0,0.0,0.0,0.0,0.0,0.0,0.0,0.0,0.0,0.0,0.0
resistance heat,heating,3,0.0,0.0,0.1167381279831728,0.2596877275301351,0.0956233314456759,0.0,0.0,0.0,0.0,0.0,0.3897742901059784,0.1381765229350376,0.0,0.0,0.0,0.0,0.0,0.0,0.0,0.0,0.0,0.0,0.0,0.0,0.0,0.0
resistance heat,heating,4,0.0,0.0,0.2519714144898965,0.2428536224741251,0.0,0.0,0.0,0.0,0.0,0.0,0.0,0.0,0.0,0.0,0.0,0.0,0.0,0.27180877279448,0.2281912272055199,0.0,0.0,0.0,0.0,0.0051749630359783,0.0,0.0
resistance heat,heating,5,0.0,0.4243473705654667,0.0,0.0,0.0,0.0,0.0,0.0,0.0,0.0541020342830534,0.0592823258927272,0.0,0.1077384243764733,0.1963563342161171,0.1552632344809522,0.0029102761852099,0.0,0.0,0.0,0.0,0.0,0.0,0.0,0.0,0.0,0.0
resistance heat,heating,6,0.0,0.0,0.0,0.0,0.0,0.0669923995656894,0.0,0.0,0.0,0.0,0.0231270358306188,0.0,0.0,0.0,0.2820846905537459,0.6277958740499457,0.0,0.0,0.0,0.0,0.0,0.0,0.0,0.0,0.0,0.0
resistance heat,heating,7,0.6161778378835263,0.0,0.0,0.0,0.0,0.2160848618037359,0.0,0.0,0.0,0.0,0.0,0.0,0.0,0.0,0.0,0.0,0.1603414757839574,0.0,0.0,0.0073958245287803,0.0,0.0,0.0,0.0,0.0,0.0
resistance heat,heating,8,0.0,0.0,0.0002383222116301,0.0,0.0,0.0,0.0,0.0,0.0,0.0,0.0,0.0,0.0,0.0,0.0,0.0,0.0107244995233555,0.0,0.0013107721639656,0.4257626310772164,0.0,0.0,0.0698284080076263,0.2290276453765491,0.2631077216396568,0.0
resistance heat,heating,9,0.0,0.0,0.0,0.0,0.0,0.0,0.0,0.0,0.0,0.0,0.0,0.0,0.0,0.0,0.0,0.0,0.0,0.0,0.0,0.0041498559077809,0.2603458213256484,0.2866282420749279,0.4488760806916426,0.0,0.0,0.0
all,heating,1,0.0,0.0,0.0,0.0,0.0,0.0,1.0,0.0,0.0,0.0,0.0,0.0,0.0,0.0,0.0,0.0,0.0,0.0,0.0,0.0,0.0,0.0,0.0,0.0,0.0,1.0
all,heating,2,0.0,0.0,0.0,0.0,0.0,0.0,0.0,0.1859082438548229,0.1629248380512911,0.5651788091223712,0.0859881089715147,0.0,0.0,0.0,0.0,0.0,0.0,0.0,0.0,0.0,0.0,0.0,0.0,0.0,0.0,1.0
all,heating,3,0.0,0.0,0.1102996726265424,0.2733568370687484,0.0934903047091412,0.0,0.0,0.0,0.0,0.0,0.3997733568370687,0.1230798287584991,0.0,0.0,0.0,0.0,0.0,0.0,0.0,0.0,0.0,0.0,0.0,0.0,0.0,1.0
all,heating,4,0.0,0.0,0.2461947551806345,0.2465615257656335,0.0,0.0,0.0,0.0,0.0,0.0,0.0,0.0,0.0,0.0,0.0,0.0,0.0,0.2745277828718137,0.2283146891619292,0.0,0.0,0.0,0.0,0.0044012470199889,0.0,1.0
all,heating,5,0.0,0.4030836718537073,0.0,0.0,0.0,0.0,0.0,0.0,0.0,0.050122646039636,0.0580135235104022,0.0,0.1051511336647155,0.2288354466522174,0.1514711035547883,0.0033224747245331,0.0,0.0,0.0,0.0,0.0,0.0,0.0,0.0,0.0,1.0
all,heating,6,0.0,0.0,0.0,0.0,0.0,0.061362792424805,0.0,0.0,0.0,0.0,0.0197270701819532,0.0,0.0,0.0,0.2991088005941329,0.6198013367991088,0.0,0.0,0.0,0.0,0.0,0.0,0.0,0.0,0.0,1.0
all,heating,7,0.6187212833891441,0.0,0.0,0.0,0.0,0.2130415595877787,0.0,0.0,0.0,0.0,0.0,0.0,0.0,0.0,0.0,0.0,0.1608389793110609,0.0,0.0,0.0073981777120161,0.0,0.0,0.0,0.0,0.0,1.0
all,heating,8,0.0,0.0,0.000144362638949,0.0,0.0,0.0,0.0,0.0,0.0,0.0,0.0,0.0,0.0,0.0,0.0,0.0,0.0143640825754294,0.0,0.0008661758336942,0.5366681102930562,0.0,0.0,0.0500216543958423,0.1631297820124151,0.2348058322506135,1.0
all,heating,9,0.0,0.0,0.0,0.0,0.0,0.0,0.0,0.0,0.0,0.0,0.0,0.0,0.0,0.0,0.0,0.0,0.0,0.0,0.0,0.0044129891756869,0.257826810990841,0.2892589508742714,0.4485012489592007,0.0,0.0,1.0
all,cooling,1,0.0,0.0,0.0,0.0,0.0,0.0,1.0,0.0,0.0,0.0,0.0,0.0,0.0,0.0,0.0,0.0,0.0,0.0,0.0,0.0,0.0,0.0,0.0,0.0,0.0,1.0
all,cooling,2,0.0,0.0,0.0,0.0,0.0,0.0,0.0,0.2616144923921177,0.187437640309304,0.4746040159640808,0.0763438513344973,0.0,0.0,0.0,0.0,0.0,0.0,0.0,0.0,0.0,0.0,0.0,0.0,0.0,0.0,1.0
all,cooling,3,0.0,0.0,0.1397031468486613,0.1769060050544573,0.1873612910674654,0.0,0.0,0.0,0.0,0.0,0.3166091519031186,0.1794204051262973,0.0,0.0,0.0,0.0,0.0,0.0,0.0,0.0,0.0,0.0,0.0,0.0,0.0,1.0
all,cooling,4,0.0,0.0,0.3653268685087744,0.1741921265048624,0.0,0.0,0.0,0.0,0.0,0.0,0.0,0.0,0.0,0.0,0.0,0.0,0.0,0.2591255957464393,0.1971128681230887,0.0,0.0,0.0,0.0,0.0042425411168351,0.0,1.0
all,cooling,5,0.0,0.3165688999618849,0.0,0.0,0.0,0.0,0.0,0.0,0.0,0.0816313250099935,0.0752912084336565,0.0,0.1261236973477489,0.2277421933828519,0.1696585447480222,0.0029841311158419,0.0,0.0,0.0,0.0,0.0,0.0,0.0,0.0,0.0,1.0
all,cooling,6,0.0,0.0,0.0,0.0,0.0,0.0761832524271844,0.0,0.0,0.0,0.0,0.0227851941747572,0.0,0.0,0.0,0.2745752427184466,0.6264563106796116,0.0,0.0,0.0,0.0,0.0,0.0,0.0,0.0,0.0,1.0
all,cooling,7,0.57732699625982,0.0,0.0,0.0,0.0,0.2017737272771816,0.0,0.0,0.0,0.0,0.0,0.0,0.0,0.0,0.0,0.0,0.2024596991523347,0.0,0.0,0.0184395773106635,0.0,0.0,0.0,0.0,0.0,1.0
all,cooling,8,0.0,0.0,0.0004409559925919,0.0,0.0,0.0,0.0,0.0,0.0,0.0,0.0,0.0,0.0,0.0,0.0,0.0,0.0116412382044271,0.0,0.0014110591762942,0.401946085780639,0.0,0.0,0.0511508951406649,0.232530793426816,0.3008789722785666,1.0
all,cooling,9,0.0,0.0,0.0,0.0,0.0,0.0,0.0,0.0,0.0,0.0,0.0,0.0,0.0,0.0,0.0,0.0,0.0,0.0,0.0,0.0034484656162297,0.3214777042023589,0.4402479960379331,0.2348258341434781,0.0,0.0,1.0
all,water heating,1,0.0,0.0,0.0,0.0,0.0,0.0,1.0,0.0,0.0,0.0,0.0,0.0,0.0,0.0,0.0,0.0,0.0,0.0,0.0,0.0,0.0,0.0,0.0,0.0,0.0,1.0
all,water heating,2,0.0,0.0,0.0,0.0,0.0,0.0,0.0,0.2049697968149368,0.1782903166758191,0.5358777228628958,0.0808621636463481,0.0,0.0,0.0,0.0,0.0,0.0,0.0,0.0,0.0,0.0,0.0,0.0,0.0,0.0,1.0
all,water heating,3,0.0,0.0,0.1693390557939914,0.2042231759656652,0.1560515021459227,0.0,0.0,0.0,0.0,0.0,0.3376137339055793,0.1327725321888412,0.0,0.0,0.0,0.0,0.0,0.0,0.0,0.0,0.0,0.0,0.0,0.0,0.0,1.0
all,water heating,4,0.0,0.0,0.3183683469100263,0.215226312243523,0.0,0.0,0.0,0.0,0.0,0.0,0.0,0.0,0.0,0.0,0.0,0.0,0.0,0.2480553684081582,0.2141850921785998,0.0,0.0,0.0,0.0,0.0041648802596925,0.0,1.0
all,water heating,5,0.0,0.3734636544539389,0.0,0.0,0.0,0.0,0.0,0.0,0.0,0.0640992625541378,0.0685122322369191,0.0,0.1080416715439541,0.2335362284911623,0.1489523586562097,0.0033945920636778,0.0,0.0,0.0,0.0,0.0,0.0,0.0,0.0,0.0,1.0
all,water heating,6,0.0,0.0,0.0,0.0,0.0,0.0615378382758061,0.0,0.0,0.0,0.0,0.022362664073894,0.0,0.0,0.0,0.2807081510290066,0.6353913466212932,0.0,0.0,0.0,0.0,0.0,0.0,0.0,0.0,0.0,1.0
all,water heating,7,0.6015861027190332,0.0,0.0,0.0,0.0,0.2143666378938282,0.0,0.0,0.0,0.0,0.0,0.0,0.0,0.0,0.0,0.0,0.1732574449719464,0.0,0.0,0.010789814415192,0.0,0.0,0.0,0.0,0.0,1.0
all,water heating,8,0.0,0.0,0.0004492939666238,0.0,0.0,0.0,0.0,0.0,0.0,0.0,0.0,0.0,0.0,0.0,0.0,0.0,0.0072528883183568,0.0,0.0018613607188703,0.4949293966623876,0.0,0.0,0.0764441591784338,0.1686777920410783,0.250385109114249,1.0
all,water heating,9,0.0,0.0,0.0,0.0,0.0,0.0,0.0,0.0,0.0,0.0,0.0,0.0,0.0,0.0,0.0,0.0,0.0,0.0,0.0,0.0024395286334504,0.2095513748191027,0.2641306594996899,0.5238784370477568,0.0,0.0,1.0
all,cooking,1,0.0,0.0,0.0,0.0,0.0,0.0,1.0,0.0,0.0,0.0,0.0,0.0,0.0,0.0,0.0,0.0,0.0,0.0,0.0,0.0,0.0,0.0,0.0,0.0,0.0,1.0
all,cooking,2,0.0,0.0,0.0,0.0,0.0,0.0,0.0,0.2741856303545695,0.1845059939506231,0.4653427716281059,0.0759656040667015,0.0,0.0,0.0,0.0,0.0,0.0,0.0,0.0,0.0,0.0,0.0,0.0,0.0,0.0,1.0
all,cooking,3,0.0,0.0,0.1351423929535292,0.1721739597459618,0.1918578890127153,0.0,0.0,0.0,0.0,0.0,0.3186352833760758,0.1821904749117177,0.0,0.0,0.0,0.0,0.0,0.0,0.0,0.0,0.0,0.0,0.0,0.0,0.0,1.0
all,cooking,4,0.0,0.0,0.3749629014067786,0.1684869709740606,0.0,0.0,0.0,0.0,0.0,0.0,0.0,0.0,0.0,0.0,0.0,0.0,0.0,0.2546744227458895,0.1977206624324805,0.0,0.0,0.0,0.0,0.0041550424407906,0.0,1.0
all,cooking,5,0.0,0.303606618912071,0.0,0.0,0.0,0.0,0.0,0.0,0.0,0.0853535195554026,0.0762822317453366,0.0,0.132232266675008,0.2283149300885232,0.1714994734482363,0.002710959575422,0.0,0.0,0.0,0.0,0.0,0.0,0.0,0.0,0.0,1.0
all,cooking,6,0.0,0.0,0.0,0.0,0.0,0.0749152194019114,0.0,0.0,0.0,0.0,0.0234987839550577,0.0,0.0,0.0,0.2627342171068407,0.6388517795361902,0.0,0.0,0.0,0.0,0.0,0.0,0.0,0.0,0.0,1.0
all,cooking,7,0.5874130912496848,0.0,0.0,0.0,0.0,0.1963867574480348,0.0,0.0,0.0,0.0,0.0,0.0,0.0,0.0,0.0,0.0,0.1969091105587377,0.0,0.0,0.0192910407435426,0.0,0.0,0.0,0.0,0.0,1.0
all,cooking,8,0.0,0.0,0.0004296147787483,0.0,0.0,0.0,0.0,0.0,0.0,0.0,0.0,0.0,0.0,0.0,0.0,0.0,0.0098811399112129,0.0,0.0015179722182443,0.3666905341543749,0.0,0.0,0.0604038378920234,0.2595732493197766,0.3015036517256194,1.0
all,cooking,9,0.0,0.0,0.0,0.0,0.0,0.0,0.0,0.0,0.0,0.0,0.0,0.0,0.0,0.0,0.0,0.0,0.0,0.0,0.0,0.0025677237129284,0.311735923881257,0.4332463160297285,0.2524500363760859,0.0,0.0,1.0
all,drying,1,0.0,0.0,0.0,0.0,0.0,0.0,1.0,0.0,0.0,0.0,0.0,0.0,0.0,0.0,0.0,0.0,0.0,0.0,0.0,0.0,0.0,0.0,0.0,0.0,0.0,1.0
all,drying,2,0.0,0.0,0.0,0.0,0.0,0.0,0.0,0.1880968700022846,0.202056202878684,0.5201964816084076,0.0896504455106237,0.0,0.0,0.0,0.0,0.0,0.0,0.0,0.0,0.0,0.0,0.0,0.0,0.0,0.0,1.0
all,drying,3,0.0,0.0,0.1370659523731748,0.1777839479959494,0.1940188808676052,0.0,0.0,0.0,0.0,0.0,0.3253193087903832,0.1658119099728873,0.0,0.0,0.0,0.0,0.0,0.0,0.0,0.0,0.0,0.0,0.0,0.0,0.0,1.0
all,drying,4,0.0,0.0,0.3754716328014122,0.1655301325764131,0.0,0.0,0.0,0.0,0.0,0.0,0.0,0.0,0.0,0.0,0.0,0.0,0.0,0.2590951573263179,0.1955069403579217,0.0,0.0,0.0,0.0,0.0043961369379348,0.0,1.0
all,drying,5,0.0,0.3014211455005007,0.0,0.0,0.0,0.0,0.0,0.0,0.0,0.0848156802899518,0.0763388812055892,0.0,0.1300252754065525,0.2320210787352759,0.1726238733368305,0.0027540655252992,0.0,0.0,0.0,0.0,0.0,0.0,0.0,0.0,0.0,1.0
all,drying,6,0.0,0.0,0.0,0.0,0.0,0.0730069822757615,0.0,0.0,0.0,0.0,0.0227115783012353,0.0,0.0,0.0,0.2631397222435356,0.6411417171794674,0.0,0.0,0.0,0.0,0.0,0.0,0.0,0.0,0.0,1.0
all,drying,7,0.5844888072168393,0.0,0.0,0.0,0.0,0.1956022385566321,0.0,0.0,0.0,0.0,0.0,0.0,0.0,0.0,0.0,0.0,0.2014283327764784,0.0,0.0,0.0184806214500501,0.0,0.0,0.0,0.0,0.0,1.0
all,drying,8,0.0,0.0,0.0004520357754027,0.0,0.0,0.0,0.0,0.0,0.0,0.0,0.0,0.0,0.0,0.0,0.0,0.0,0.0101385166768912,0.0,0.0016789900229246,0.36605211326725,0.0,0.0,0.0617028833424816,0.2568531852378031,0.3031222756772465,1.0
all,drying,9,0.0,0.0,0.0,0.0,0.0,0.0,0.0,0.0,0.0,0.0,0.0,0.0,0.0,0.0,0.0,0.0,0.0,0.0,0.0,0.0026869267117576,0.3166682108774206,0.4103585657370518,0.27028629667377,0.0,0.0,1.0
all,clothes washing,1,0.0,0.0,0.0,0.0,0.0,0.0,1.0,0.0,0.0,0.0,0.0,0.0,0.0,0.0,0.0,0.0,0.0,0.0,0.0,0.0,0.0,0.0,0.0,0.0,0.0,1.0
all,clothes washing,2,0.0,0.0,0.0,0.0,0.0,0.0,0.0,0.1979308228486256,0.2010214370259962,0.513063872692999,0.0879838674323791,0.0,0.0,0.0,0.0,0.0,0.0,0.0,0.0,0.0,0.0,0.0,0.0,0.0,0.0,1.0
all,clothes washing,3,0.0,0.0,0.1355703836776594,0.1764885153342743,0.1957365584498909,0.0,0.0,0.0,0.0,0.0,0.3268317721031695,0.1653727704350057,0.0,0.0,0.0,0.0,0.0,0.0,0.0,0.0,0.0,0.0,0.0,0.0,0.0,1.0
all,clothes washing,4,0.0,0.0,0.373568735001714,0.1667466575248543,0.0,0.0,0.0,0.0,0.0,0.0,0.0,0.0,0.0,0.0,0.0,0.0,0.0,0.2596846074734316,0.1956462118615015,0.0,0.0,0.0,0.0,0.0043537881384984,0.0,1.0
all,clothes washing,5,0.0,0.3003114827045129,0.0,0.0,0.0,0.0,0.0,0.0,0.0,0.0848029227850769,0.0771563736855664,0.0,0.1303309210988547,0.2323356518888029,0.1722756973231223,0.0027869505140635,0.0,0.0,0.0,0.0,0.0,0.0,0.0,0.0,0.0,0.9999999999999998
all,clothes washing,6,0.0,0.0,0.0,0.0,0.0,0.0741924566615274,0.0,0.0,0.0,0.0,0.0228631594780581,0.0,0.0,0.0,0.2630015417591095,0.6399428421013048,0.0,0.0,0.0,0.0,0.0,0.0,0.0,0.0,0.0,1.0
all,clothes washing,7,0.5843267063338952,0.0,0.0,0.0,0.0,0.196413703470544,0.0,0.0,0.0,0.0,0.0,0.0,0.0,0.0,0.0,0.0,0.2006985764474138,0.0,0.0,0.0185610137481469,0.0,0.0,0.0,0.0,0.0,1.0
all,clothes washing,8,0.0,0.0,0.0004473986961523,0.0,0.0,0.0,0.0,0.0,0.0,0.0,0.0,0.0,0.0,0.0,0.0,0.0,0.010194298862329,0.0,0.0016617665857088,0.3663556180493416,0.0,0.0,0.0615812348204013,0.2570625079892624,0.3026971749968043,1.0
all,clothes washing,9,0.0,0.0,0.0,0.0,0.0,0.0,0.0,0.0,0.0,0.0,0.0,0.0,0.0,0.0,0.0,0.0,0.0,0.0,0.0,0.0027636363636363,0.3171818181818182,0.4107272727272726,0.2693272727272727,0.0,0.0,1.0
all,dishwasher,1,0.0,0.0,0.0,0.0,0.0,0.0,1.0,0.0,0.0,0.0,0.0,0.0,0.0,0.0,0.0,0.0,0.0,0.0,0.0,0.0,0.0,0.0,0.0,0.0,0.0,1.0
all,dishwasher,2,0.0,0.0,0.0,0.0,0.0,0.0,0.0,0.23198683044194,0.1901228314549829,0.4982904900595163,0.0795998480435608,0.0,0.0,0.0,0.0,0.0,0.0,0.0,0.0,0.0,0.0,0.0,0.0,0.0,0.0,1.0
all,dishwasher,3,0.0,0.0,0.1363572644437769,0.1708220686892961,0.1895864624011214,0.0,0.0,0.0,0.0,0.0,0.3185741463903074,0.1846600580754981,0.0,0.0,0.0,0.0,0.0,0.0,0.0,0.0,0.0,0.0,0.0,0.0,0.0,1.0
all,dishwasher,4,0.0,0.0,0.3829206711190748,0.1672910897540316,0.0,0.0,0.0,0.0,0.0,0.0,0.0,0.0,0.0,0.0,0.0,0.0,0.0,0.2509773578758756,0.1947792800130314,0.0,0.0,0.0,0.0,0.0040316012379866,0.0,1.0000000000000002
all,dishwasher,5,0.0,0.3044259328258902,0.0,0.0,0.0,0.0,0.0,0.0,0.0,0.0877069250013307,0.0725900888912545,0.0,0.1360648320647256,0.2249028583595039,0.171887475381913,0.0024218874753819,0.0,0.0,0.0,0.0,0.0,0.0,0.0,0.0,0.0,1.0
all,dishwasher,6,0.0,0.0,0.0,0.0,0.0,0.075046992481203,0.0,0.0,0.0,0.0,0.0221334586466165,0.0,0.0,0.0,0.2593045112781955,0.643515037593985,0.0,0.0,0.0,0.0,0.0,0.0,0.0,0.0,0.0,1.0
all,dishwasher,7,0.6097023681248952,0.0,0.0,0.0,0.0,0.187462586500012,0.0,0.0,0.0,0.0,0.0,0.0,0.0,0.0,0.0,0.0,0.1846850082609008,0.0,0.0,0.0181500371141919,0.0,0.0,0.0,0.0,0.0,1.0
all,dishwasher,8,0.0,0.0,0.0004545454545454,0.0,0.0,0.0,0.0,0.0,0.0,0.0,0.0,0.0,0.0,0.0,0.0,0.0,0.0079020979020979,0.0,0.0013286713286713,0.357062937062937,0.0,0.0,0.059055944055944,0.2624825174825175,0.3117132867132867,1.0
all,dishwasher,9,0.0,0.0,0.0,0.0,0.0,0.0,0.0,0.0,0.0,0.0,0.0,0.0,0.0,0.0,0.0,0.0,0.0,0.0,0.0,0.0025280845482712,0.3133114105951453,0.4170008933832614,0.267159611473322,0.0,0.0,1.0
all,lighting,1,0.0,0.0,0.0,0.0,0.0,0.0,1.0,0.0,0.0,0.0,0.0,0.0,0.0,0.0,0.0,0.0,0.0,0.0,0.0,0.0,0.0,0.0,0.0,0.0,0.0,1.0
all,lighting,2,0.0,0.0,0.0,0.0,0.0,0.0,0.0,0.2741690408357075,0.18448876226654,0.4653687875910098,0.0759734093067426,0.0,0.0,0.0,0.0,0.0,0.0,0.0,0.0,0.0,0.0,0.0,0.0,0.0,0.0,1.0
all,lighting,3,0.0,0.0,0.1351238892915626,0.1721296072588655,0.1920351131513247,0.0,0.0,0.0,0.0,0.0,0.3185417841131781,0.1821696061850688,0.0,0.0,0.0,0.0,0.0,0.0,0.0,0.0,0.0,0.0,0.0,0.0,0.0,0.9999999999999998
all,lighting,4,0.0,0.0,0.374888743843826,0.1685456595264938,0.0,0.0,0.0,0.0,0.0,0.0,0.0,0.0,0.0,0.0,0.0,0.0,0.0,0.2546727585593069,0.1977392749065448,0.0,0.0,0.0,0.0,0.0041535631638283,0.0,1.0
all,lighting,5,0.0,0.303294210679652,0.0,0.0,0.0,0.0,0.0,0.0,0.0,0.0854039205893369,0.0763620094060848,0.0,0.1323407000457818,0.2284617305531277,0.1714321388438007,0.0027052898822158,0.0,0.0,0.0,0.0,0.0,0.0,0.0,0.0,0.0,1.0
all,lighting,6,0.0,0.0,0.0,0.0,0.0,0.0748301642030519,0.0,0.0,0.0,0.0,0.0234185641620865,0.0,0.0,0.0,0.2630321237155634,0.6387191479192982,0.0,0.0,0.0,0.0,0.0,0.0,0.0,0.0,0.0,1.0
all,lighting,7,0.5874130912496848,0.0,0.0,0.0,0.0,0.1963867574480348,0.0,0.0,0.0,0.0,0.0,0.0,0.0,0.0,0.0,0.0,0.1969091105587377,0.0,0.0,0.0192910407435426,0.0,0.0,0.0,0.0,0.0,1.0
all,lighting,8,0.0,0.0,0.000429331959471,0.0,0.0,0.0,0.0,0.0,0.0,0.0,0.0,0.0,0.0,0.0,0.0,0.0,0.0098746350678344,0.0,0.0015169729234644,0.3670502032171275,0.0,0.0,0.0603640735016314,0.2594023699124163,0.3013624134180548,1.0
all,lighting,9,0.0,0.0,0.0,0.0,0.0,0.0,0.0,0.0,0.0,0.0,0.0,0.0,0.0,0.0,0.0,0.0,0.0,0.0,0.0,0.0025677237129284,0.311735923881257,0.4332463160297285,0.2524500363760859,0.0,0.0,1.0
all,refrigeration,1,0.0,0.0,0.0,0.0,0.0,0.0,1.0,0.0,0.0,0.0,0.0,0.0,0.0,0.0,0.0,0.0,0.0,0.0,0.0,0.0,0.0,0.0,0.0,0.0,0.0,1.0
all,refrigeration,2,0.0,0.0,0.0,0.0,0.0,0.0,0.0,0.2665812513346146,0.1933091323225852,0.4643889244786106,0.0757206918641896,0.0,0.0,0.0,0.0,0.0,0.0,0.0,0.0,0.0,0.0,0.0,0.0,0.0,0.0,1.0
all,refrigeration,3,0.0,0.0,0.139076967246453,0.1719621025432447,0.197119410484006,0.0,0.0,0.0,0.0,0.0,0.3157523267220135,0.1760891930042825,0.0,0.0,0.0,0.0,0.0,0.0,0.0,0.0,0.0,0.0,0.0,0.0,0.0,0.9999999999999998
all,refrigeration,4,0.0,0.0,0.3673485548370068,0.1734987462056223,0.0,0.0,0.0,0.0,0.0,0.0,0.0,0.0,0.0,0.0,0.0,0.0,0.0,0.2563283621486076,0.1985746337600633,0.0,0.0,0.0,0.0,0.0042497030487,0.0,1.0000000000000002
all,refrigeration,5,0.0,0.3149908526742476,0.0,0.0,0.0,0.0,0.0,0.0,0.0,0.0832765362126484,0.0757165405172723,0.0,0.1264393586110413,0.2278401549664598,0.1687950640312803,0.0029414929870502,0.0,0.0,0.0,0.0,0.0,0.0,0.0,0.0,0.0,1.0000000000000002
all,refrigeration,6,0.0,0.0,0.0,0.0,0.0,0.0761708394698085,0.0,0.0,0.0,0.0,0.0229749631811487,0.0,0.0,0.0,0.274079528718704,0.6267746686303388,0.0,0.0,0.0,0.0,0.0,0.0,0.0,0.0,0.0,1.0
all,refrigeration,7,0.5761257244761481,0.0,0.0,0.0,0.0,0.2034902235526399,0.0,0.0,0.0,0.0,0.0,0.0,0.0,0.0,0.0,0.0,0.2018024329660531,0.0,0.0,0.0185816190051589,0.0,0.0,0.0,0.0,0.0,1.0
all,refrigeration,8,0.0,0.0,0.0004516598499485,0.0,0.0,0.0,0.0,0.0,0.0,0.0,0.0,0.0,0.0,0.0,0.0,0.0,0.011291496248714,0.0,0.001681178330364,0.3744511078212431,0.0,0.0,0.0632574712066845,0.2513737987102602,0.2974932878327854,1.0
all,refrigeration,9,0.0,0.0,0.0,0.0,0.0,0.0,0.0,0.0,0.0,0.0,0.0,0.0,0.0,0.0,0.0,0.0,0.0,0.0,0.0,0.0030207477675614,0.3111635178462598,0.4313442327565648,0.2544715016296139,0.0,0.0,1.0
all,ceiling fan,1,0.0,0.0,0.0,0.0,0.0,0.0,1.0,0.0,0.0,0.0,0.0,0.0,0.0,0.0,0.0,0.0,0.0,0.0,0.0,0.0,0.0,0.0,0.0,0.0,0.0,1.0
all,ceiling fan,2,0.0,0.0,0.0,0.0,0.0,0.0,0.0,0.2751707327784975,0.183447155185665,0.4649201783087024,0.0764619337271349,0.0,0.0,0.0,0.0,0.0,0.0,0.0,0.0,0.0,0.0,0.0,0.0,0.0,0.0,1.0
all,ceiling fan,3,0.0,0.0,0.1350418097655666,0.1723346274451246,0.1928475436762729,0.0,0.0,0.0,0.0,0.0,0.3173809168284306,0.182395102284605,0.0,0.0,0.0,0.0,0.0,0.0,0.0,0.0,0.0,0.0,0.0,0.0,0.0,1.0
all,ceiling fan,4,0.0,0.0,0.3740326033261979,0.1682858554256545,0.0,0.0,0.0,0.0,0.0,0.0,0.0,0.0,0.0,0.0,0.0,0.0,0.0,0.2565865305450354,0.1967314342170261,0.0,0.0,0.0,0.0,0.0043635764860859,0.0,1.0
all,ceiling fan,5,0.0,0.3041451302320868,0.0,0.0,0.0,0.0,0.0,0.0,0.0,0.0864932169279995,0.0767782941695985,0.0,0.1322590453025235,0.2263099219620958,0.171263519089606,0.0027508723160897,0.0,0.0,0.0,0.0,0.0,0.0,0.0,0.0,0.0,1.0
all,ceiling fan,6,0.0,0.0,0.0,0.0,0.0,0.0747526393031293,0.0,0.0,0.0,0.0,0.0224399943189887,0.0,0.0,0.0,0.263220186526535,0.6395871798513469,0.0,0.0,0.0,0.0,0.0,0.0,0.0,0.0,0.0,1.0
all,ceiling fan,7,0.5862266643403703,0.0,0.0,0.0,0.0,0.1975524039779666,0.0,0.0,0.0,0.0,0.0,0.0,0.0,0.0,0.0,0.0,0.1968794396949228,0.0,0.0,0.0193414919867401,0.0,0.0,0.0,0.0,0.0,0.9999999999999998
all,ceiling fan,8,0.0,0.0,0.0002814409778063,0.0,0.0,0.0,0.0,0.0,0.0,0.0,0.0,0.0,0.0,0.0,0.0,0.0,0.0104133161788356,0.0,0.0016886458668382,0.3692103570279833,0.0,0.0,0.0551222257960759,0.260815374718559,0.3024686394339015,1.0
all,ceiling fan,9,0.0,0.0,0.0,0.0,0.0,0.0,0.0,0.0,0.0,0.0,0.0,0.0,0.0,0.0,0.0,0.0,0.0,0.0,0.0,0.0026841270486803,0.3013339298060108,0.444690715360527,0.2512912277847818,0.0,0.0,1.0
all,misc,1,0.0,0.0,0.0,0.0,0.0,0.0,1.0,0.0,0.0,0.0,0.0,0.0,0.0,0.0,0.0,0.0,0.0,0.0,0.0,0.0,0.0,0.0,0.0,0.0,0.0,1.0
all,misc,2,0.0,0.0,0.0,0.0,0.0,0.0,0.0,0.2741690408357075,0.18448876226654,0.4653687875910098,0.0759734093067426,0.0,0.0,0.0,0.0,0.0,0.0,0.0,0.0,0.0,0.0,0.0,0.0,0.0,0.0,1.0
all,misc,3,0.0,0.0,0.1351238892915626,0.1721296072588655,0.1920351131513247,0.0,0.0,0.0,0.0,0.0,0.3185417841131781,0.1821696061850688,0.0,0.0,0.0,0.0,0.0,0.0,0.0,0.0,0.0,0.0,0.0,0.0,0.0,0.9999999999999998
all,misc,4,0.0,0.0,0.374888743843826,0.1685456595264938,0.0,0.0,0.0,0.0,0.0,0.0,0.0,0.0,0.0,0.0,0.0,0.0,0.0,0.2546727585593069,0.1977392749065448,0.0,0.0,0.0,0.0,0.0041535631638283,0.0,1.0
all,misc,5,0.0,0.303294210679652,0.0,0.0,0.0,0.0,0.0,0.0,0.0,0.0854039205893369,0.0763620094060848,0.0,0.1323407000457818,0.2284617305531277,0.1714321388438007,0.0027052898822158,0.0,0.0,0.0,0.0,0.0,0.0,0.0,0.0,0.0,1.0
all,misc,6,0.0,0.0,0.0,0.0,0.0,0.0748301642030519,0.0,0.0,0.0,0.0,0.0234185641620865,0.0,0.0,0.0,0.2630321237155634,0.6387191479192982,0.0,0.0,0.0,0.0,0.0,0.0,0.0,0.0,0.0,1.0
all,misc,7,0.5874130912496848,0.0,0.0,0.0,0.0,0.1963867574480348,0.0,0.0,0.0,0.0,0.0,0.0,0.0,0.0,0.0,0.0,0.1969091105587377,0.0,0.0,0.0192910407435426,0.0,0.0,0.0,0.0,0.0,1.0
all,misc,8,0.0,0.0,0.000429331959471,0.0,0.0,0.0,0.0,0.0,0.0,0.0,0.0,0.0,0.0,0.0,0.0,0.0,0.0098746350678344,0.0,0.0015169729234644,0.3670502032171275,0.0,0.0,0.0603640735016314,0.2594023699124163,0.3013624134180548,1.0
all,misc,9,0.0,0.0,0.0,0.0,0.0,0.0,0.0,0.0,0.0,0.0,0.0,0.0,0.0,0.0,0.0,0.0,0.0,0.0,0.0,0.0025677237129284,0.311735923881257,0.4332463160297285,0.2524500363760859,0.0,0.0,1.0
all,pool heaters,1,0.0,0.0,0.0,0.0,0.0,0.0,1.0,0.0,0.0,0.0,0.0,0.0,0.0,0.0,0.0,0.0,0.0,0.0,0.0,0.0,0.0,0.0,0.0,0.0,0.0,1.0
all,pool heaters,2,0.0,0.0,0.0,0.0,0.0,0.0,0.0,0.1278195488721804,0.2105263157894736,0.5689223057644109,0.0927318295739348,0.0,0.0,0.0,0.0,0.0,0.0,0.0,0.0,0.0,0.0,0.0,0.0,0.0,0.0,1.0
all,pool heaters,3,0.0,0.0,0.1384615384615384,0.223076923076923,0.1769230769230769,0.0,0.0,0.0,0.0,0.0,0.2961538461538461,0.1653846153846153,0.0,0.0,0.0,0.0,0.0,0.0,0.0,0.0,0.0,0.0,0.0,0.0,0.0,1.0
all,pool heaters,4,0.0,0.0,0.2717391304347826,0.3369565217391305,0.0,0.0,0.0,0.0,0.0,0.0,0.0,0.0,0.0,0.0,0.0,0.0,0.0,0.2608695652173913,0.1304347826086956,0.0,0.0,0.0,0.0,0.0,0.0,1.0
all,pool heaters,5,0.0,0.5602693602693603,0.0,0.0,0.0,0.0,0.0,0.0,0.0,0.039057239057239,0.0417508417508417,0.0,0.0525252525252525,0.142087542087542,0.1589225589225589,0.0053872053872053,0.0,0.0,0.0,0.0,0.0,0.0,0.0,0.0,0.0,1.0
all,pool heaters,6,0.0,0.0,0.0,0.0,0.0,0.0629139072847682,0.0,0.0,0.0,0.0,0.009933774834437,0.0,0.0,0.0,0.304635761589404,0.6225165562913908,0.0,0.0,0.0,0.0,0.0,0.0,0.0,0.0,0.0,1.0
all,pool heaters,7,0.6609808102345416,0.0,0.0,0.0,0.0,0.1940298507462686,0.0,0.0,0.0,0.0,0.0,0.0,0.0,0.0,0.0,0.0,0.1407249466950959,0.0,0.0,0.0042643923240938,0.0,0.0,0.0,0.0,0.0,1.0
all,pool heaters,8,0.0,0.0,0.0,0.0,0.0,0.0,0.0,0.0,0.0,0.0,0.0,0.0,0.0,0.0,0.0,0.0,0.015015015015015,0.0,0.0,0.7897897897897899,0.0,0.0,0.003003003003003,0.033033033033033,0.1591591591591591,1.0
all,pool heaters,9,0.0,0.0,0.0,0.0,0.0,0.0,0.0,0.0,0.0,0.0,0.0,0.0,0.0,0.0,0.0,0.0,0.0,0.0,0.0,0.0,0.3438256658595641,0.4503631961259079,0.2058111380145278,0.0,0.0,1.0
all,pool pumps,1,0.0,0.0,0.0,0.0,0.0,0.0,1.0,0.0,0.0,0.0,0.0,0.0,0.0,0.0,0.0,0.0,0.0,0.0,0.0,0.0,0.0,0.0,0.0,0.0,0.0,1.0
all,pool pumps,2,0.0,0.0,0.0,0.0,0.0,0.0,0.0,0.1317463201889878,0.2327821188442667,0.5498818826094858,0.0855896783572596,0.0,0.0,0.0,0.0,0.0,0.0,0.0,0.0,0.0,0.0,0.0,0.0,0.0,0.0,1.0
all,pool pumps,3,0.0,0.0,0.1268944258926277,0.2006164911379399,0.19958900590804,0.0,0.0,0.0,0.0,0.0,0.3120986385820704,0.1608014384793218,0.0,0.0,0.0,0.0,0.0,0.0,0.0,0.0,0.0,0.0,0.0,0.0,0.0,1.0
all,pool pumps,4,0.0,0.0,0.3004524886877827,0.2398190045248868,0.0,0.0,0.0,0.0,0.0,0.0,0.0,0.0,0.0,0.0,0.0,0.0,0.0,0.334841628959276,0.1248868778280542,0.0,0.0,0.0,0.0,0.0,0.0,0.9999999999999998
all,pool pumps,5,0.0,0.4982727272727272,0.0,0.0,0.0,0.0,0.0,0.0,0.0,0.0572727272727272,0.0544545454545454,0.0,0.0713636363636363,0.1438181818181818,0.1713636363636363,0.0034545454545454,0.0,0.0,0.0,0.0,0.0,0.0,0.0,0.0,0.0,1.0
all,pool pumps,6,0.0,0.0,0.0,0.0,0.0,0.0721040189125295,0.0,0.0,0.0,0.0,0.0212765957446808,0.0,0.0,0.0,0.2781717888100867,0.6284475965327029,0.0,0.0,0.0,0.0,0.0,0.0,0.0,0.0,0.0,1.0
all,pool pumps,7,0.6242562929061783,0.0,0.0,0.0,0.0,0.1901601830663615,0.0,0.0,0.0,0.0,0.0,0.0,0.0,0.0,0.0,0.0,0.1720823798627002,0.0,0.0,0.0135011441647597,0.0,0.0,0.0,0.0,0.0,0.9999999999999998
all,pool pumps,8,0.0,0.0,0.0,0.0,0.0,0.0,0.0,0.0,0.0,0.0,0.0,0.0,0.0,0.0,0.0,0.0,0.0113346557098328,0.0,0.0,0.7316520260697081,0.0,0.0,0.0113346557098328,0.0410881269481439,0.2045905355624822,1.0
all,pool pumps,9,0.0,0.0,0.0,0.0,0.0,0.0,0.0,0.0,0.0,0.0,0.0,0.0,0.0,0.0,0.0,0.0,0.0,0.0,0.0,0.0034298780487804,0.3809070121951219,0.4811356707317072,0.1345274390243902,0.0,0.0,0.9999999999999998
all,portable electric spas,1,0.0,0.0,0.0,0.0,0.0,0.0,1.0,0.0,0.0,0.0,0.0,0.0,0.0,0.0,0.0,0.0,0.0,0.0,0.0,0.0,0.0,0.0,0.0,0.0,0.0,1.0
all,portable electric spas,2,0.0,0.0,0.0,0.0,0.0,0.0,0.0,0.2404463983767331,0.2593845113290496,0.4159621237740953,0.0842069665201217,0.0,0.0,0.0,0.0,0.0,0.0,0.0,0.0,0.0,0.0,0.0,0.0,0.0,0.0,1.0
all,portable electric spas,3,0.0,0.0,0.1295875284183176,0.1906463137382267,0.2305943488145501,0.0,0.0,0.0,0.0,0.0,0.2884053264046768,0.1607664826242286,0.0,0.0,0.0,0.0,0.0,0.0,0.0,0.0,0.0,0.0,0.0,0.0,0.0,1.0
all,portable electric spas,4,0.0,0.0,0.3831967213114753,0.148224043715847,0.0,0.0,0.0,0.0,0.0,0.0,0.0,0.0,0.0,0.0,0.0,0.0,0.0,0.1905737704918032,0.2739071038251366,0.0,0.0,0.0,0.0,0.0040983606557377,0.0,0.9999999999999998
all,portable electric spas,5,0.0,0.4212952293155104,0.0,0.0,0.0,0.0,0.0,0.0,0.0,0.0836598294537911,0.0592302373818852,0.0,0.1032495966812629,0.1532611200737497,0.1772297764461857,0.0020742106476146,0.0,0.0,0.0,0.0,0.0,0.0,0.0,0.0,0.0,1.0
all,portable electric spas,6,0.0,0.0,0.0,0.0,0.0,0.0601626016260162,0.0,0.0,0.0,0.0,0.0308943089430894,0.0,0.0,0.0,0.2349593495934959,0.6739837398373983,0.0,0.0,0.0,0.0,0.0,0.0,0.0,0.0,0.0,1.0
all,portable electric spas,7,0.6169692737430167,0.0,0.0,0.0,0.0,0.1595670391061452,0.0,0.0,0.0,0.0,0.0,0.0,0.0,0.0,0.0,0.0,0.2032122905027933,0.0,0.0,0.0202513966480446,0.0,0.0,0.0,0.0,0.0,1.0
all,portable electric spas,8,0.0,0.0,0.0011659541391371,0.0,0.0,0.0,0.0,0.0,0.0,0.0,0.0,0.0,0.0,0.0,0.0,0.0,0.0116595413913719,0.0,0.0023319082782743,0.3983676642052079,0.0,0.0,0.0804508356004663,0.1912164788184998,0.3148076175670423,1.0
all,portable electric spas,9,0.0,0.0,0.0,0.0,0.0,0.0,0.0,0.0,0.0,0.0,0.0,0.0,0.0,0.0,0.0,0.0,0.0,0.0,0.0,0.0019545131485429,0.3208955223880597,0.4051172707889126,0.2720326936744847,0.0,0.0,1.0
all,fans and pumps,1,0.0,0.0,0.0,0.0,0.0,0.0,1.0,0.0,0.0,0.0,0.0,0.0,0.0,0.0,0.0,0.0,0.0,0.0,0.0,0.0,0.0,0.0,0.0,0.0,0.0,1.0
all,fans and pumps,2,0.0,0.0,0.0,0.0,0.0,0.0,0.0,0.2694916220221133,0.1912259204377066,0.463738173942779,0.0755442835974011,0.0,0.0,0.0,0.0,0.0,0.0,0.0,0.0,0.0,0.0,0.0,0.0,0.0,0.0,1.0
all,fans and pumps,3,0.0,0.0,0.1387781087833942,0.1717758985200845,0.1965212377474534,0.0,0.0,0.0,0.0,0.0,0.3159475302709975,0.1769772246780703,0.0,0.0,0.0,0.0,0.0,0.0,0.0,0.0,0.0,0.0,0.0,0.0,0.0,1.0
all,fans and pumps,4,0.0,0.0,0.3680939226519337,0.172811304717382,0.0,0.0,0.0,0.0,0.0,0.0,0.0,0.0,0.0,0.0,0.0,0.0,0.0,0.2565342116447088,0.198284105397365,0.0,0.0,0.0,0.0,0.0042764555886102,0.0,1.0
all,fans and pumps,5,0.0,0.3138589271144346,0.0,0.0,0.0,0.0,0.0,0.0,0.0,0.0833221256870287,0.0755036716249294,0.0,0.1266822677103227,0.2283132044005703,0.1694237476576019,0.0028960558051124,0.0,0.0,0.0,0.0,0.0,0.0,0.0,0.0,0.0,1.0000000000000002
all,fans and pumps,6,0.0,0.0,0.0,0.0,0.0,0.0761428824886155,0.0,0.0,0.0,0.0,0.0230350700810219,0.0,0.0,0.0,0.2729907150038441,0.6278313324265185,0.0,0.0,0.0,0.0,0.0,0.0,0.0,0.0,0.0,1.0
all,fans and pumps,7,0.577359750667854,0.0,0.0,0.0,0.0,0.2026459737946826,0.0,0.0,0.0,0.0,0.0,0.0,0.0,0.0,0.0,0.0,0.2012625620150108,0.0,0.0,0.0187317135224526,0.0,0.0,0.0,0.0,0.0,1.0
all,fans and pumps,8,0.0,0.0,0.0004568527918781,0.0,0.0,0.0,0.0,0.0,0.0,0.0,0.0,0.0,0.0,0.0,0.0,0.0,0.0112182741116751,0.0,0.0016243654822335,0.373730964467005,0.0,0.0,0.0620558375634517,0.2527664974619289,0.2981472081218274,1.0
all,fans and pumps,9,0.0,0.0,0.0,0.0,0.0,0.0,0.0,0.0,0.0,0.0,0.0,0.0,0.0,0.0,0.0,0.0,0.0,0.0,0.0,0.0029456071447786,0.3132565771775972,0.4292919782643783,0.2545058374132458,0.0,0.0,1.0
