End use,CDIV,TRE,FRCC,MISW,MISC,MISE,MISS,ISNE,NYCW,NYUP,PJME,PJMW,PJMC,PJMD,SRCA,SRSE,SRCE,SPPS,SPPC,SPPN,SRSG,CANO,CASO,NWPP,RMRG,BASN,Total,AK,HI
heating,1,0.0,0.0,0.0,0.0,0.0,0.0,1.0,0.0,0.0,0.0,0.0,0.0,0.0,0.0,0.0,0.0,0.0,0.0,0.0,0.0,0.0,0.0,0.0,0.0,0.0,1.0,0,0
heating,2,0.0,0.0,0.0,0.0,0.0,0.0,0.0,0.2665727677849869,0.1817866956059941,0.4662772172065852,0.0853633194024336,0.0,0.0,0.0,0.0,0.0,0.0,0.0,0.0,0.0,0.0,0.0,0.0,0.0,0.0,1.0,0,0
heating,3,0.0,0.0,0.1276210286174388,0.1475660079847015,0.2178850605562451,0.0,0.0,0.0,0.0,0.0,0.2961888147079545,0.2107390881336598,0.0,0.0,0.0,0.0,0.0,0.0,0.0,0.0,0.0,0.0,0.0,0.0,0.0,1.0,0,0
heating,4,0.0,0.0,0.4123411490961159,0.1433237873635224,0.0,0.0,0.0,0.0,0.0,0.0,0.0,0.0,0.0,0.0,0.0,0.0,0.0,0.2585913728297834,0.1816269912296402,0.0,0.0,0.0,0.0,0.0041166994809378,0.0,1.0,0,0
heating,5,0.0,0.0441170646707061,0.0,0.0,0.0,0.0,0.0,0.0,0.0,0.1584887727218724,0.1180547305057225,0.0,0.1926656370044751,0.2281889826145499,0.2579699813868757,0.0005148310957981,0.0,0.0,0.0,0.0,0.0,0.0,0.0,0.0,0.0,1.0,0,0
heating,6,0.0,0.0,0.0,0.0,0.0,0.0923652407442931,0.0,0.0,0.0,0.0,0.0281987339343947,0.0,0.0,0.0,0.2210819106080951,0.658354114713217,0.0,0.0,0.0,0.0,0.0,0.0,0.0,0.0,0.0,1.0,0,0
heating,7,0.5189828868065637,0.0,0.0,0.0,0.0,0.1827900224363204,0.0,0.0,0.0,0.0,0.0,0.0,0.0,0.0,0.0,0.0,0.2601293387884386,0.0,0.0,0.0380977519686771,0.0,0.0,0.0,0.0,0.0,0.9999999999999998,0,0
heating,8,0.0,0.0,0.0006328541723171,0.0,0.0,0.0,0.0,0.0,0.0,0.0,0.0,0.0,0.0,0.0,0.0,0.0,0.0098092396709158,0.0,0.0018533586475002,0.2521471837989332,0.0,0.0,0.0610252237591537,0.3207666576258928,0.3537654823252871,1.0000000000000002,0,0
heating,9,0.0,0.0,0.0,0.0,0.0,0.0,0.0,0.0,0.0,0.0,0.0,0.0,0.0,0.0,0.0,0.0,0.0,0.0,0.0,0.0016807138090412,0.3575224301144368,0.47781704935861,0.1629798067179119,0.0,0.0,1.0000000000000002,0,0
cooling,1,0.0,0.0,0.0,0.0,0.0,0.0,1.0,0.0,0.0,0.0,0.0,0.0,0.0,0.0,0.0,0.0,0.0,0.0,0.0,0.0,0.0,0.0,0.0,0.0,0.0,1.0,0,0
cooling,2,0.0,0.0,0.0,0.0,0.0,0.0,0.0,0.2665727677849869,0.1817866956059941,0.4662772172065852,0.0853633194024336,0.0,0.0,0.0,0.0,0.0,0.0,0.0,0.0,0.0,0.0,0.0,0.0,0.0,0.0,1.0,0,0
cooling,3,0.0,0.0,0.1276210286174388,0.1475660079847015,0.2178850605562451,0.0,0.0,0.0,0.0,0.0,0.2961888147079545,0.2107390881336598,0.0,0.0,0.0,0.0,0.0,0.0,0.0,0.0,0.0,0.0,0.0,0.0,0.0,1.0,0,0
cooling,4,0.0,0.0,0.4123411490961159,0.1433237873635224,0.0,0.0,0.0,0.0,0.0,0.0,0.0,0.0,0.0,0.0,0.0,0.0,0.0,0.2585913728297834,0.1816269912296402,0.0,0.0,0.0,0.0,0.0041166994809378,0.0,1.0,0,0
cooling,5,0.0,0.0441170646707061,0.0,0.0,0.0,0.0,0.0,0.0,0.0,0.1584887727218724,0.1180547305057225,0.0,0.1926656370044751,0.2281889826145499,0.2579699813868757,0.0005148310957981,0.0,0.0,0.0,0.0,0.0,0.0,0.0,0.0,0.0,1.0,0,0
cooling,6,0.0,0.0,0.0,0.0,0.0,0.0923652407442931,0.0,0.0,0.0,0.0,0.0281987339343947,0.0,0.0,0.0,0.2210819106080951,0.658354114713217,0.0,0.0,0.0,0.0,0.0,0.0,0.0,0.0,0.0,1.0,0,0
cooling,7,0.5189828868065637,0.0,0.0,0.0,0.0,0.1827900224363204,0.0,0.0,0.0,0.0,0.0,0.0,0.0,0.0,0.0,0.0,0.2601293387884386,0.0,0.0,0.0380977519686771,0.0,0.0,0.0,0.0,0.0,0.9999999999999998,0,0
cooling,8,0.0,0.0,0.0006328541723171,0.0,0.0,0.0,0.0,0.0,0.0,0.0,0.0,0.0,0.0,0.0,0.0,0.0,0.0098092396709158,0.0,0.0018533586475002,0.2521471837989332,0.0,0.0,0.0610252237591537,0.3207666576258928,0.3537654823252871,1.0000000000000002,0,0
cooling,9,0.0,0.0,0.0,0.0,0.0,0.0,0.0,0.0,0.0,0.0,0.0,0.0,0.0,0.0,0.0,0.0,0.0,0.0,0.0,0.0016807138090412,0.3575224301144368,0.47781704935861,0.1629798067179119,0.0,0.0,1.0000000000000002,0,0
water heating,1,0.0,0.0,0.0,0.0,0.0,0.0,1.0,0.0,0.0,0.0,0.0,0.0,0.0,0.0,0.0,0.0,0.0,0.0,0.0,0.0,0.0,0.0,0.0,0.0,0.0,1.0,0,0
water heating,2,0.0,0.0,0.0,0.0,0.0,0.0,0.0,0.2740284240975977,0.1839013960508111,0.460747075839517,0.0813231040120739,0.0,0.0,0.0,0.0,0.0,0.0,0.0,0.0,0.0,0.0,0.0,0.0,0.0,0.0,1.0,0,0
water heating,3,0.0,0.0,0.1199014026644756,0.1499892403701312,0.2153295381184342,0.0,0.0,0.0,0.0,0.0,0.3028933622865191,0.2118864565604398,0.0,0.0,0.0,0.0,0.0,0.0,0.0,0.0,0.0,0.0,0.0,0.0,0.0,1.0,0,0
water heating,4,0.0,0.0,0.4109398360571222,0.1425993710367583,0.0,0.0,0.0,0.0,0.0,0.0,0.0,0.0,0.0,0.0,0.0,0.0,0.0,0.2560705263700572,0.1862659174099087,0.0,0.0,0.0,0.0,0.0041243491261535,0.0,1.0,0,0
water heating,5,0.0,0.1197804610318331,0.0,0.0,0.0,0.0,0.0,0.0,0.0,0.136509330406147,0.1008562019758507,0.0,0.1903841931942919,0.2058836443468715,0.2456201975850713,0.0009659714599341,0.0,0.0,0.0,0.0,0.0,0.0,0.0,0.0,0.0,1.0,0,0
water heating,6,0.0,0.0,0.0,0.0,0.0,0.1021215390147428,0.0,0.0,0.0,0.0,0.0267289943665348,0.0,0.0,0.0,0.2520676015821647,0.6190818650365576,0.0,0.0,0.0,0.0,0.0,0.0,0.0,0.0,0.0,1.0,0,0
water heating,7,0.5413791643737036,0.0,0.0,0.0,0.0,0.1838462515345214,0.0,0.0,0.0,0.0,0.0,0.0,0.0,0.0,0.0,0.0,0.2427718748677136,0.0,0.0,0.0320027092240612,0.0,0.0,0.0,0.0,0.0,1.0,0,0
water heating,8,0.0,0.0,0.0004443654461429,0.0,0.0,0.0,0.0,0.0,0.0,0.0,0.0,0.0,0.0,0.0,0.0,0.0,0.0131087806612157,0.0,0.0014219694276573,0.2836384642730181,0.0,0.0,0.0524351226448631,0.3087451119800924,0.3402061855670103,1.0,0,0
water heating,9,0.0,0.0,0.0,0.0,0.0,0.0,0.0,0.0,0.0,0.0,0.0,0.0,0.0,0.0,0.0,0.0,0.0,0.0,0.0,0.0034186984380437,0.3520235828778481,0.5239206534422404,0.1206370652418677,0.0,0.0,1.0,0,0
cooking,1,0.0,0.0,0.0,0.0,0.0,0.0,1.0,0.0,0.0,0.0,0.0,0.0,0.0,0.0,0.0,0.0,0.0,0.0,0.0,0.0,0.0,0.0,0.0,0.0,0.0,1.0,0,0
cooking,2,0.0,0.0,0.0,0.0,0.0,0.0,0.0,0.3220787818603112,0.164996539375884,0.4428395173181668,0.0700851614456381,0.0,0.0,0.0,0.0,0.0,0.0,0.0,0.0,0.0,0.0,0.0,0.0,0.0,0.0,1.0000000000000002,0,0
cooking,3,0.0,0.0,0.114777188408403,0.159938865414007,0.2089064700770175,0.0,0.0,0.0,0.0,0.0,0.27471605382241,0.2416614222781623,0.0,0.0,0.0,0.0,0.0,0.0,0.0,0.0,0.0,0.0,0.0,0.0,0.0,1.0,0,0
cooking,4,0.0,0.0,0.469372602400693,0.1385967083281772,0.0,0.0,0.0,0.0,0.0,0.0,0.0,0.0,0.0,0.0,0.0,0.0,0.0,0.2227447098131419,0.1664397970548199,0.0,0.0,0.0,0.0,0.0028461824031679,0.0,1.0,0,0
cooking,5,0.0,0.1793271265340668,0.0,0.0,0.0,0.0,0.0,0.0,0.0,0.128808717731697,0.0880236986881083,0.0,0.1653089293271265,0.1958844688954718,0.2413774862462971,0.0012695725772323,0.0,0.0,0.0,0.0,0.0,0.0,0.0,0.0,0.0,1.0,0,0
cooking,6,0.0,0.0,0.0,0.0,0.0,0.0743314381975152,0.0,0.0,0.0,0.0,0.02905874921036,0.0,0.0,0.0,0.2415245314803116,0.655085281111813,0.0,0.0,0.0,0.0,0.0,0.0,0.0,0.0,0.0,1.0,0,0
cooking,7,0.5643269932110195,0.0,0.0,0.0,0.0,0.1825730797284408,0.0,0.0,0.0,0.0,0.0,0.0,0.0,0.0,0.0,0.0,0.2223531392021545,0.0,0.0,0.0307467878583852,0.0,0.0,0.0,0.0,0.0,1.0,0,0
cooking,8,0.0,0.0,0.0001875820671543,0.0,0.0,0.0,0.0,0.0,0.0,0.0,0.0,0.0,0.0,0.0,0.0,0.0,0.0107859688613768,0.0,0.0015944475708122,0.3632526730444569,0.0,0.0,0.0531795160382667,0.2218157944100544,0.3491840180078784,1.0,0,0
cooking,9,0.0,0.0,0.0,0.0,0.0,0.0,0.0,0.0,0.0,0.0,0.0,0.0,0.0,0.0,0.0,0.0,0.0,0.0,0.0,0.0029113269665061,0.3377683454411884,0.4973743639974967,0.1619459635948085,0.0,0.0,1.0,0,0
drying,1,0.0,0.0,0.0,0.0,0.0,0.0,1.0,0.0,0.0,0.0,0.0,0.0,0.0,0.0,0.0,0.0,0.0,0.0,0.0,0.0,0.0,0.0,0.0,0.0,0.0,1.0,0,0
drying,2,0.0,0.0,0.0,0.0,0.0,0.0,0.0,0.1800593031875463,0.1816901408450704,0.5568569310600445,0.0813936249073387,0.0,0.0,0.0,0.0,0.0,0.0,0.0,0.0,0.0,0.0,0.0,0.0,0.0,0.0,1.0000000000000002,0,0
drying,3,0.0,0.0,0.1010073656845753,0.1664319757365684,0.2737218370883882,0.0,0.0,0.0,0.0,0.0,0.1945407279029462,0.2642980935875216,0.0,0.0,0.0,0.0,0.0,0.0,0.0,0.0,0.0,0.0,0.0,0.0,0.0,1.0,0,0
drying,4,0.0,0.0,0.6441102756892231,0.1210526315789473,0.0,0.0,0.0,0.0,0.0,0.0,0.0,0.0,0.0,0.0,0.0,0.0,0.0,0.1486215538847117,0.0859649122807017,0.0,0.0,0.0,0.0,0.000250626566416,0.0,1.0,0,0
drying,5,0.0,0.1487472248652077,0.0,0.0,0.0,0.0,0.0,0.0,0.0,0.1627021883920076,0.1030764351411354,0.0,0.1620678718680621,0.1731684110371075,0.2496035521725341,0.0006343165239454,0.0,0.0,0.0,0.0,0.0,0.0,0.0,0.0,0.0,1.0,0,0
drying,6,0.0,0.0,0.0,0.0,0.0,0.1391941391941392,0.0,0.0,0.0,0.0,0.0341880341880341,0.0,0.0,0.0,0.2271062271062271,0.5995115995115996,0.0,0.0,0.0,0.0,0.0,0.0,0.0,0.0,0.0,1.0000000000000002,0,0
drying,7,0.5763466990684487,0.0,0.0,0.0,0.0,0.1936006480356419,0.0,0.0,0.0,0.0,0.0,0.0,0.0,0.0,0.0,0.0,0.1978533819360065,0.0,0.0,0.0321992709599028,0.0,0.0,0.0,0.0,0.0,1.0,0,0
drying,8,0.0,0.0,0.0,0.0,0.0,0.0,0.0,0.0,0.0,0.0,0.0,0.0,0.0,0.0,0.0,0.0,0.0102639296187683,0.0,0.000733137829912,0.3658357771260997,0.0,0.0,0.0259042033235581,0.1072825024437927,0.4899804496578689,1.0,0,0
drying,9,0.0,0.0,0.0,0.0,0.0,0.0,0.0,0.0,0.0,0.0,0.0,0.0,0.0,0.0,0.0,0.0,0.0,0.0,0.0,0.0034300926636973,0.3895970921005477,0.5302820867250294,0.0766907285107254,0.0,0.0,1.0,0,0
misc,1,0.0,0.0,0.0,0.0,0.0,0.0,1.0,0.0,0.0,0.0,0.0,0.0,0.0,0.0,0.0,0.0,0.0,0.0,0.0,0.0,0.0,0.0,0.0,0.0,0.0,1.0,0,0
misc,2,0.0,0.0,0.0,0.0,0.0,0.0,0.0,0.1046770601336303,0.2071269487750556,0.5879732739420936,0.1002227171492204,0.0,0.0,0.0,0.0,0.0,0.0,0.0,0.0,0.0,0.0,0.0,0.0,0.0,0.0,1.0,0,0
misc,3,0.0,0.0,0.1152416356877323,0.1771995043370508,0.2131350681536555,0.0,0.0,0.0,0.0,0.0,0.3147459727385377,0.1796778190830235,0.0,0.0,0.0,0.0,0.0,0.0,0.0,0.0,0.0,0.0,0.0,0.0,0.0,1.0,0,0
misc,4,0.0,0.0,0.310880829015544,0.2487046632124352,0.0,0.0,0.0,0.0,0.0,0.0,0.0,0.0,0.0,0.0,0.0,0.0,0.0,0.3471502590673574,0.0932642487046632,0.0,0.0,0.0,0.0,0.0,0.0,0.9999999999999998,0,0
misc,5,0.0,0.3917616126205083,0.0,0.0,0.0,0.0,0.0,0.0,0.0,0.0701139351446099,0.0709903593339176,0.0,0.0823838737949167,0.1454864154250657,0.2357581069237511,0.0035056967572304,0.0,0.0,0.0,0.0,0.0,0.0,0.0,0.0,0.0,1.0,0,0
misc,6,0.0,0.0,0.0,0.0,0.0,0.0658682634730539,0.0,0.0,0.0,0.0,0.0179640718562874,0.0,0.0,0.0,0.2215568862275449,0.6946107784431138,0.0,0.0,0.0,0.0,0.0,0.0,0.0,0.0,0.0,1.0,0,0
misc,7,0.6086330935251799,0.0,0.0,0.0,0.0,0.1539568345323741,0.0,0.0,0.0,0.0,0.0,0.0,0.0,0.0,0.0,0.0,0.2100719424460431,0.0,0.0,0.0273381294964028,0.0,0.0,0.0,0.0,0.0,1.0000000000000002,0,0
misc,8,0.0,0.0,0.0,0.0,0.0,0.0,0.0,0.0,0.0,0.0,0.0,0.0,0.0,0.0,0.0,0.0,0.0086505190311418,0.0,0.0,0.6643598615916956,0.0,0.0,0.0086505190311418,0.0588235294117647,0.2595155709342561,1.0000000000000002,0,0
misc,9,0.0,0.0,0.0,0.0,0.0,0.0,0.0,0.0,0.0,0.0,0.0,0.0,0.0,0.0,0.0,0.0,0.0,0.0,0.0,0.0030395136778115,0.3860182370820669,0.5167173252279635,0.094224924012158,0.0,0.0,1.0,0,0
