End use,CDIV,AK,AL,AR,AZ,CA,CO,CT,DC,DE,FL,GA,HI,IA,ID,IL,IN,KS,KY,LA,MA,MD,ME,MI,MN,MO,MS,MT,NC,ND,NE,NH,NJ,NM,NV,NY,OH,OK,OR,PA,RI,SC,SD,TN,TX,UT,VA,VT,WA,WI,WV,WY
heating,1,0.0,0.0,0.0,0.0,0.0,0.0,0.2021762371522546,0.0,0.0,0.0,0.0,0.0,0.0,0.0,0.0,0.0,0.0,0.0,0.0,0.6160330992163101,0.0,0.0161379504567881,0.0,0.0,0.0,0.0,0.0,0.0,0.0,0.0,0.0458315333664428,0.0,0.0,0.0,0.0,0.0,0.0,0.0,0.0,0.0961189058006899,0.0,0.0,0.0,0.0,0.0,0.0,0.0237022740075142,0.0,0.0,0.0,0.0
heating,2,0.0,0.0,0.0,0.0,0.0,0.0,0.0,0.0,0.0,0.0,0.0,0.0,0.0,0.0,0.0,0.0,0.0,0.0,0.0,0.0,0.0,0.0,0.0,0.0,0.0,0.0,0.0,0.0,0.0,0.0,0.0,0.2478458921636494,0.0,0.0,0.4617529098477237,0.0,0.0,0.0,0.2904011979886268,0.0,0.0,0.0,0.0,0.0,0.0,0.0,0.0,0.0,0.0,0.0,0.0
heating,3,0.0,0.0,0.0,0.0,0.0,0.0,0.0,0.0,0.0,0.0,0.0,0.0,0.0,0.0,0.2791193927932703,0.1163190915202948,0.0,0.0,0.0,0.0,0.0,0.0,0.2509697099423348,0.0,0.0,0.0,0.0,0.0,0.0,0.0,0.0,0.0,0.0,0.0,0.0,0.2325636696099445,0.0,0.0,0.0,0.0,0.0,0.0,0.0,0.0,0.0,0.0,0.0,0.0,0.1210281361341554,0.0,0.0
heating,4,0.0,0.0,0.0,0.0,0.0,0.0,0.0,0.0,0.0,0.0,0.0,0.0,0.1649394070634897,0.0,0.0,0.0,0.13790784867502,0.0,0.0,0.0,0.0,0.0,0.0,0.3195845350586171,0.2059064219544862,0.0,0.0,0.0,0.0356471617390273,0.0990442079165095,0.0,0.0,0.0,0.0,0.0,0.0,0.0,0.0,0.0,0.0,0.0,0.0369704175928501,0.0,0.0,0.0,0.0,0.0,0.0,0.0,0.0,0.0
heating,5,0.0,0.0,0.0,0.0,0.0,0.0,0.0,0.0258014181771542,0.0379220359930848,0.0103880529737229,0.1905320846625829,0.0,0.0,0.0,0.0,0.0,0.0,0.0,0.0,0.0,0.2214274506681677,0.0,0.0,0.0,0.0,0.0,0.0,0.1497509457666367,0.0,0.0,0.0,0.0,0.0,0.0,0.0,0.0,0.0,0.0,0.0,0.0,0.0578023201204482,0.0,0.0,0.0,0.0,0.2106349253722561,0.0,0.0,0.0,0.0957407662659463,0.0
heating,6,0.0,0.151296519964666,0.0,0.0,0.0,0.0,0.0,0.0,0.0,0.0,0.0,0.0,0.0,0.0,0.0,0.0,0.0,0.3923348522307704,0.0,0.0,0.0,0.0,0.0,0.0,0.0,0.1053291809567792,0.0,0.0,0.0,0.0,0.0,0.0,0.0,0.0,0.0,0.0,0.0,0.0,0.0,0.0,0.0,0.0,0.3510394468477843,0.0,0.0,0.0,0.0,0.0,0.0,0.0,0.0
heating,7,0.0,0.0,0.1260226939147008,0.0,0.0,0.0,0.0,0.0,0.0,0.0,0.0,0.0,0.0,0.0,0.0,0.0,0.0,0.0,0.084016708269703,0.0,0.0,0.0,0.0,0.0,0.0,0.0,0.0,0.0,0.0,0.0,0.0,0.0,0.0,0.0,0.0,0.0,0.2795213834055799,0.0,0.0,0.0,0.0,0.0,0.0,0.5104392144100162,0.0,0.0,0.0,0.0,0.0,0.0,0.0
heating,8,0.0,0.0,0.0,0.0403486463750654,0.0,0.3732831264010933,0.0,0.0,0.0,0.0,0.0,0.0,0.0,0.0940719945807392,0.0,0.0,0.0,0.0,0.0,0.0,0.0,0.0,0.0,0.0,0.0,0.0,0.1148765906951449,0.0,0.0,0.0,0.0,0.0,0.0896993637803365,0.0488596961265772,0.0,0.0,0.0,0.0,0.0,0.0,0.0,0.0,0.0,0.0,0.1770998029452053,0.0,0.0,0.0,0.0,0.0,0.061760779095838
heating,9,0.0526214992341516,0.0,0.0,0.0,0.5208914182738261,0.0,0.0,0.0,0.0,0.0,0.0,1.3193270009282548e-05,0.0,0.0,0.0,0.0,0.0,0.0,0.0,0.0,0.0,0.0,0.0,0.0,0.0,0.0,0.0,0.0,0.0,0.0,0.0,0.0,0.0,0.0,0.0,0.0,0.0,0.1541230837163849,0.0,0.0,0.0,0.0,0.0,0.0,0.0,0.0,0.0,0.272350805505628,0.0,0.0,0.0
cooling,1,0.0,0.0,0.0,0.0,0.0,0.0,0.2021762371522546,0.0,0.0,0.0,0.0,0.0,0.0,0.0,0.0,0.0,0.0,0.0,0.0,0.6160330992163101,0.0,0.0161379504567881,0.0,0.0,0.0,0.0,0.0,0.0,0.0,0.0,0.0458315333664428,0.0,0.0,0.0,0.0,0.0,0.0,0.0,0.0,0.0961189058006899,0.0,0.0,0.0,0.0,0.0,0.0,0.0237022740075142,0.0,0.0,0.0,0.0
cooling,2,0.0,0.0,0.0,0.0,0.0,0.0,0.0,0.0,0.0,0.0,0.0,0.0,0.0,0.0,0.0,0.0,0.0,0.0,0.0,0.0,0.0,0.0,0.0,0.0,0.0,0.0,0.0,0.0,0.0,0.0,0.0,0.2478458921636494,0.0,0.0,0.4617529098477237,0.0,0.0,0.0,0.2904011979886268,0.0,0.0,0.0,0.0,0.0,0.0,0.0,0.0,0.0,0.0,0.0,0.0
cooling,3,0.0,0.0,0.0,0.0,0.0,0.0,0.0,0.0,0.0,0.0,0.0,0.0,0.0,0.0,0.2791193927932703,0.1163190915202948,0.0,0.0,0.0,0.0,0.0,0.0,0.2509697099423348,0.0,0.0,0.0,0.0,0.0,0.0,0.0,0.0,0.0,0.0,0.0,0.0,0.2325636696099445,0.0,0.0,0.0,0.0,0.0,0.0,0.0,0.0,0.0,0.0,0.0,0.0,0.1210281361341554,0.0,0.0
cooling,4,0.0,0.0,0.0,0.0,0.0,0.0,0.0,0.0,0.0,0.0,0.0,0.0,0.1649394070634897,0.0,0.0,0.0,0.13790784867502,0.0,0.0,0.0,0.0,0.0,0.0,0.3195845350586171,0.2059064219544862,0.0,0.0,0.0,0.0356471617390273,0.0990442079165095,0.0,0.0,0.0,0.0,0.0,0.0,0.0,0.0,0.0,0.0,0.0,0.0369704175928501,0.0,0.0,0.0,0.0,0.0,0.0,0.0,0.0,0.0
cooling,5,0.0,0.0,0.0,0.0,0.0,0.0,0.0,0.0258014181771542,0.0379220359930848,0.0103880529737229,0.1905320846625829,0.0,0.0,0.0,0.0,0.0,0.0,0.0,0.0,0.0,0.2214274506681677,0.0,0.0,0.0,0.0,0.0,0.0,0.1497509457666367,0.0,0.0,0.0,0.0,0.0,0.0,0.0,0.0,0.0,0.0,0.0,0.0,0.0578023201204482,0.0,0.0,0.0,0.0,0.2106349253722561,0.0,0.0,0.0,0.0957407662659463,0.0
cooling,6,0.0,0.151296519964666,0.0,0.0,0.0,0.0,0.0,0.0,0.0,0.0,0.0,0.0,0.0,0.0,0.0,0.0,0.0,0.3923348522307704,0.0,0.0,0.0,0.0,0.0,0.0,0.0,0.1053291809567792,0.0,0.0,0.0,0.0,0.0,0.0,0.0,0.0,0.0,0.0,0.0,0.0,0.0,0.0,0.0,0.0,0.3510394468477843,0.0,0.0,0.0,0.0,0.0,0.0,0.0,0.0
cooling,7,0.0,0.0,0.1260226939147008,0.0,0.0,0.0,0.0,0.0,0.0,0.0,0.0,0.0,0.0,0.0,0.0,0.0,0.0,0.0,0.084016708269703,0.0,0.0,0.0,0.0,0.0,0.0,0.0,0.0,0.0,0.0,0.0,0.0,0.0,0.0,0.0,0.0,0.0,0.2795213834055799,0.0,0.0,0.0,0.0,0.0,0.0,0.5104392144100162,0.0,0.0,0.0,0.0,0.0,0.0,0.0
cooling,8,0.0,0.0,0.0,0.0403486463750654,0.0,0.3732831264010933,0.0,0.0,0.0,0.0,0.0,0.0,0.0,0.0940719945807392,0.0,0.0,0.0,0.0,0.0,0.0,0.0,0.0,0.0,0.0,0.0,0.0,0.1148765906951449,0.0,0.0,0.0,0.0,0.0,0.0896993637803365,0.0488596961265772,0.0,0.0,0.0,0.0,0.0,0.0,0.0,0.0,0.0,0.0,0.1770998029452053,0.0,0.0,0.0,0.0,0.0,0.061760779095838
cooling,9,0.0526214992341516,0.0,0.0,0.0,0.5208914182738261,0.0,0.0,0.0,0.0,0.0,0.0,1.3193270009282548e-05,0.0,0.0,0.0,0.0,0.0,0.0,0.0,0.0,0.0,0.0,0.0,0.0,0.0,0.0,0.0,0.0,0.0,0.0,0.0,0.0,0.0,0.0,0.0,0.0,0.0,0.1541230837163849,0.0,0.0,0.0,0.0,0.0,0.0,0.0,0.0,0.0,0.272350805505628,0.0,0.0,0.0
water heating,1,0.0,0.0,0.0,0.0,0.0,0.0,0.2259049440473849,0.0,0.0,0.0,0.0,0.0,0.0,0.0,0.0,0.0,0.0,0.0,0.0,0.5972015529656324,0.0,0.0166614672881348,0.0,0.0,0.0,0.0,0.0,0.0,0.0,0.0,0.0430830191826519,0.0,0.0,0.0,0.0,0.0,0.0,0.0,0.0,0.0963478156307383,0.0,0.0,0.0,0.0,0.0,0.0,0.0208012008854572,0.0,0.0,0.0,0.0
water heating,2,0.0,0.0,0.0,0.0,0.0,0.0,0.0,0.0,0.0,0.0,0.0,0.0,0.0,0.0,0.0,0.0,0.0,0.0,0.0,0.0,0.0,0.0,0.0,0.0,0.0,0.0,0.0,0.0,0.0,0.0,0.0,0.2611302909311771,0.0,0.0,0.4685956964963807,0.0,0.0,0.0,0.2702740125724421,0.0,0.0,0.0,0.0,0.0,0.0,0.0,0.0,0.0,0.0,0.0,0.0
water heating,3,0.0,0.0,0.0,0.0,0.0,0.0,0.0,0.0,0.0,0.0,0.0,0.0,0.0,0.0,0.2938032853001644,0.1112735093580648,0.0,0.0,0.0,0.0,0.0,0.0,0.2362117256222553,0.0,0.0,0.0,0.0,0.0,0.0,0.0,0.0,0.0,0.0,0.0,0.0,0.2393614978575613,0.0,0.0,0.0,0.0,0.0,0.0,0.0,0.0,0.0,0.0,0.0,0.0,0.1193499818619541,0.0,0.0
water heating,4,0.0,0.0,0.0,0.0,0.0,0.0,0.0,0.0,0.0,0.0,0.0,0.0,0.1506573757393896,0.0,0.0,0.0,0.1431876375766645,0.0,0.0,0.0,0.0,0.0,0.0,0.3183431587658302,0.2223727078492948,0.0,0.0,0.0,0.027010670002666,0.1039660588523024,0.0,0.0,0.0,0.0,0.0,0.0,0.0,0.0,0.0,0.0,0.0,0.0344623912138523,0.0,0.0,0.0,0.0,0.0,0.0,0.0,0.0,0.0
water heating,5,0.0,0.0,0.0,0.0,0.0,0.0,0.0,0.0228520030224833,0.0239733055866191,0.0970491460115681,0.2362361534584233,0.0,0.0,0.0,0.0,0.0,0.0,0.0,0.0,0.0,0.169323644918397,0.0,0.0,0.0,0.0,0.0,0.0,0.1475200703939072,0.0,0.0,0.0,0.0,0.0,0.0,0.0,0.0,0.0,0.0,0.0,0.0,0.0610005257023297,0.0,0.0,0.0,0.0,0.1963045748663039,0.0,0.0,0.0,0.045740576039968,0.0
water heating,6,0.0,0.235530122957861,0.0,0.0,0.0,0.0,0.0,0.0,0.0,0.0,0.0,0.0,0.0,0.0,0.0,0.0,0.0,0.2982966911662397,0.0,0.0,0.0,0.0,0.0,0.0,0.0,0.16186655123996,0.0,0.0,0.0,0.0,0.0,0.0,0.0,0.0,0.0,0.0,0.0,0.0,0.0,0.0,0.0,0.0,0.3043066346359392,0.0,0.0,0.0,0.0,0.0,0.0,0.0,0.0
water heating,7,0.0,0.0,0.0834049349756134,0.0,0.0,0.0,0.0,0.0,0.0,0.0,0.0,0.0,0.0,0.0,0.0,0.0,0.0,0.0,0.1140463809589735,0.0,0.0,0.0,0.0,0.0,0.0,0.0,0.0,0.0,0.0,0.0,0.0,0.0,0.0,0.0,0.0,0.0,0.1638937882800133,0.0,0.0,0.0,0.0,0.0,0.0,0.6386548957853997,0.0,0.0,0.0,0.0,0.0,0.0,0.0
water heating,8,0.0,0.0,0.0,0.1403837744308463,0.0,0.3338504246391786,0.0,0.0,0.0,0.0,0.0,0.0,0.0,0.0625503090472832,0.0,0.0,0.0,0.0,0.0,0.0,0.0,0.0,0.0,0.0,0.0,0.0,0.0527216267153175,0.0,0.0,0.0,0.0,0.0,0.103117737194239,0.1105230613260798,0.0,0.0,0.0,0.0,0.0,0.0,0.0,0.0,0.0,0.0,0.1648595928288729,0.0,0.0,0.0,0.0,0.0,0.0319934738181824
water heating,9,0.018117630667717,0.0,0.0,0.0,0.833168517038899,0.0,0.0,0.0,0.0,0.0,0.0,0.0029502831498148,0.0,0.0,0.0,0.0,0.0,0.0,0.0,0.0,0.0,0.0,0.0,0.0,0.0,0.0,0.0,0.0,0.0,0.0,0.0,0.0,0.0,0.0,0.0,0.0,0.0,0.0510895713338007,0.0,0.0,0.0,0.0,0.0,0.0,0.0,0.0,0.0,0.0946739978097682,0.0,0.0,0.0
cooking,1,0.0,0.0,0.0,0.0,0.0,0.0,0.2191634241156763,0.0,0.0,0.0,0.0,0.0,0.0,0.0,0.0,0.0,0.0,0.0,0.0,0.5797884213334917,0.0,0.0458013450238686,0.0,0.0,0.0,0.0,0.0,0.0,0.0,0.0,0.0518484289446403,0.0,0.0,0.0,0.0,0.0,0.0,0.0,0.0,0.0795345952505088,0.0,0.0,0.0,0.0,0.0,0.0,0.023863785331814,0.0,0.0,0.0,0.0
cooking,2,0.0,0.0,0.0,0.0,0.0,0.0,0.0,0.0,0.0,0.0,0.0,0.0,0.0,0.0,0.0,0.0,0.0,0.0,0.0,0.0,0.0,0.0,0.0,0.0,0.0,0.0,0.0,0.0,0.0,0.0,0.0,0.260629048128484,0.0,0.0,0.4929669293132726,0.0,0.0,0.0,0.2464040225582434,0.0,0.0,0.0,0.0,0.0,0.0,0.0,0.0,0.0,0.0,0.0,0.0
cooking,3,0.0,0.0,0.0,0.0,0.0,0.0,0.0,0.0,0.0,0.0,0.0,0.0,0.0,0.0,0.3285719142846791,0.1211868196104015,0.0,0.0,0.0,0.0,0.0,0.0,0.2287137487898135,0.0,0.0,0.0,0.0,0.0,0.0,0.0,0.0,0.0,0.0,0.0,0.0,0.214630726593002,0.0,0.0,0.0,0.0,0.0,0.0,0.0,0.0,0.0,0.0,0.0,0.0,0.1068967907221036,0.0,0.0
cooking,4,0.0,0.0,0.0,0.0,0.0,0.0,0.0,0.0,0.0,0.0,0.0,0.0,0.1805262594693537,0.0,0.0,0.0,0.1259651808264151,0.0,0.0,0.0,0.0,0.0,0.0,0.3308272658237026,0.2341622257457027,0.0,0.0,0.0,0.0208027652325338,0.0780495436965634,0.0,0.0,0.0,0.0,0.0,0.0,0.0,0.0,0.0,0.0,0.0,0.0296667592057286,0.0,0.0,0.0,0.0,0.0,0.0,0.0,0.0,0.0
cooking,5,0.0,0.0,0.0,0.0,0.0,0.0,0.0,0.0235183331241029,0.0214892926350559,0.1875034398054995,0.2347259228064168,0.0,0.0,0.0,0.0,0.0,0.0,0.0,0.0,0.0,0.1445881009623332,0.0,0.0,0.0,0.0,0.0,0.0,0.1403039018584851,0.0,0.0,0.0,0.0,0.0,0.0,0.0,0.0,0.0,0.0,0.0,0.0,0.0627320724279891,0.0,0.0,0.0,0.0,0.1506978203569941,0.0,0.0,0.0,0.0344411160231229,0.0
cooking,6,0.0,0.2391226471774591,0.0,0.0,0.0,0.0,0.0,0.0,0.0,0.0,0.0,0.0,0.0,0.0,0.0,0.0,0.0,0.2817700915718571,0.0,0.0,0.0,0.0,0.0,0.0,0.0,0.1352126720485305,0.0,0.0,0.0,0.0,0.0,0.0,0.0,0.0,0.0,0.0,0.0,0.0,0.0,0.0,0.0,0.0,0.3438945892021533,0.0,0.0,0.0,0.0,0.0,0.0,0.0,0.0
cooking,7,0.0,0.0,0.0671817957137003,0.0,0.0,0.0,0.0,0.0,0.0,0.0,0.0,0.0,0.0,0.0,0.0,0.0,0.0,0.0,0.1243312305054622,0.0,0.0,0.0,0.0,0.0,0.0,0.0,0.0,0.0,0.0,0.0,0.0,0.0,0.0,0.0,0.0,0.0,0.1255750972335087,0.0,0.0,0.0,0.0,0.0,0.0,0.6829118765473288,0.0,0.0,0.0,0.0,0.0,0.0,0.0
cooking,8,0.0,0.0,0.0,0.2658196030813684,0.0,0.2070722454297243,0.0,0.0,0.0,0.0,0.0,0.0,0.0,0.0635316860737516,0.0,0.0,0.0,0.0,0.0,0.0,0.0,0.0,0.0,0.0,0.0,0.0,0.0418367116095088,0.0,0.0,0.0,0.0,0.0,0.1115875114186288,0.1887790792521489,0.0,0.0,0.0,0.0,0.0,0.0,0.0,0.0,0.0,0.0,0.1004532883365152,0.0,0.0,0.0,0.0,0.0,0.0209198747983535
cooking,9,0.0105899876243683,0.0,0.0,0.0,0.8254879045849723,0.0,0.0,0.0,0.0,0.0,0.0,0.0071505434862392,0.0,0.0,0.0,0.0,0.0,0.0,0.0,0.0,0.0,0.0,0.0,0.0,0.0,0.0,0.0,0.0,0.0,0.0,0.0,0.0,0.0,0.0,0.0,0.0,0.0,0.0646138252993721,0.0,0.0,0.0,0.0,0.0,0.0,0.0,0.0,0.0,0.092157739005048,0.0,0.0,0.0
drying,1,0.0,0.0,0.0,0.0,0.0,0.0,0.1604067852928137,0.0,0.0,0.0,0.0,0.0,0.0,0.0,0.0,0.0,0.0,0.0,0.0,0.6918033467778708,0.0,0.0073933217939653,0.0,0.0,0.0,0.0,0.0,0.0,0.0,0.0,0.0369848480333865,0.0,0.0,0.0,0.0,0.0,0.0,0.0,0.0,0.0782741150668208,0.0,0.0,0.0,0.0,0.0,0.0,0.0251375830351427,0.0,0.0,0.0,0.0
drying,2,0.0,0.0,0.0,0.0,0.0,0.0,0.0,0.0,0.0,0.0,0.0,0.0,0.0,0.0,0.0,0.0,0.0,0.0,0.0,0.0,0.0,0.0,0.0,0.0,0.0,0.0,0.0,0.0,0.0,0.0,0.0,0.3642835389780567,0.0,0.0,0.3766382989144644,0.0,0.0,0.0,0.2590781621074788,0.0,0.0,0.0,0.0,0.0,0.0,0.0,0.0,0.0,0.0,0.0,0.0
drying,3,0.0,0.0,0.0,0.0,0.0,0.0,0.0,0.0,0.0,0.0,0.0,0.0,0.0,0.0,0.3664436875070342,0.1090641257245326,0.0,0.0,0.0,0.0,0.0,0.0,0.2989740850661353,0.0,0.0,0.0,0.0,0.0,0.0,0.0,0.0,0.0,0.0,0.0,0.0,0.1333628052965027,0.0,0.0,0.0,0.0,0.0,0.0,0.0,0.0,0.0,0.0,0.0,0.0,0.0921552964057949,0.0,0.0
drying,4,0.0,0.0,0.0,0.0,0.0,0.0,0.0,0.0,0.0,0.0,0.0,0.0,0.1718318704788582,0.0,0.0,0.0,0.0631979563379132,0.0,0.0,0.0,0.0,0.0,0.0,0.5255285410259545,0.201977235491061,0.0,0.0,0.0,0.0055281565871146,0.0226237636617873,0.0,0.0,0.0,0.0,0.0,0.0,0.0,0.0,0.0,0.0,0.0,0.0093124764173109,0.0,0.0,0.0,0.0,0.0,0.0,0.0,0.0,0.0
drying,5,0.0,0.0,0.0,0.0,0.0,0.0,0.0,0.0186714220428122,0.0221370390035282,0.1665854753074055,0.2378008363593159,0.0,0.0,0.0,0.0,0.0,0.0,0.0,0.0,0.0,0.1878359447041508,0.0,0.0,0.0,0.0,0.0,0.0,0.1244253164902771,0.0,0.0,0.0,0.0,0.0,0.0,0.0,0.0,0.0,0.0,0.0,0.0,0.0567484621037711,0.0,0.0,0.0,0.0,0.148967244732659,0.0,0.0,0.0,0.0368282592560799,0.0
drying,6,0.0,0.2206803585278707,0.0,0.0,0.0,0.0,0.0,0.0,0.0,0.0,0.0,0.0,0.0,0.0,0.0,0.0,0.0,0.3651488999205792,0.0,0.0,0.0,0.0,0.0,0.0,0.0,0.209122038229829,0.0,0.0,0.0,0.0,0.0,0.0,0.0,0.0,0.0,0.0,0.0,0.0,0.0,0.0,0.0,0.0,0.2050487033217209,0.0,0.0,0.0,0.0,0.0,0.0,0.0,0.0
drying,7,0.0,0.0,0.0580825580110912,0.0,0.0,0.0,0.0,0.0,0.0,0.0,0.0,0.0,0.0,0.0,0.0,0.0,0.0,0.0,0.147185662859218,0.0,0.0,0.0,0.0,0.0,0.0,0.0,0.0,0.0,0.0,0.0,0.0,0.0,0.0,0.0,0.0,0.0,0.1050940773477435,0.0,0.0,0.0,0.0,0.0,0.0,0.6896377017819472,0.0,0.0,0.0,0.0,0.0,0.0,0.0
drying,8,0.0,0.0,0.0,0.2906420018721655,0.0,0.1007033110151214,0.0,0.0,0.0,0.0,0.0,0.0,0.0,0.0271820344769823,0.0,0.0,0.0,0.0,0.0,0.0,0.0,0.0,0.0,0.0,0.0,0.0,0.0234861756170958,0.0,0.0,0.0,0.0,0.0,0.0889602668752983,0.3100387760809275,0.0,0.0,0.0,0.0,0.0,0.0,0.0,0.0,0.0,0.0,0.1488038874248221,0.0,0.0,0.0,0.0,0.0,0.0101835466375867
drying,9,0.0087181151166064,0.0,0.0,0.0,0.9108313990152213,0.0,0.0,0.0,0.0,0.0,0.0,0.0051992899136133,0.0,0.0,0.0,0.0,0.0,0.0,0.0,0.0,0.0,0.0,0.0,0.0,0.0,0.0,0.0,0.0,0.0,0.0,0.0,0.0,0.0,0.0,0.0,0.0,0.0,0.025170366136225,0.0,0.0,0.0,0.0,0.0,0.0,0.0,0.0,0.0,0.050080829818334,0.0,0.0,0.0
misc,1,0.0,0.0,0.0,0.0,0.0,0.0,0.2029519333786469,0.0,0.0,0.0,0.0,0.0,0.0,0.0,0.0,0.0,0.0,0.0,0.0,0.5323798763934086,0.0,0.0157142309059997,0.0,0.0,0.0,0.0,0.0,0.0,0.0,0.0,0.0692995149303088,0.0,0.0,0.0,0.0,0.0,0.0,0.0,0.0,0.124850616744553,0.0,0.0,0.0,0.0,0.0,0.0,0.0548038276470827,0.0,0.0,0.0,0.0
misc,2,0.0,0.0,0.0,0.0,0.0,0.0,0.0,0.0,0.0,0.0,0.0,0.0,0.0,0.0,0.0,0.0,0.0,0.0,0.0,0.0,0.0,0.0,0.0,0.0,0.0,0.0,0.0,0.0,0.0,0.0,0.0,0.3462725589090404,0.0,0.0,0.3204198547715462,0.0,0.0,0.0,0.3333075863194134,0.0,0.0,0.0,0.0,0.0,0.0,0.0,0.0,0.0,0.0,0.0,0.0
misc,3,0.0,0.0,0.0,0.0,0.0,0.0,0.0,0.0,0.0,0.0,0.0,0.0,0.0,0.0,0.2654926907286409,0.1824683779135266,0.0,0.0,0.0,0.0,0.0,0.0,0.2140505033350053,0.0,0.0,0.0,0.0,0.0,0.0,0.0,0.0,0.0,0.0,0.0,0.0,0.2292947733964408,0.0,0.0,0.0,0.0,0.0,0.0,0.0,0.0,0.0,0.0,0.0,0.0,0.1086936546263862,0.0,0.0
misc,4,0.0,0.0,0.0,0.0,0.0,0.0,0.0,0.0,0.0,0.0,0.0,0.0,0.1875571966574898,0.0,0.0,0.0,0.1903547602970644,0.0,0.0,0.0,0.0,0.0,0.0,0.1753318387923588,0.3948763219345031,0.0,0.0,0.0,0.0066333247094558,0.0293053954611112,0.0,0.0,0.0,0.0,0.0,0.0,0.0,0.0,0.0,0.0,0.0,0.0159411621480166,0.0,0.0,0.0,0.0,0.0,0.0,0.0,0.0,0.0
misc,5,0.0,0.0,0.0,0.0,0.0,0.0,0.0,0.00447680301622,0.0172125574358169,0.405076370053853,0.2219784663358291,0.0,0.0,0.0,0.0,0.0,0.0,0.0,0.0,0.0,0.0794129910359051,0.0,0.0,0.0,0.0,0.0,0.0,0.1005570578831867,0.0,0.0,0.0,0.0,0.0,0.0,0.0,0.0,0.0,0.0,0.0,0.0,0.050339825699041,0.0,0.0,0.0,0.0,0.0868448347895054,0.0,0.0,0.0,0.0341010937506424,0.0
misc,6,0.0,0.1861969426516874,0.0,0.0,0.0,0.0,0.0,0.0,0.0,0.0,0.0,0.0,0.0,0.0,0.0,0.0,0.0,0.2640106103516222,0.0,0.0,0.0,0.0,0.0,0.0,0.0,0.1424377393165285,0.0,0.0,0.0,0.0,0.0,0.0,0.0,0.0,0.0,0.0,0.0,0.0,0.0,0.0,0.0,0.0,0.4073547076801617,0.0,0.0,0.0,0.0,0.0,0.0,0.0,0.0
misc,7,0.0,0.0,0.0397338728949106,0.0,0.0,0.0,0.0,0.0,0.0,0.0,0.0,0.0,0.0,0.0,0.0,0.0,0.0,0.0,0.1107098920587381,0.0,0.0,0.0,0.0,0.0,0.0,0.0,0.0,0.0,0.0,0.0,0.0,0.0,0.0,0.0,0.0,0.0,0.1248520274244972,0.0,0.0,0.0,0.0,0.0,0.0,0.7247042076218541,0.0,0.0,0.0,0.0,0.0,0.0,0.0
misc,8,0.0,0.0,0.0,0.5688053371126965,0.0,0.0550783585428553,0.0,0.0,0.0,0.0,0.0,0.0,0.0,0.0188699887972141,0.0,0.0,0.0,0.0,0.0,0.0,0.0,0.0,0.0,0.0,0.0,0.0,0.0091739493274543,0.0,0.0,0.0,0.0,0.0,0.109260350783697,0.2017796325400171,0.0,0.0,0.0,0.0,0.0,0.0,0.0,0.0,0.0,0.0,0.0354149552848757,0.0,0.0,0.0,0.0,0.0,0.0016174276111897
misc,9,0.0015605821082456,0.0,0.0,0.0,0.9032571273705524,0.0,0.0,0.0,0.0,0.0,0.0,0.0054850127270925,0.0,0.0,0.0,0.0,0.0,0.0,0.0,0.0,0.0,0.0,0.0,0.0,0.0,0.0,0.0,0.0,0.0,0.0,0.0,0.0,0.0,0.0,0.0,0.0,0.0,0.0286513533105288,0.0,0.0,0.0,0.0,0.0,0.0,0.0,0.0,0.0,0.0610459244835804,0.0,0.0,0.0
