End use,CDIV,AK,AL,AR,AZ,CA,CO,CT,DC,DE,FL,GA,HI,IA,ID,IL,IN,KS,KY,LA,MA,MD,ME,MI,MN,MO,MS,MT,NC,ND,NE,NH,NJ,NM,NV,NY,OH,OK,OR,PA,RI,SC,SD,TN,TX,UT,VA,VT,WA,WI,WV,WY,Total
heating,1,0.0,0.0,0.0,0.0,0.0,0.0,0.2917958838455032,0.0,0.0,0.0,0.0,0.0,0.0,0.0,0.0,0.0,0.0,0.0,0.0,0.5235410205807726,0.0,0.0544121793064561,0.0,0.0,0.0,0.0,0.0,0.0,0.0,0.0,0.0606146038906117,0.0,0.0,0.0,0.0,0.0,0.0,0.0,0.0,0.0549760360868339,0.0,0.0,0.0,0.0,0.0,0.0,0.0146602762898223,0.0,0.0,0.0,0.0,1.0
heating,2,0.0,0.0,0.0,0.0,0.0,0.0,0.0,0.0,0.0,0.0,0.0,0.0,0.0,0.0,0.0,0.0,0.0,0.0,0.0,0.0,0.0,0.0,0.0,0.0,0.0,0.0,0.0,0.0,0.0,0.0,0.0,0.1704676546277398,0.0,0.0,0.3513177744254148,0.0,0.0,0.0,0.4782145709468453,0.0,0.0,0.0,0.0,0.0,0.0,0.0,0.0,0.0,0.0,0.0,0.0,1.0
heating,3,0.0,0.0,0.0,0.0,0.0,0.0,0.0,0.0,0.0,0.0,0.0,0.0,0.0,0.0,0.2359607151850919,0.2222991689750692,0.0,0.0,0.0,0.0,0.0,0.0,0.1089146310752958,0.0,0.0,0.0,0.0,0.0,0.0,0.0,0.0,0.0,0.0,0.0,0.0,0.3269957189624779,0.0,0.0,0.0,0.0,0.0,0.0,0.0,0.0,0.0,0.0,0.0,0.0,0.1058297658020649,0.0,0.0,1.0
heating,4,0.0,0.0,0.0,0.0,0.0,0.0,0.0,0.0,0.0,0.0,0.0,0.0,0.1211259856959471,0.0,0.0,0.0,0.1156244269209609,0.0,0.0,0.0,0.0,0.0,0.0,0.1565193471483587,0.4054648817164863,0.0,0.0,0.0,0.0562075921511094,0.1009536035209976,0.0,0.0,0.0,0.0,0.0,0.0,0.0,0.0,0.0,0.0,0.0,0.0441041628461397,0.0,0.0,0.0,0.0,0.0,0.0,0.0,0.0,0.0,1.0
heating,5,0.0,0.0,0.0,0.0,0.0,0.0,0.0,0.0070991940403109,0.0078519422200879,0.426029512920014,0.1295246005892201,0.0,0.0,0.0,0.0,0.0,0.0,0.0,0.0,0.0,0.0548857250392597,0.0,0.0,0.0,0.0,0.0,0.0,0.1565975782274078,0.0,0.0,0.0,0.0,0.0,0.0,0.0,0.0,0.0,0.0,0.0,0.0,0.0875264435244188,0.0,0.0,0.0,0.0,0.1079544717135403,0.0,0.0,0.0,0.02253053172574,0.0,1.0
heating,6,0.0,0.285926476049016,0.0,0.0,0.0,0.0,0.0,0.0,0.0,0.0,0.0,0.0,0.0,0.0,0.0,0.0,0.0,0.2102209431860378,0.0,0.0,0.0,0.0,0.0,0.0,0.0,0.1488117341255105,0.0,0.0,0.0,0.0,0.0,0.0,0.0,0.0,0.0,0.0,0.0,0.0,0.0,0.0,0.0,0.0,0.3550408466394356,0.0,0.0,0.0,0.0,0.0,0.0,0.0,0.0,1.0
heating,7,0.0,0.0,0.0783168496742205,0.0,0.0,0.0,0.0,0.0,0.0,0.0,0.0,0.0,0.0,0.0,0.0,0.0,0.0,0.0,0.1419671365158476,0.0,0.0,0.0,0.0,0.0,0.0,0.0,0.0,0.0,0.0,0.0,0.0,0.0,0.0,0.0,0.0,0.0,0.0756431222905796,0.0,0.0,0.0,0.0,0.0,0.0,0.704072891519352,0.0,0.0,0.0,0.0,0.0,0.0,0.0,1.0
heating,8,0.0,0.0,0.0,0.4976180164573409,0.0,0.1520860401328136,0.0,0.0,0.0,0.0,0.0,0.0,0.0,0.0765843799624657,0.0,0.0,0.0,0.0,0.0,0.0,0.0,0.0,0.0,0.0,0.0,0.0,0.0339252201530244,0.0,0.0,0.0,0.0,0.0,0.0552908907174823,0.1259564024830374,0.0,0.0,0.0,0.0,0.0,0.0,0.0,0.0,0.0,0.0,0.0404215389057312,0.0,0.0,0.0,0.0,0.0,0.0181175111881045,1.0
heating,9,0.0020955746394378,0.0,0.0,0.0,0.5468217117968526,0.0,0.0,0.0,0.0,0.0,0.0,0.010929859884127,0.0,0.0,0.0,0.0,0.0,0.0,0.0,0.0,0.0,0.0,0.0,0.0,0.0,0.0,0.0,0.0,0.0,0.0,0.0,0.0,0.0,0.0,0.0,0.0,0.0,0.1534700250647162,0.0,0.0,0.0,0.0,0.0,0.0,0.0,0.0,0.0,0.2866828286148662,0.0,0.0,0.0,1.0
cooling,1,0.0,0.0,0.0,0.0,0.0,0.0,0.2416266869927812,0.0,0.0,0.0,0.0,0.0,0.0,0.0,0.0,0.0,0.0,0.0,0.0,0.4586378514101242,0.0,0.0948751289064251,0.0,0.0,0.0,0.0,0.0,0.0,0.0,0.0,0.0902569161099403,0.0,0.0,0.0,0.0,0.0,0.0,0.0,0.0,0.074160426848406,0.0,0.0,0.0,0.0,0.0,0.0,0.040442989732323,0.0,0.0,0.0,0.0,1.0
cooling,2,0.0,0.0,0.0,0.0,0.0,0.0,0.0,0.0,0.0,0.0,0.0,0.0,0.0,0.0,0.0,0.0,0.0,0.0,0.0,0.0,0.0,0.0,0.0,0.0,0.0,0.0,0.0,0.0,0.0,0.0,0.0,0.2165440259416313,0.0,0.0,0.4590764529807932,0.0,0.0,0.0,0.3243795210775754,0.0,0.0,0.0,0.0,0.0,0.0,0.0,0.0,0.0,0.0,0.0,0.0,1.0
cooling,3,0.0,0.0,0.0,0.0,0.0,0.0,0.0,0.0,0.0,0.0,0.0,0.0,0.0,0.0,0.2653590075816859,0.1408705468820156,0.0,0.0,0.0,0.0,0.0,0.0,0.2107734345935267,0.0,0.0,0.0,0.0,0.0,0.0,0.0,0.0,0.0,0.0,0.0,0.0,0.2522225500635014,0.0,0.0,0.0,0.0,0.0,0.0,0.0,0.0,0.0,0.0,0.0,0.0,0.1307744608792703,0.0,0.0,1.0
cooling,4,0.0,0.0,0.0,0.0,0.0,0.0,0.0,0.0,0.0,0.0,0.0,0.0,0.1476073721039147,0.0,0.0,0.0,0.1368908234386622,0.0,0.0,0.0,0.0,0.0,0.0,0.254662662883275,0.2964268988126395,0.0,0.0,0.0,0.037080911319871,0.0872475825780324,0.0,0.0,0.0,0.0,0.0,0.0,0.0,0.0,0.0,0.0,0.0,0.040083748863605,0.0,0.0,0.0,0.0,0.0,0.0,0.0,0.0,0.0,1.0
cooling,5,0.0,0.0,0.0,0.0,0.0,0.0,0.0,0.0110068886017347,0.0151716572618505,0.3349199118705203,0.1523766140802648,0.0,0.0,0.0,0.0,0.0,0.0,0.0,0.0,0.0,0.0867071368145097,0.0,0.0,0.0,0.0,0.0,0.0,0.1613940819381048,0.0,0.0,0.0,0.0,0.0,0.0,0.0,0.0,0.0,0.0,0.0,0.0,0.080487872900185,0.0,0.0,0.0,0.0,0.1259284738168059,0.0,0.0,0.0,0.0320073627160241,0.0,1.0000000000000002
cooling,6,0.0,0.2666868932038835,0.0,0.0,0.0,0.0,0.0,0.0,0.0,0.0,0.0,0.0,0.0,0.0,0.0,0.0,0.0,0.2336771844660194,0.0,0.0,0.0,0.0,0.0,0.0,0.0,0.1555218446601941,0.0,0.0,0.0,0.0,0.0,0.0,0.0,0.0,0.0,0.0,0.0,0.0,0.0,0.0,0.0,0.0,0.3441140776699029,0.0,0.0,0.0,0.0,0.0,0.0,0.0,0.0,1.0
cooling,7,0.0,0.0,0.0856811537393633,0.0,0.0,0.0,0.0,0.0,0.0,0.0,0.0,0.0,0.0,0.0,0.0,0.0,0.0,0.0,0.1286033939275156,0.0,0.0,0.0,0.0,0.0,0.0,0.0,0.0,0.0,0.0,0.0,0.0,0.0,0.0,0.0,0.0,0.0,0.1108171231646169,0.0,0.0,0.0,0.0,0.0,0.0,0.6748983291685041,0.0,0.0,0.0,0.0,0.0,0.0,0.0,1.0
cooling,8,0.0,0.0,0.0,0.3238380809595202,0.0,0.2166269806273333,0.0,0.0,0.0,0.0,0.0,0.0,0.0,0.0640856042566951,0.0,0.0,0.0,0.0,0.0,0.0,0.0,0.0,0.0,0.0,0.0,0.0,0.0400682011935208,0.0,0.0,0.0,0.0,0.0,0.0947467442749213,0.1329923273657289,0.0,0.0,0.0,0.0,0.0,0.0,0.0,0.0,0.0,0.0,0.1043889819795984,0.0,0.0,0.0,0.0,0.0,0.0232530793426816,1.0
cooling,9,0.00012555828595,0.0,0.0,0.0,0.7509641082671163,0.0,0.0,0.0,0.0,0.0,0.0,0.0220085738372405,0.0,0.0,0.0,0.0,0.0,0.0,0.0,0.0,0.0,0.0,0.0,0.0,0.0,0.0,0.0,0.0,0.0,0.0,0.0,0.0,0.0,0.0,0.0,0.0,0.0,0.0935588599307635,0.0,0.0,0.0,0.0,0.0,0.0,0.0,0.0,0.0,0.1333428996789295,0.0,0.0,0.0,1.0000000000000002
water heating,1,0.0,0.0,0.0,0.0,0.0,0.0,0.2522469252601703,0.0,0.0,0.0,0.0,0.0,0.0,0.0,0.0,0.0,0.0,0.0,0.0,0.3995979186376537,0.0,0.1202696310312204,0.0,0.0,0.0,0.0,0.0,0.0,0.0,0.0,0.1184957426679281,0.0,0.0,0.0,0.0,0.0,0.0,0.0,0.0,0.0480132450331125,0.0,0.0,0.0,0.0,0.0,0.0,0.0613765373699148,0.0,0.0,0.0,0.0,1.0
water heating,2,0.0,0.0,0.0,0.0,0.0,0.0,0.0,0.0,0.0,0.0,0.0,0.0,0.0,0.0,0.0,0.0,0.0,0.0,0.0,0.0,0.0,0.0,0.0,0.0,0.0,0.0,0.0,0.0,0.0,0.0,0.0,0.160397217645982,0.0,0.0,0.3886600768808347,0.0,0.0,0.0,0.4509427054731832,0.0,0.0,0.0,0.0,0.0,0.0,0.0,0.0,0.0,0.0,0.0,0.0,1.0
water heating,3,0.0,0.0,0.0,0.0,0.0,0.0,0.0,0.0,0.0,0.0,0.0,0.0,0.0,0.0,0.2159656652360515,0.1794678111587982,0.0,0.0,0.0,0.0,0.0,0.0,0.1800858369098712,0.0,0.0,0.0,0.0,0.0,0.0,0.0,0.0,0.0,0.0,0.0,0.0,0.2641030042918454,0.0,0.0,0.0,0.0,0.0,0.0,0.0,0.0,0.0,0.0,0.0,0.0,0.1603776824034334,0.0,0.0,1.0
water heating,4,0.0,0.0,0.0,0.0,0.0,0.0,0.0,0.0,0.0,0.0,0.0,0.0,0.1343786366141973,0.0,0.0,0.0,0.1021620628406933,0.0,0.0,0.0,0.0,0.0,0.0,0.2236785692411343,0.3611196178109879,0.0,0.0,0.0,0.054694677528021,0.0763153059349543,0.0,0.0,0.0,0.0,0.0,0.0,0.0,0.0,0.0,0.0,0.0,0.0476511300300116,0.0,0.0,0.0,0.0,0.0,0.0,0.0,0.0,0.0,1.0
water heating,5,0.0,0.0,0.0,0.0,0.0,0.0,0.0,0.0080065550743298,0.0108041671543954,0.3936205080182605,0.1298958211401147,0.0,0.0,0.0,0.0,0.0,0.0,0.0,0.0,0.0,0.0689687463420344,0.0,0.0,0.0,0.0,0.0,0.0,0.1654688048694838,0.0,0.0,0.0,0.0,0.0,0.0,0.0,0.0,0.0,0.0,0.0,0.0,0.084139061219712,0.0,0.0,0.0,0.0,0.1097155565960435,0.0,0.0,0.0,0.0293807795856256,0.0,1.0
water heating,6,0.0,0.2741857073407875,0.0,0.0,0.0,0.0,0.0,0.0,0.0,0.0,0.0,0.0,0.0,0.0,0.0,0.0,0.0,0.2239507373197212,0.0,0.0,0.0,0.0,0.0,0.0,0.0,0.138834872792092,0.0,0.0,0.0,0.0,0.0,0.0,0.0,0.0,0.0,0.0,0.0,0.0,0.0,0.0,0.0,0.0,0.3630286825473991,0.0,0.0,0.0,0.0,0.0,0.0,0.0,0.0,1.0
water heating,7,0.0,0.0,0.0931160984031074,0.0,0.0,0.0,0.0,0.0,0.0,0.0,0.0,0.0,0.0,0.0,0.0,0.0,0.0,0.0,0.134441087613293,0.0,0.0,0.0,0.0,0.0,0.0,0.0,0.0,0.0,0.0,0.0,0.0,0.0,0.0,0.0,0.0,0.0,0.082811825636599,0.0,0.0,0.0,0.0,0.0,0.0,0.6896309883470003,0.0,0.0,0.0,0.0,0.0,0.0,0.0,1.0
water heating,8,0.0,0.0,0.0,0.4523106546854942,0.0,0.1541078305519897,0.0,0.0,0.0,0.0,0.0,0.0,0.0,0.0973684210526315,0.0,0.0,0.0,0.0,0.0,0.0,0.0,0.0,0.0,0.0,0.0,0.0,0.0547496790757381,0.0,0.0,0.0,0.0,0.0,0.0526315789473684,0.1150192554557124,0.0,0.0,0.0,0.0,0.0,0.0,0.0,0.0,0.0,0.0,0.0489730423620025,0.0,0.0,0.0,0.0,0.0,0.0248395378690629,1.0
water heating,9,0.0081534221405604,0.0,0.0,0.0,0.4444189251263206,0.0,0.0,0.0,0.0,0.0,0.0,0.0660695146225692,0.0,0.0,0.0,0.0,0.0,0.0,0.0,0.0,0.0,0.0,0.0,0.0,0.0,0.0,0.0,0.0,0.0,0.0,0.0,0.0,0.0,0.0,0.0,0.0,0.0,0.1810212831113152,0.0,0.0,0.0,0.0,0.0,0.0,0.0,0.0,0.0,0.3003368549992344,0.0,0.0,0.0,1.0
cooking,1,0.0,0.0,0.0,0.0,0.0,0.0,0.2395219951506754,0.0,0.0,0.0,0.0,0.0,0.0,0.0,0.0,0.0,0.0,0.0,0.0,0.4543643921025285,0.0,0.0973328714928992,0.0,0.0,0.0,0.0,0.0,0.0,0.0,0.0,0.0921371666089366,0.0,0.0,0.0,0.0,0.0,0.0,0.0,0.0,0.071657429857984,0.0,0.0,0.0,0.0,0.0,0.0,0.0449861447869761,0.0,0.0,0.0,0.0,1.0
cooking,2,0.0,0.0,0.0,0.0,0.0,0.0,0.0,0.0,0.0,0.0,0.0,0.0,0.0,0.0,0.0,0.0,0.0,0.0,0.0,0.0,0.0,0.0,0.0,0.0,0.0,0.0,0.0,0.0,0.0,0.0,0.0,0.2083709439878378,0.0,0.0,0.4693809682170174,0.0,0.0,0.0,0.3222480877951446,0.0,0.0,0.0,0.0,0.0,0.0,0.0,0.0,0.0,0.0,0.0,0.0,1.0
cooking,3,0.0,0.0,0.0,0.0,0.0,0.0,0.0,0.0,0.0,0.0,0.0,0.0,0.0,0.0,0.26448433744646,0.1388348080615492,0.0,0.0,0.0,0.0,0.0,0.0,0.2140929414450098,0.0,0.0,0.0,0.0,0.0,0.0,0.0,0.0,0.0,0.0,0.0,0.0,0.2548437772735207,0.0,0.0,0.0,0.0,0.0,0.0,0.0,0.0,0.0,0.0,0.0,0.0,0.1277441357734602,0.0,0.0,1.0
cooking,4,0.0,0.0,0.0,0.0,0.0,0.0,0.0,0.0,0.0,0.0,0.0,0.0,0.150264141983736,0.0,0.0,0.0,0.1348608060782335,0.0,0.0,0.0,0.0,0.0,0.0,0.2602540511663798,0.2883005876417167,0.0,0.0,0.0,0.0363566213569181,0.0898973110939633,0.0,0.0,0.0,0.0,0.0,0.0,0.0,0.0,0.0,0.0,0.0,0.0400664806790526,0.0,0.0,0.0,0.0,0.0,0.0,0.0,0.0,0.0,1.0
cooking,5,0.0,0.0,0.0,0.0,0.0,0.0,0.0,0.011782247385488,0.0149519847352122,0.3202894470685143,0.1557133473052019,0.0,0.0,0.0,0.0,0.0,0.0,0.0,0.0,0.0,0.0931735952537353,0.0,0.0,0.0,0.0,0.0,0.0,0.1629286704828636,0.0,0.0,0.0,0.0,0.0,0.0,0.0,0.0,0.0,0.0,0.0,0.0,0.0784509994056742,0.0,0.0,0.0,0.0,0.1317317818303148,0.0,0.0,0.0,0.0309779265329955,0.0,1.0
cooking,6,0.0,0.256225807556606,0.0,0.0,0.0,0.0,0.0,0.0,0.0,0.0,0.0,0.0,0.0,0.0,0.0,0.0,0.0,0.2397835097454869,0.0,0.0,0.0,0.0,0.0,0.0,0.0,0.1515431781591477,0.0,0.0,0.0,0.0,0.0,0.0,0.0,0.0,0.0,0.0,0.0,0.0,0.0,0.0,0.0,0.0,0.3524475045387593,0.0,0.0,0.0,0.0,0.0,0.0,0.0,0.0,1.0
cooking,7,0.0,0.0,0.0837386072985338,0.0,0.0,0.0,0.0,0.0,0.0,0.0,0.0,0.0,0.0,0.0,0.0,0.0,0.0,0.0,0.1254007709211426,0.0,0.0,0.0,0.0,0.0,0.0,0.0,0.0,0.0,0.0,0.0,0.0,0.0,0.0,0.0,0.0,0.0,0.107334558161317,0.0,0.0,0.0,0.0,0.0,0.0,0.6835260636190065,0.0,0.0,0.0,0.0,0.0,0.0,0.0,1.0
cooking,8,0.0,0.0,0.0,0.2923385364456538,0.0,0.2418158384648432,0.0,0.0,0.0,0.0,0.0,0.0,0.0,0.0701417728769869,0.0,0.0,0.0,0.0,0.0,0.0,0.0,0.0,0.0,0.0,0.0,0.0,0.0483459831018187,0.0,0.0,0.0,0.0,0.0,0.0892453100386653,0.1238149792352857,0.0,0.0,0.0,0.0,0.0,0.0,0.0,0.0,0.0,0.0,0.1081483603035944,0.0,0.0,0.0,0.0,0.0,0.0261492195331519,1.0
cooking,9,0.0137527251785934,0.0,0.0,0.0,0.720708614992253,0.0,0.0,0.0,0.0,0.0,0.0,0.0250510756742674,0.0,0.0,0.0,0.0,0.0,0.0,0.0,0.0,0.0,0.0,0.0,0.0,0.0,0.0,0.0,0.0,0.0,0.0,0.0,0.0,0.0,0.0,0.0,0.0,0.0,0.0873839656661776,0.0,0.0,0.0,0.0,0.0,0.0,0.0,0.0,0.0,0.1531036184887085,0.0,0.0,0.0,1.0
drying,1,0.0,0.0,0.0,0.0,0.0,0.0,0.233579940136669,0.0,0.0,0.0,0.0,0.0,0.0,0.0,0.0,0.0,0.0,0.0,0.0,0.4451911673349523,0.0,0.1050432032529508,0.0,0.0,0.0,0.0,0.0,0.0,0.0,0.0,0.097419099791043,0.0,0.0,0.0,0.0,0.0,0.0,0.0,0.0,0.070537075732761,0.0,0.0,0.0,0.0,0.0,0.0,0.0482295137516236,0.0,0.0,0.0,0.0,1.0
drying,2,0.0,0.0,0.0,0.0,0.0,0.0,0.0,0.0,0.0,0.0,0.0,0.0,0.0,0.0,0.0,0.0,0.0,0.0,0.0,0.0,0.0,0.0,0.0,0.0,0.0,0.0,0.0,0.0,0.0,0.0,0.0,0.2229152387480009,0.0,0.0,0.4007082476582134,0.0,0.0,0.0,0.3763765135937857,0.0,0.0,0.0,0.0,0.0,0.0,0.0,0.0,0.0,0.0,0.0,0.0,1.0
drying,3,0.0,0.0,0.0,0.0,0.0,0.0,0.0,0.0,0.0,0.0,0.0,0.0,0.0,0.0,0.2514291314147584,0.1438767843726521,0.0,0.0,0.0,0.0,0.0,0.0,0.2165583248946526,0.0,0.0,0.0,0.0,0.0,0.0,0.0,0.0,0.0,0.0,0.0,0.0,0.2586156208146866,0.0,0.0,0.0,0.0,0.0,0.0,0.0,0.0,0.0,0.0,0.0,0.0,0.1295201385032502,0.0,0.0,1.0
drying,4,0.0,0.0,0.0,0.0,0.0,0.0,0.0,0.0,0.0,0.0,0.0,0.0,0.1527224895288864,0.0,0.0,0.0,0.139499463463602,0.0,0.0,0.0,0.0,0.0,0.0,0.2595105403440755,0.2851258264391291,0.0,0.0,0.0,0.0354460175153172,0.0871265879746616,0.0,0.0,0.0,0.0,0.0,0.0,0.0,0.0,0.0,0.0,0.0,0.0405690747343279,0.0,0.0,0.0,0.0,0.0,0.0,0.0,0.0,0.0,1.0
drying,5,0.0,0.0,0.0,0.0,0.0,0.0,0.0,0.0086317897849206,0.0153679240784014,0.3186728027087606,0.1563498497782441,0.0,0.0,0.0,0.0,0.0,0.0,0.0,0.0,0.0,0.0918975630692927,0.0,0.0,0.0,0.0,0.0,0.0,0.1640397729982355,0.0,0.0,0.0,0.0,0.0,0.0,0.0,0.0,0.0,0.0,0.0,0.0,0.080857456244933,0.0,0.0,0.0,0.0,0.1326481949544566,0.0,0.0,0.0,0.0315346463827555,0.0,1.0000000000000002
drying,6,0.0,0.2581907465664083,0.0,0.0,0.0,0.0,0.0,0.0,0.0,0.0,0.0,0.0,0.0,0.0,0.0,0.0,0.0,0.2379728381800046,0.0,0.0,0.0,0.0,0.0,0.0,0.0,0.1482774495511394,0.0,0.0,0.0,0.0,0.0,0.0,0.0,0.0,0.0,0.0,0.0,0.0,0.0,0.0,0.0,0.0,0.3555589657024476,0.0,0.0,0.0,0.0,0.0,0.0,0.0,0.0,1.0
drying,7,0.0,0.0,0.0858461409956565,0.0,0.0,0.0,0.0,0.0,0.0,0.0,0.0,0.0,0.0,0.0,0.0,0.0,0.0,0.0,0.1218676912796525,0.0,0.0,0.0,0.0,0.0,0.0,0.0,0.0,0.0,0.0,0.0,0.0,0.0,0.0,0.0,0.0,0.0,0.1119487136652188,0.0,0.0,0.0,0.0,0.0,0.0,0.6803374540594721,0.0,0.0,0.0,0.0,0.0,0.0,0.0,1.0
drying,8,0.0,0.0,0.0,0.29308062380937,0.0,0.2384811597946466,0.0,0.0,0.0,0.0,0.0,0.0,0.0,0.073132930806238,0.0,0.0,0.0,0.0,0.0,0.0,0.0,0.0,0.0,0.0,0.0,0.0,0.0494333408672629,0.0,0.0,0.0,0.0,0.0,0.0882761292822317,0.1210810112686061,0.0,0.0,0.0,0.0,0.0,0.0,0.0,0.0,0.0,0.0,0.1097801168835362,0.0,0.0,0.0,0.0,0.0,0.0267346872881082,1.0
drying,9,0.0151539405581345,0.0,0.0,0.0,0.7028440318019316,0.0,0.0,0.0,0.0,0.0,0.0,0.0250075591839638,0.0,0.0,0.0,0.0,0.0,0.0,0.0,0.0,0.0,0.0,0.0,0.0,0.0,0.0,0.0,0.0,0.0,0.0,0.0,0.0,0.0,0.0,0.0,0.0,0.0,0.0914928054354979,0.0,0.0,0.0,0.0,0.0,0.0,0.0,0.0,0.0,0.165501663020472,0.0,0.0,0.0,1.0
clothes washing,1,0.0,0.0,0.0,0.0,0.0,0.0,0.237457459655286,0.0,0.0,0.0,0.0,0.0,0.0,0.0,0.0,0.0,0.0,0.0,0.0,0.440663080469865,0.0,0.1066527610055988,0.0,0.0,0.0,0.0,0.0,0.0,0.0,0.0,0.0969919859479635,0.0,0.0,0.0,0.0,0.0,0.0,0.0,0.0,0.0708639806784499,0.0,0.0,0.0,0.0,0.0,0.0,0.0473707322428367,0.0,0.0,0.0,0.0,1.0
clothes washing,2,0.0,0.0,0.0,0.0,0.0,0.0,0.0,0.0,0.0,0.0,0.0,0.0,0.0,0.0,0.0,0.0,0.0,0.0,0.0,0.0,0.0,0.0,0.0,0.0,0.0,0.0,0.0,0.0,0.0,0.0,0.0,0.2202446188242514,0.0,0.0,0.4097146113717066,0.0,0.0,0.0,0.3700407698040419,0.0,0.0,0.0,0.0,0.0,0.0,0.0,0.0,0.0,0.0,0.0,0.0,1.0
clothes washing,3,0.0,0.0,0.0,0.0,0.0,0.0,0.0,0.0,0.0,0.0,0.0,0.0,0.0,0.0,0.2502726806108045,0.1429648402412421,0.0,0.0,0.0,0.0,0.0,0.0,0.2185294495059669,0.0,0.0,0.0,0.0,0.0,0.0,0.0,0.0,0.0,0.0,0.0,0.0,0.2602977030668548,0.0,0.0,0.0,0.0,0.0,0.0,0.0,0.0,0.0,0.0,0.0,0.0,0.1279353265751315,0.0,0.0,1.0
clothes washing,4,0.0,0.0,0.0,0.0,0.0,0.0,0.0,0.0,0.0,0.0,0.0,0.0,0.153445320534796,0.0,0.0,0.0,0.1390812478573877,0.0,0.0,0.0,0.0,0.0,0.0,0.2570791909496057,0.2873500171408981,0.0,0.0,0.0,0.0354130956462118,0.0869386355845046,0.0,0.0,0.0,0.0,0.0,0.0,0.0,0.0,0.0,0.0,0.0,0.0406924922865958,0.0,0.0,0.0,0.0,0.0,0.0,0.0,0.0,0.0,1.0
clothes washing,5,0.0,0.0,0.0,0.0,0.0,0.0,0.0,0.0085482095599428,0.0153516475795686,0.3174898709571653,0.1560692287875594,0.0,0.0,0.0,0.0,0.0,0.0,0.0,0.0,0.0,0.0919459472118785,0.0,0.0,0.0,0.0,0.0,0.0,0.1652380617813063,0.0,0.0,0.0,0.0,0.0,0.0,0.0,0.0,0.0,0.0,0.0,0.0,0.0801423920934916,0.0,0.0,0.0,0.0,0.1332115506217944,0.0,0.0,0.0,0.0320030914072929,0.0,1.0
clothes washing,6,0.0,0.2574361674124769,0.0,0.0,0.0,0.0,0.0,0.0,0.0,0.0,0.0,0.0,0.0,0.0,0.0,0.0,0.0,0.2373556951077351,0.0,0.0,0.0,0.0,0.0,0.0,0.0,0.1503779190012409,0.0,0.0,0.0,0.0,0.0,0.0,0.0,0.0,0.0,0.0,0.0,0.0,0.0,0.0,0.0,0.0,0.3548302184785469,0.0,0.0,0.0,0.0,0.0,0.0,0.0,0.0,1.0
clothes washing,7,0.0,0.0,0.0855959222630627,0.0,0.0,0.0,0.0,0.0,0.0,0.0,0.0,0.0,0.0,0.0,0.0,0.0,0.0,0.0,0.1225554901204232,0.0,0.0,0.0,0.0,0.0,0.0,0.0,0.0,0.0,0.0,0.0,0.0,0.0,0.0,0.0,0.0,0.0,0.1110817781207481,0.0,0.0,0.0,0.0,0.0,0.0,0.6807668094957658,0.0,0.0,0.0,0.0,0.0,0.0,0.0,1.0
clothes washing,8,0.0,0.0,0.0,0.2922791767863991,0.0,0.2388469896459158,0.0,0.0,0.0,0.0,0.0,0.0,0.0,0.0730538156717371,0.0,0.0,0.0,0.0,0.0,0.0,0.0,0.0,0.0,0.0,0.0,0.0,0.0490860283778601,0.0,0.0,0.0,0.0,0.0,0.0894158251310239,0.1213728748561932,0.0,0.0,0.0,0.0,0.0,0.0,0.0,0.0,0.0,0.0,0.1093889812092547,0.0,0.0,0.0,0.0,0.0,0.0265563083216157,1.0
clothes washing,9,0.015138581607233,0.0,0.0,0.0,0.7025765203909202,0.0,0.0,0.0,0.0,0.0,0.0,0.0267233419856105,0.0,0.0,0.0,0.0,0.0,0.0,0.0,0.0,0.0,0.0,0.0,0.0,0.0,0.0,0.0,0.0,0.0,0.0,0.0,0.0,0.0,0.0,0.0,0.0,0.0,0.0920509381042802,0.0,0.0,0.0,0.0,0.0,0.0,0.0,0.0,0.0,0.1635106179119557,0.0,0.0,0.0,0.9999999999999998
dishwasher,1,0.0,0.0,0.0,0.0,0.0,0.0,0.2395292055343391,0.0,0.0,0.0,0.0,0.0,0.0,0.0,0.0,0.0,0.0,0.0,0.0,0.4581481249608715,0.0,0.0962874851311588,0.0,0.0,0.0,0.0,0.0,0.0,0.0,0.0,0.0938458648970137,0.0,0.0,0.0,0.0,0.0,0.0,0.0,0.0,0.0680523383209165,0.0,0.0,0.0,0.0,0.0,0.0,0.0441369811557002,0.0,0.0,0.0,0.0,1.0
dishwasher,2,0.0,0.0,0.0,0.0,0.0,0.0,0.0,0.0,0.0,0.0,0.0,0.0,0.0,0.0,0.0,0.0,0.0,0.0,0.0,0.0,0.0,0.0,0.0,0.0,0.0,0.0,0.0,0.0,0.0,0.0,0.0,0.2288463973660884,0.0,0.0,0.4333544383943269,0.0,0.0,0.0,0.3377991642395847,0.0,0.0,0.0,0.0,0.0,0.0,0.0,0.0,0.0,0.0,0.0,0.0,1.0
dishwasher,3,0.0,0.0,0.0,0.0,0.0,0.0,0.0,0.0,0.0,0.0,0.0,0.0,0.0,0.0,0.2649844798237709,0.1398217682987884,0.0,0.0,0.0,0.0,0.0,0.0,0.2110343446480424,0.0,0.0,0.0,0.0,0.0,0.0,0.0,0.0,0.0,0.0,0.0,0.0,0.2547712025633323,0.0,0.0,0.0,0.0,0.0,0.0,0.0,0.0,0.0,0.0,0.0,0.0,0.1293882046660658,0.0,0.0,1.0
dishwasher,4,0.0,0.0,0.0,0.0,0.0,0.0,0.0,0.0,0.0,0.0,0.0,0.0,0.1455856002606287,0.0,0.0,0.0,0.1314953575500896,0.0,0.0,0.0,0.0,0.0,0.0,0.2708095781071836,0.2867730900798175,0.0,0.0,0.0,0.0365694738556768,0.0883694412770809,0.0,0.0,0.0,0.0,0.0,0.0,0.0,0.0,0.0,0.0,0.0,0.0403974588695227,0.0,0.0,0.0,0.0,0.0,0.0,0.0,0.0,0.0,1.0
dishwasher,5,0.0,0.0,0.0,0.0,0.0,0.0,0.0,0.0112977058604354,0.0149704582956299,0.320793633895779,0.1564512694948634,0.0,0.0,0.0,0.0,0.0,0.0,0.0,0.0,0.0,0.0970751051258849,0.0,0.0,0.0,0.0,0.0,0.0,0.1602837068185447,0.0,0.0,0.0,0.0,0.0,0.0,0.0,0.0,0.0,0.0,0.0,0.0,0.0764225262149358,0.0,0.0,0.0,0.0,0.1356789269175493,0.0,0.0,0.0,0.0270266673763772,0.0,1.0
dishwasher,6,0.0,0.2555451127819549,0.0,0.0,0.0,0.0,0.0,0.0,0.0,0.0,0.0,0.0,0.0,0.0,0.0,0.0,0.0,0.2388157894736842,0.0,0.0,0.0,0.0,0.0,0.0,0.0,0.1484022556390977,0.0,0.0,0.0,0.0,0.0,0.0,0.0,0.0,0.0,0.0,0.0,0.0,0.0,0.0,0.0,0.0,0.3572368421052631,0.0,0.0,0.0,0.0,0.0,0.0,0.0,0.0,1.0
dishwasher,7,0.0,0.0,0.0796877618944999,0.0,0.0,0.0,0.0,0.0,0.0,0.0,0.0,0.0,0.0,0.0,0.0,0.0,0.0,0.0,0.1181189090822019,0.0,0.0,0.0,0.0,0.0,0.0,0.0,0.0,0.0,0.0,0.0,0.0,0.0,0.0,0.0,0.0,0.0,0.102099944927328,0.0,0.0,0.0,0.0,0.0,0.0,0.7000933840959702,0.0,0.0,0.0,0.0,0.0,0.0,0.0,1.0000000000000002
dishwasher,8,0.0,0.0,0.0,0.2903496503496503,0.0,0.2458391608391608,0.0,0.0,0.0,0.0,0.0,0.0,0.0,0.0716083916083916,0.0,0.0,0.0,0.0,0.0,0.0,0.0,0.0,0.0,0.0,0.0,0.0,0.0467832167832167,0.0,0.0,0.0,0.0,0.0,0.0789510489510489,0.1275174825174825,0.0,0.0,0.0,0.0,0.0,0.0,0.0,0.0,0.0,0.0,0.1131118881118881,0.0,0.0,0.0,0.0,0.0,0.0258391608391608,1.0
dishwasher,9,0.0141067848669327,0.0,0.0,0.0,0.711427047506943,0.0,0.0,0.0,0.0,0.0,0.0,0.0183001967960861,0.0,0.0,0.0,0.0,0.0,0.0,0.0,0.0,0.0,0.0,0.0,0.0,0.0,0.0,0.0,0.0,0.0,0.0,0.0,0.0,0.0,0.0,0.0,0.0,0.0,0.0912251016166706,0.0,0.0,0.0,0.0,0.0,0.0,0.0,0.0,0.0,0.1649408692133674,0.0,0.0,0.0,1.0
lighting,1,0.0,0.0,0.0,0.0,0.0,0.0,0.2393867415245087,0.0,0.0,0.0,0.0,0.0,0.0,0.0,0.0,0.0,0.0,0.0,0.0,0.4544158928957029,0.0,0.097214424530339,0.0,0.0,0.0,0.0,0.0,0.0,0.0,0.0,0.0921615201900237,0.0,0.0,0.0,0.0,0.0,0.0,0.0,0.0,0.0719499028287627,0.0,0.0,0.0,0.0,0.0,0.0,0.0448715180306629,0.0,0.0,0.0,0.0,1.0
lighting,2,0.0,0.0,0.0,0.0,0.0,0.0,0.0,0.0,0.0,0.0,0.0,0.0,0.0,0.0,0.0,0.0,0.0,0.0,0.0,0.0,0.0,0.0,0.0,0.0,0.0,0.0,0.0,0.0,0.0,0.0,0.0,0.2083254194365305,0.0,0.0,0.4693415637860083,0.0,0.0,0.0,0.3223330167774612,0.0,0.0,0.0,0.0,0.0,0.0,0.0,0.0,0.0,0.0,0.0,0.0,1.0
lighting,3,0.0,0.0,0.0,0.0,0.0,0.0,0.0,0.0,0.0,0.0,0.0,0.0,0.0,0.0,0.2644492765294892,0.1387882204504577,0.0,0.0,0.0,0.0,0.0,0.0,0.214289549273845,0.0,0.0,0.0,0.0,0.0,0.0,0.0,0.0,0.0,0.0,0.0,0.0,0.2547716839816381,0.0,0.0,0.0,0.0,0.0,0.0,0.0,0.0,0.0,0.0,0.0,0.0,0.12770126976457,0.0,0.0,1.0
lighting,4,0.0,0.0,0.0,0.0,0.0,0.0,0.0,0.0,0.0,0.0,0.0,0.0,0.1502403132973357,0.0,0.0,0.0,0.1348721295911707,0.0,0.0,0.0,0.0,0.0,0.0,0.2601910639055361,0.28834628849463,0.0,0.0,0.0,0.0363733459918115,0.0898949741885717,0.0,0.0,0.0,0.0,0.0,0.0,0.0,0.0,0.0,0.0,0.0,0.040081884530944,0.0,0.0,0.0,0.0,0.0,0.0,0.0,0.0,0.0,1.0
lighting,5,0.0,0.0,0.0,0.0,0.0,0.0,0.0,0.0117992258708952,0.0150143588462979,0.3199733632996213,0.1556478128771798,0.0,0.0,0.0,0.0,0.0,0.0,0.0,0.0,0.0,0.0931660215590793,0.0,0.0,0.0,0.0,0.0,0.0,0.1628896657926499,0.0,0.0,0.0,0.0,0.0,0.0,0.0,0.0,0.0,0.0,0.0,0.0,0.0786406958837973,0.0,0.0,0.0,0.0,0.1318828817580222,0.0,0.0,0.0,0.0309859741124568,0.0,1.0
lighting,6,0.0,0.2567166217184993,0.0,0.0,0.0,0.0,0.0,0.0,0.0,0.0,0.0,0.0,0.0,0.0,0.0,0.0,0.0,0.2392039053698836,0.0,0.0,0.0,0.0,0.0,0.0,0.0,0.1514696343836411,0.0,0.0,0.0,0.0,0.0,0.0,0.0,0.0,0.0,0.0,0.0,0.0,0.0,0.0,0.0,0.0,0.352609838527976,0.0,0.0,0.0,0.0,0.0,0.0,0.0,0.0,1.0
lighting,7,0.0,0.0,0.0837386072985338,0.0,0.0,0.0,0.0,0.0,0.0,0.0,0.0,0.0,0.0,0.0,0.0,0.0,0.0,0.0,0.1254007709211426,0.0,0.0,0.0,0.0,0.0,0.0,0.0,0.0,0.0,0.0,0.0,0.0,0.0,0.0,0.0,0.0,0.0,0.107334558161317,0.0,0.0,0.0,0.0,0.0,0.0,0.6835260636190065,0.0,0.0,0.0,0.0,0.0,0.0,0.0,1.0
lighting,8,0.0,0.0,0.0,0.2927471520980022,0.0,0.2416566489209456,0.0,0.0,0.0,0.0,0.0,0.0,0.0,0.0700955979163088,0.0,0.0,0.0,0.0,0.0,0.0,0.0,0.0,0.0,0.0,0.0,0.0,0.0483141565058102,0.0,0.0,0.0,0.0,0.0,0.0891865590474554,0.1237907149808231,0.0,0.0,0.0,0.0,0.0,0.0,0.0,0.0,0.0,0.0,0.1080771652641822,0.0,0.0,0.0,0.0,0.0,0.026132005266472,1.0
lighting,9,0.0137521594866591,0.0,0.0,0.0,0.7206789700276963,0.0,0.0,0.0,0.0,0.0,0.0,0.0250911783256094,0.0,0.0,0.0,0.0,0.0,0.0,0.0,0.0,0.0,0.0,0.0,0.0,0.0,0.0,0.0,0.0,0.0,0.0,0.0,0.0,0.0,0.0,0.0,0.0,0.0,0.0873803712945951,0.0,0.0,0.0,0.0,0.0,0.0,0.0,0.0,0.0,0.1530973208654399,0.0,0.0,0.0,1.0
refrigeration,1,0.0,0.0,0.0,0.0,0.0,0.0,0.2306492716138602,0.0,0.0,0.0,0.0,0.0,0.0,0.0,0.0,0.0,0.0,0.0,0.0,0.4384770453767449,0.0,0.1123198052565516,0.0,0.0,0.0,0.0,0.0,0.0,0.0,0.0,0.0963827925906203,0.0,0.0,0.0,0.0,0.0,0.0,0.0,0.0,0.0714312882735536,0.0,0.0,0.0,0.0,0.0,0.0,0.0507397968886691,0.0,0.0,0.0,0.0,1.0
refrigeration,2,0.0,0.0,0.0,0.0,0.0,0.0,0.0,0.0,0.0,0.0,0.0,0.0,0.0,0.0,0.0,0.0,0.0,0.0,0.0,0.0,0.0,0.0,0.0,0.0,0.0,0.0,0.0,0.0,0.0,0.0,0.0,0.2068047547868175,0.0,0.0,0.4701829311694782,0.0,0.0,0.0,0.3230123140437042,0.0,0.0,0.0,0.0,0.0,0.0,0.0,0.0,0.0,0.0,0.0,0.0,1.0
refrigeration,3,0.0,0.0,0.0,0.0,0.0,0.0,0.0,0.0,0.0,0.0,0.0,0.0,0.0,0.0,0.2586788525492259,0.1385027633562217,0.0,0.0,0.0,0.0,0.0,0.0,0.2221092422901164,0.0,0.0,0.0,0.0,0.0,0.0,0.0,0.0,0.0,0.0,0.0,0.0,0.2513099026245902,0.0,0.0,0.0,0.0,0.0,0.0,0.0,0.0,0.0,0.0,0.0,0.0,0.1293992391798454,0.0,0.0,1.0
refrigeration,4,0.0,0.0,0.0,0.0,0.0,0.0,0.0,0.0,0.0,0.0,0.0,0.0,0.146786327042365,0.0,0.0,0.0,0.1348290880295631,0.0,0.0,0.0,0.0,0.0,0.0,0.2572522106374554,0.2949980203246667,0.0,0.0,0.0,0.0378249967005411,0.0878183977827636,0.0,0.0,0.0,0.0,0.0,0.0,0.0,0.0,0.0,0.0,0.0,0.0404909594826448,0.0,0.0,0.0,0.0,0.0,0.0,0.0,0.0,0.0,1.0
refrigeration,5,0.0,0.0,0.0,0.0,0.0,0.0,0.0,0.0111471822649495,0.0152903827528069,0.3334379596082792,0.1513972091688488,0.0,0.0,0.0,0.0,0.0,0.0,0.0,0.0,0.0,0.0885855723356171,0.0,0.0,0.0,0.0,0.0,0.0,0.162194640743265,0.0,0.0,0.0,0.0,0.0,0.0,0.0,0.0,0.0,0.0,0.0,0.0,0.0799045808372493,0.0,0.0,0.0,0.0,0.1258474728270617,0.0,0.0,0.0,0.032194999461922,0.0,1.0
refrigeration,6,0.0,0.2654197349042709,0.0,0.0,0.0,0.0,0.0,0.0,0.0,0.0,0.0,0.0,0.0,0.0,0.0,0.0,0.0,0.2339911634756995,0.0,0.0,0.0,0.0,0.0,0.0,0.0,0.1555228276877761,0.0,0.0,0.0,0.0,0.0,0.0,0.0,0.0,0.0,0.0,0.0,0.0,0.0,0.0,0.0,0.0,0.3450662739322533,0.0,0.0,0.0,0.0,0.0,0.0,0.0,0.0,1.0
refrigeration,7,0.0,0.0,0.0865072288389274,0.0,0.0,0.0,0.0,0.0,0.0,0.0,0.0,0.0,0.0,0.0,0.0,0.0,0.0,0.0,0.1298006496401503,0.0,0.0,0.0,0.0,0.0,0.0,0.0,0.0,0.0,0.0,0.0,0.0,0.0,0.0,0.0,0.0,0.0,0.1098337685497739,0.0,0.0,0.0,0.0,0.0,0.0,0.6738583529711483,0.0,0.0,0.0,0.0,0.0,0.0,0.0,1.0
refrigeration,8,0.0,0.0,0.0,0.2976187489022156,0.0,0.2336085112789501,0.0,0.0,0.0,0.0,0.0,0.0,0.0,0.0702331066670012,0.0,0.0,0.0,0.0,0.0,0.0,0.0,0.0,0.0,0.0,0.0,0.0,0.0503098888414924,0.0,0.0,0.0,0.0,0.0,0.0932175745866057,0.1227762025443504,0.0,0.0,0.0,0.0,0.0,0.0,0.0,0.0,0.0,0.0,0.1047850851880661,0.0,0.0,0.0,0.0,0.0,0.027450881991318,1.0
refrigeration,9,0.0158585282373074,0.0,0.0,0.0,0.7160803701590923,0.0,0.0,0.0,0.0,0.0,0.0,0.0273309247638968,0.0,0.0,0.0,0.0,0.0,0.0,0.0,0.0,0.0,0.0,0.0,0.0,0.0,0.0,0.0,0.0,0.0,0.0,0.0,0.0,0.0,0.0,0.0,0.0,0.0,0.0878367243455663,0.0,0.0,0.0,0.0,0.0,0.0,0.0,0.0,0.0,0.152893452494137,0.0,0.0,0.0,1.0
ceiling fan,1,0.0,0.0,0.0,0.0,0.0,0.0,0.2396260554885404,0.0,0.0,0.0,0.0,0.0,0.0,0.0,0.0,0.0,0.0,0.0,0.0,0.4577804583835946,0.0,0.0982509047044632,0.0,0.0,0.0,0.0,0.0,0.0,0.0,0.0,0.0911942098914354,0.0,0.0,0.0,0.0,0.0,0.0,0.0,0.0,0.0705669481302774,0.0,0.0,0.0,0.0,0.0,0.0,0.0425814234016887,0.0,0.0,0.0,0.0,1.0
ceiling fan,2,0.0,0.0,0.0,0.0,0.0,0.0,0.0,0.0,0.0,0.0,0.0,0.0,0.0,0.0,0.0,0.0,0.0,0.0,0.0,0.0,0.0,0.0,0.0,0.0,0.0,0.0,0.0,0.0,0.0,0.0,0.0,0.2079097037703946,0.0,0.0,0.4695974878675421,0.0,0.0,0.0,0.3224928083620633,0.0,0.0,0.0,0.0,0.0,0.0,0.0,0.0,0.0,0.0,0.0,0.0,1.0
ceiling fan,3,0.0,0.0,0.0,0.0,0.0,0.0,0.0,0.0,0.0,0.0,0.0,0.0,0.0,0.0,0.2650440495744363,0.1373189487830372,0.0,0.0,0.0,0.0,0.0,0.0,0.2150403165596535,0.0,0.0,0.0,0.0,0.0,0.0,0.0,0.0,0.0,0.0,0.0,0.0,0.2550955651784381,0.0,0.0,0.0,0.0,0.0,0.0,0.0,0.0,0.0,0.0,0.0,0.0,0.1275011199044348,0.0,0.0,1.0
ceiling fan,4,0.0,0.0,0.0,0.0,0.0,0.0,0.0,0.0,0.0,0.0,0.0,0.0,0.150419891322246,0.0,0.0,0.0,0.1368763378890169,0.0,0.0,0.0,0.0,0.0,0.0,0.2586036555244524,0.2879960480816729,0.0,0.0,0.0,0.0367610736044788,0.0894944837806685,0.0,0.0,0.0,0.0,0.0,0.0,0.0,0.0,0.0,0.0,0.0,0.0398485097974641,0.0,0.0,0.0,0.0,0.0,0.0,0.0,0.0,0.0,1.0
ceiling fan,5,0.0,0.0,0.0,0.0,0.0,0.0,0.0,0.0116984464810551,0.0149705367096671,0.3207227555053641,0.1555690686125468,0.0,0.0,0.0,0.0,0.0,0.0,0.0,0.0,0.0,0.0946734424995294,0.0,0.0,0.0,0.0,0.0,0.0,0.1616065094325963,0.0,0.0,0.0,0.0,0.0,0.0,0.0,0.0,0.0,0.0,0.0,0.0,0.0779799910234692,0.0,0.0,0.0,0.0,0.1318246970420883,0.0,0.0,0.0,0.0309545526936831,0.0,1.0
ceiling fan,6,0.0,0.2555034796193722,0.0,0.0,0.0,0.0,0.0,0.0,0.0,0.0,0.0,0.0,0.0,0.0,0.0,0.0,0.0,0.2383657624390475,0.0,0.0,0.0,0.0,0.0,0.0,0.0,0.1520143918950906,0.0,0.0,0.0,0.0,0.0,0.0,0.0,0.0,0.0,0.0,0.0,0.0,0.0,0.0,0.0,0.0,0.3541163660464896,0.0,0.0,0.0,0.0,0.0,0.0,0.0,0.0,1.0
ceiling fan,7,0.0,0.0,0.0845193290296851,0.0,0.0,0.0,0.0,0.0,0.0,0.0,0.0,0.0,0.0,0.0,0.0,0.0,0.0,0.0,0.1255203010892051,0.0,0.0,0.0,0.0,0.0,0.0,0.0,0.0,0.0,0.0,0.0,0.0,0.0,0.0,0.0,0.0,0.0,0.1068517733855088,0.0,0.0,0.0,0.0,0.0,0.0,0.6831085964956007,0.0,0.0,0.0,0.0,0.0,0.0,0.0,0.9999999999999998
ceiling fan,8,0.0,0.0,0.0,0.295151174010936,0.0,0.2428433579929237,0.0,0.0,0.0,0.0,0.0,0.0,0.0,0.0662190414924413,0.0,0.0,0.0,0.0,0.0,0.0,0.0,0.0,0.0,0.0,0.0,0.0,0.0466387906079125,0.0,0.0,0.0,0.0,0.0,0.0894580250884528,0.1269700868446446,0.0,0.0,0.0,0.0,0.0,0.0,0.0,0.0,0.0,0.0,0.1061032486330009,0.0,0.0,0.0,0.0,0.0,0.026616275329688,1.0
ceiling fan,9,0.0002574002574002,0.0,0.0,0.0,0.7307593307593309,0.0,0.0,0.0,0.0,0.0,0.0,0.026017226017226,0.0,0.0,0.0,0.0,0.0,0.0,0.0,0.0,0.0,0.0,0.0,0.0,0.0,0.0,0.0,0.0,0.0,0.0,0.0,0.0,0.0,0.0,0.0,0.0,0.0,0.0864864864864864,0.0,0.0,0.0,0.0,0.0,0.0,0.0,0.0,0.0,0.1564795564795564,0.0,0.0,0.0,1.0
misc,1,0.0,0.0,0.0,0.0,0.0,0.0,0.2393867415245087,0.0,0.0,0.0,0.0,0.0,0.0,0.0,0.0,0.0,0.0,0.0,0.0,0.4544158928957029,0.0,0.097214424530339,0.0,0.0,0.0,0.0,0.0,0.0,0.0,0.0,0.0921615201900237,0.0,0.0,0.0,0.0,0.0,0.0,0.0,0.0,0.0719499028287627,0.0,0.0,0.0,0.0,0.0,0.0,0.0448715180306629,0.0,0.0,0.0,0.0,1.0
misc,2,0.0,0.0,0.0,0.0,0.0,0.0,0.0,0.0,0.0,0.0,0.0,0.0,0.0,0.0,0.0,0.0,0.0,0.0,0.0,0.0,0.0,0.0,0.0,0.0,0.0,0.0,0.0,0.0,0.0,0.0,0.0,0.2083254194365305,0.0,0.0,0.4693415637860083,0.0,0.0,0.0,0.3223330167774612,0.0,0.0,0.0,0.0,0.0,0.0,0.0,0.0,0.0,0.0,0.0,0.0,1.0
misc,3,0.0,0.0,0.0,0.0,0.0,0.0,0.0,0.0,0.0,0.0,0.0,0.0,0.0,0.0,0.2644492765294892,0.1387882204504577,0.0,0.0,0.0,0.0,0.0,0.0,0.214289549273845,0.0,0.0,0.0,0.0,0.0,0.0,0.0,0.0,0.0,0.0,0.0,0.0,0.2547716839816381,0.0,0.0,0.0,0.0,0.0,0.0,0.0,0.0,0.0,0.0,0.0,0.0,0.12770126976457,0.0,0.0,1.0
misc,4,0.0,0.0,0.0,0.0,0.0,0.0,0.0,0.0,0.0,0.0,0.0,0.0,0.1502403132973357,0.0,0.0,0.0,0.1348721295911707,0.0,0.0,0.0,0.0,0.0,0.0,0.2601910639055361,0.28834628849463,0.0,0.0,0.0,0.0363733459918115,0.0898949741885717,0.0,0.0,0.0,0.0,0.0,0.0,0.0,0.0,0.0,0.0,0.0,0.040081884530944,0.0,0.0,0.0,0.0,0.0,0.0,0.0,0.0,0.0,1.0
misc,5,0.0,0.0,0.0,0.0,0.0,0.0,0.0,0.0117992258708952,0.0150143588462979,0.3199733632996213,0.1556478128771798,0.0,0.0,0.0,0.0,0.0,0.0,0.0,0.0,0.0,0.0931660215590793,0.0,0.0,0.0,0.0,0.0,0.0,0.1628896657926499,0.0,0.0,0.0,0.0,0.0,0.0,0.0,0.0,0.0,0.0,0.0,0.0,0.0786406958837973,0.0,0.0,0.0,0.0,0.1318828817580222,0.0,0.0,0.0,0.0309859741124568,0.0,1.0
misc,6,0.0,0.2567166217184993,0.0,0.0,0.0,0.0,0.0,0.0,0.0,0.0,0.0,0.0,0.0,0.0,0.0,0.0,0.0,0.2392039053698836,0.0,0.0,0.0,0.0,0.0,0.0,0.0,0.1514696343836411,0.0,0.0,0.0,0.0,0.0,0.0,0.0,0.0,0.0,0.0,0.0,0.0,0.0,0.0,0.0,0.0,0.352609838527976,0.0,0.0,0.0,0.0,0.0,0.0,0.0,0.0,1.0
misc,7,0.0,0.0,0.0837386072985338,0.0,0.0,0.0,0.0,0.0,0.0,0.0,0.0,0.0,0.0,0.0,0.0,0.0,0.0,0.0,0.1254007709211426,0.0,0.0,0.0,0.0,0.0,0.0,0.0,0.0,0.0,0.0,0.0,0.0,0.0,0.0,0.0,0.0,0.0,0.107334558161317,0.0,0.0,0.0,0.0,0.0,0.0,0.6835260636190065,0.0,0.0,0.0,0.0,0.0,0.0,0.0,1.0
misc,8,0.0,0.0,0.0,0.2927471520980022,0.0,0.2416566489209456,0.0,0.0,0.0,0.0,0.0,0.0,0.0,0.0700955979163088,0.0,0.0,0.0,0.0,0.0,0.0,0.0,0.0,0.0,0.0,0.0,0.0,0.0483141565058102,0.0,0.0,0.0,0.0,0.0,0.0891865590474554,0.1237907149808231,0.0,0.0,0.0,0.0,0.0,0.0,0.0,0.0,0.0,0.0,0.1080771652641822,0.0,0.0,0.0,0.0,0.0,0.026132005266472,1.0
misc,9,0.0137521594866591,0.0,0.0,0.0,0.7206789700276963,0.0,0.0,0.0,0.0,0.0,0.0,0.0250911783256094,0.0,0.0,0.0,0.0,0.0,0.0,0.0,0.0,0.0,0.0,0.0,0.0,0.0,0.0,0.0,0.0,0.0,0.0,0.0,0.0,0.0,0.0,0.0,0.0,0.0,0.0873803712945951,0.0,0.0,0.0,0.0,0.0,0.0,0.0,0.0,0.0,0.1530973208654399,0.0,0.0,0.0,1.0
pool heaters,1,0.0,0.0,0.0,0.0,0.0,0.0,0.2631578947368421,0.0,0.0,0.0,0.0,0.0,0.0,0.0,0.0,0.0,0.0,0.0,0.0,0.3596491228070175,0.0,0.131578947368421,0.0,0.0,0.0,0.0,0.0,0.0,0.0,0.0,0.1491228070175438,0.0,0.0,0.0,0.0,0.0,0.0,0.0,0.0,0.043859649122807,0.0,0.0,0.0,0.0,0.0,0.0,0.0526315789473684,0.0,0.0,0.0,0.0,1.0
pool heaters,2,0.0,0.0,0.0,0.0,0.0,0.0,0.0,0.0,0.0,0.0,0.0,0.0,0.0,0.0,0.0,0.0,0.0,0.0,0.0,0.0,0.0,0.0,0.0,0.0,0.0,0.0,0.0,0.0,0.0,0.0,0.0,0.2330827067669172,0.0,0.0,0.3408521303258145,0.0,0.0,0.0,0.4260651629072681,0.0,0.0,0.0,0.0,0.0,0.0,0.0,0.0,0.0,0.0,0.0,0.0,1.0
pool heaters,3,0.0,0.0,0.0,0.0,0.0,0.0,0.0,0.0,0.0,0.0,0.0,0.0,0.0,0.0,0.2653846153846154,0.2153846153846154,0.0,0.0,0.0,0.0,0.0,0.0,0.1884615384615384,0.0,0.0,0.0,0.0,0.0,0.0,0.0,0.0,0.0,0.0,0.0,0.0,0.2,0.0,0.0,0.0,0.0,0.0,0.0,0.0,0.0,0.0,0.0,0.0,0.0,0.1307692307692307,0.0,0.0,1.0
pool heaters,4,0.0,0.0,0.0,0.0,0.0,0.0,0.0,0.0,0.0,0.0,0.0,0.0,0.1847826086956521,0.0,0.0,0.0,0.1413043478260869,0.0,0.0,0.0,0.0,0.0,0.0,0.1304347826086956,0.4565217391304347,0.0,0.0,0.0,0.0,0.0652173913043478,0.0,0.0,0.0,0.0,0.0,0.0,0.0,0.0,0.0,0.0,0.0,0.0217391304347826,0.0,0.0,0.0,0.0,0.0,0.0,0.0,0.0,0.0,1.0
pool heaters,5,0.0,0.0,0.0,0.0,0.0,0.0,0.0,0.0,0.0047138047138047,0.6020202020202021,0.1212121212121212,0.0,0.0,0.0,0.0,0.0,0.0,0.0,0.0,0.0,0.041077441077441,0.0,0.0,0.0,0.0,0.0,0.0,0.0774410774410774,0.0,0.0,0.0,0.0,0.0,0.0,0.0,0.0,0.0,0.0,0.0,0.0,0.0693602693602693,0.0,0.0,0.0,0.0,0.0632996632996633,0.0,0.0,0.0,0.0208754208754208,0.0,1.0000000000000002
pool heaters,6,0.0,0.3178807947019867,0.0,0.0,0.0,0.0,0.0,0.0,0.0,0.0,0.0,0.0,0.0,0.0,0.0,0.0,0.0,0.2152317880794702,0.0,0.0,0.0,0.0,0.0,0.0,0.0,0.1390728476821192,0.0,0.0,0.0,0.0,0.0,0.0,0.0,0.0,0.0,0.0,0.0,0.0,0.0,0.0,0.0,0.0,0.3278145695364238,0.0,0.0,0.0,0.0,0.0,0.0,0.0,0.0,1.0
pool heaters,7,0.0,0.0,0.0405117270788912,0.0,0.0,0.0,0.0,0.0,0.0,0.0,0.0,0.0,0.0,0.0,0.0,0.0,0.0,0.0,0.1279317697228145,0.0,0.0,0.0,0.0,0.0,0.0,0.0,0.0,0.0,0.0,0.0,0.0,0.0,0.0,0.0,0.0,0.0,0.0788912579957356,0.0,0.0,0.0,0.0,0.0,0.0,0.7526652452025586,0.0,0.0,0.0,0.0,0.0,0.0,0.0,1.0
pool heaters,8,0.0,0.0,0.0,0.7477477477477478,0.0,0.024024024024024,0.0,0.0,0.0,0.0,0.0,0.0,0.0,0.006006006006006,0.0,0.0,0.0,0.0,0.0,0.0,0.0,0.0,0.0,0.0,0.0,0.0,0.003003003003003,0.0,0.0,0.0,0.0,0.0,0.063063063063063,0.1231231231231231,0.0,0.0,0.0,0.0,0.0,0.0,0.0,0.0,0.0,0.0,0.03003003003003,0.0,0.0,0.0,0.0,0.0,0.003003003003003,1.0
pool heaters,9,0.0,0.0,0.0,0.0,0.7723004694835681,0.0,0.0,0.0,0.0,0.0,0.0,0.0305164319248826,0.0,0.0,0.0,0.0,0.0,0.0,0.0,0.0,0.0,0.0,0.0,0.0,0.0,0.0,0.0,0.0,0.0,0.0,0.0,0.0,0.0,0.0,0.0,0.0,0.0,0.0610328638497652,0.0,0.0,0.0,0.0,0.0,0.0,0.0,0.0,0.0,0.136150234741784,0.0,0.0,0.0,1.0
pool pumps,1,0.0,0.0,0.0,0.0,0.0,0.0,0.2468281430219146,0.0,0.0,0.0,0.0,0.0,0.0,0.0,0.0,0.0,0.0,0.0,0.0,0.3956170703575547,0.0,0.1205305651672433,0.0,0.0,0.0,0.0,0.0,0.0,0.0,0.0,0.1205305651672433,0.0,0.0,0.0,0.0,0.0,0.0,0.0,0.0,0.063437139561707,0.0,0.0,0.0,0.0,0.0,0.0,0.0530565167243367,0.0,0.0,0.0,0.0,1.0
pool pumps,2,0.0,0.0,0.0,0.0,0.0,0.0,0.0,0.0,0.0,0.0,0.0,0.0,0.0,0.0,0.0,0.0,0.0,0.0,0.0,0.0,0.0,0.0,0.0,0.0,0.0,0.0,0.0,0.0,0.0,0.0,0.0,0.2558604397601308,0.0,0.0,0.3721606396510994,0.0,0.0,0.0,0.3719789205887697,0.0,0.0,0.0,0.0,0.0,0.0,0.0,0.0,0.0,0.0,0.0,0.0,1.0
pool pumps,3,0.0,0.0,0.0,0.0,0.0,0.0,0.0,0.0,0.0,0.0,0.0,0.0,0.0,0.0,0.2501926534806062,0.1798099152324685,0.0,0.0,0.0,0.0,0.0,0.0,0.2239917801181608,0.0,0.0,0.0,0.0,0.0,0.0,0.0,0.0,0.0,0.0,0.0,0.0,0.2316979193424094,0.0,0.0,0.0,0.0,0.0,0.0,0.0,0.0,0.0,0.0,0.0,0.0,0.114307731826355,0.0,0.0,1.0
pool pumps,4,0.0,0.0,0.0,0.0,0.0,0.0,0.0,0.0,0.0,0.0,0.0,0.0,0.1710407239819004,0.0,0.0,0.0,0.1855203619909502,0.0,0.0,0.0,0.0,0.0,0.0,0.1683257918552036,0.3891402714932126,0.0,0.0,0.0,0.0108597285067873,0.0588235294117647,0.0,0.0,0.0,0.0,0.0,0.0,0.0,0.0,0.0,0.0,0.0,0.0162895927601809,0.0,0.0,0.0,0.0,0.0,0.0,0.0,0.0,0.0,1.0
pool pumps,5,0.0,0.0,0.0,0.0,0.0,0.0,0.0,0.0016363636363636,0.0112727272727272,0.5294545454545454,0.142090909090909,0.0,0.0,0.0,0.0,0.0,0.0,0.0,0.0,0.0,0.0579090909090909,0.0,0.0,0.0,0.0,0.0,0.0,0.0880909090909091,0.0,0.0,0.0,0.0,0.0,0.0,0.0,0.0,0.0,0.0,0.0,0.0,0.064090909090909,0.0,0.0,0.0,0.0,0.077,0.0,0.0,0.0,0.0284545454545454,0.0,0.9999999999999998
pool pumps,6,0.0,0.2714736012608352,0.0,0.0,0.0,0.0,0.0,0.0,0.0,0.0,0.0,0.0,0.0,0.0,0.0,0.0,0.0,0.2490149724192277,0.0,0.0,0.0,0.0,0.0,0.0,0.0,0.1489361702127659,0.0,0.0,0.0,0.0,0.0,0.0,0.0,0.0,0.0,0.0,0.0,0.0,0.0,0.0,0.0,0.0,0.330575256107171,0.0,0.0,0.0,0.0,0.0,0.0,0.0,0.0,1.0
pool pumps,7,0.0,0.0,0.0585812356979405,0.0,0.0,0.0,0.0,0.0,0.0,0.0,0.0,0.0,0.0,0.0,0.0,0.0,0.0,0.0,0.1251716247139588,0.0,0.0,0.0,0.0,0.0,0.0,0.0,0.0,0.0,0.0,0.0,0.0,0.0,0.0,0.0,0.0,0.0,0.0993135011441647,0.0,0.0,0.0,0.0,0.0,0.0,0.716933638443936,0.0,0.0,0.0,0.0,0.0,0.0,0.0,1.0
pool pumps,8,0.0,0.0,0.0,0.6412581467837914,0.0,0.0340039671294984,0.0,0.0,0.0,0.0,0.0,0.0,0.0,0.0164352507792575,0.0,0.0,0.0,0.0,0.0,0.0,0.0,0.0,0.0,0.0,0.0,0.0,0.0073675262113913,0.0,0.0,0.0,0.0,0.0,0.10711249645792,0.1683196372910172,0.0,0.0,0.0,0.0,0.0,0.0,0.0,0.0,0.0,0.0,0.0232360442051572,0.0,0.0,0.0,0.0,0.0,0.0022669311419665,1.0
pool pumps,9,0.000373552484124,0.0,0.0,0.0,0.8515128875607023,0.0,0.0,0.0,0.0,0.0,0.0,0.019424729174449,0.0,0.0,0.0,0.0,0.0,0.0,0.0,0.0,0.0,0.0,0.0,0.0,0.0,0.0,0.0,0.0,0.0,0.0,0.0,0.0,0.0,0.0,0.0,0.0,0.0,0.0356742622338438,0.0,0.0,0.0,0.0,0.0,0.0,0.0,0.0,0.0,0.0930145685468808,0.0,0.0,0.0,1.0
portable electric spas,1,0.0,0.0,0.0,0.0,0.0,0.0,0.1607883817427385,0.0,0.0,0.0,0.0,0.0,0.0,0.0,0.0,0.0,0.0,0.0,0.0,0.429460580912863,0.0,0.1763485477178423,0.0,0.0,0.0,0.0,0.0,0.0,0.0,0.0,0.1141078838174273,0.0,0.0,0.0,0.0,0.0,0.0,0.0,0.0,0.0394190871369294,0.0,0.0,0.0,0.0,0.0,0.0,0.0798755186721991,0.0,0.0,0.0,0.0,1.0
portable electric spas,2,0.0,0.0,0.0,0.0,0.0,0.0,0.0,0.0,0.0,0.0,0.0,0.0,0.0,0.0,0.0,0.0,0.0,0.0,0.0,0.0,0.0,0.0,0.0,0.0,0.0,0.0,0.0,0.0,0.0,0.0,0.0,0.1785593506932702,0.0,0.0,0.5191072032465336,0.0,0.0,0.0,0.3023334460601961,0.0,0.0,0.0,0.0,0.0,0.0,0.0,0.0,0.0,0.0,0.0,0.0,1.0
portable electric spas,3,0.0,0.0,0.0,0.0,0.0,0.0,0.0,0.0,0.0,0.0,0.0,0.0,0.0,0.0,0.2672945761610912,0.1429035401104254,0.0,0.0,0.0,0.0,0.0,0.0,0.2598246183825917,0.0,0.0,0.0,0.0,0.0,0.0,0.0,0.0,0.0,0.0,0.0,0.0,0.2166287755764858,0.0,0.0,0.0,0.0,0.0,0.0,0.0,0.0,0.0,0.0,0.0,0.0,0.1133484897694056,0.0,0.0,1.0
portable electric spas,4,0.0,0.0,0.0,0.0,0.0,0.0,0.0,0.0,0.0,0.0,0.0,0.0,0.1489071038251366,0.0,0.0,0.0,0.0901639344262295,0.0,0.0,0.0,0.0,0.0,0.0,0.2868852459016393,0.2486338797814207,0.0,0.0,0.0,0.0512295081967213,0.101775956284153,0.0,0.0,0.0,0.0,0.0,0.0,0.0,0.0,0.0,0.0,0.0,0.0724043715846994,0.0,0.0,0.0,0.0,0.0,0.0,0.0,0.0,0.0,1.0
portable electric spas,5,0.0,0.0,0.0,0.0,0.0,0.0,0.0,0.0048398248444342,0.0076054390412537,0.4501037105323808,0.1488822309287854,0.0,0.0,0.0,0.0,0.0,0.0,0.0,0.0,0.0,0.1032495966812629,0.0,0.0,0.0,0.0,0.0,0.0,0.1387416455404471,0.0,0.0,0.0,0.0,0.0,0.0,0.0,0.0,0.0,0.0,0.0,0.0,0.0269647384189905,0.0,0.0,0.0,0.0,0.1055542751786126,0.0,0.0,0.0,0.0140585388338326,0.0,1.0000000000000002
portable electric spas,6,0.0,0.2422764227642276,0.0,0.0,0.0,0.0,0.0,0.0,0.0,0.0,0.0,0.0,0.0,0.0,0.0,0.0,0.0,0.2642276422764227,0.0,0.0,0.0,0.0,0.0,0.0,0.0,0.1130081300813008,0.0,0.0,0.0,0.0,0.0,0.0,0.0,0.0,0.0,0.0,0.0,0.0,0.0,0.0,0.0,0.0,0.3804878048780488,0.0,0.0,0.0,0.0,0.0,0.0,0.0,0.0,1.0000000000000002
portable electric spas,7,0.0,0.0,0.0625,0.0,0.0,0.0,0.0,0.0,0.0,0.0,0.0,0.0,0.0,0.0,0.0,0.0,0.0,0.0,0.0883379888268156,0.0,0.0,0.0,0.0,0.0,0.0,0.0,0.0,0.0,0.0,0.0,0.0,0.0,0.0,0.0,0.0,0.0,0.1201117318435754,0.0,0.0,0.0,0.0,0.0,0.0,0.729050279329609,0.0,0.0,0.0,0.0,0.0,0.0,0.0,1.0
portable electric spas,8,0.0,0.0,0.0,0.2984842596191217,0.0,0.1748931208705791,0.0,0.0,0.0,0.0,0.0,0.0,0.0,0.0851146521570151,0.0,0.0,0.0,0.0,0.0,0.0,0.0,0.0,0.0,0.0,0.0,0.0,0.0641274776525456,0.0,0.0,0.0,0.0,0.0,0.1158181111542945,0.1216478818499805,0.0,0.0,0.0,0.0,0.0,0.0,0.0,0.0,0.0,0.0,0.1154294597745822,0.0,0.0,0.0,0.0,0.0,0.024485036921881,1.0
portable electric spas,9,0.0099622122981793,0.0,0.0,0.0,0.7068017863277224,0.0,0.0,0.0,0.0,0.0,0.0,0.0233596702164204,0.0,0.0,0.0,0.0,0.0,0.0,0.0,0.0,0.0,0.0,0.0,0.0,0.0,0.0,0.0,0.0,0.0,0.0,0.0,0.0,0.0,0.0,0.0,0.0,0.0,0.1039161800068704,0.0,0.0,0.0,0.0,0.0,0.0,0.0,0.0,0.0,0.1559601511508072,0.0,0.0,0.0,1.0
fans and pumps,1,0.0,0.0,0.0,0.0,0.0,0.0,0.2334862915975784,0.0,0.0,0.0,0.0,0.0,0.0,0.0,0.0,0.0,0.0,0.0,0.0,0.4422164809316315,0.0,0.1088188794200439,0.0,0.0,0.0,0.0,0.0,0.0,0.0,0.0,0.0951683183588478,0.0,0.0,0.0,0.0,0.0,0.0,0.0,0.0,0.0722245787220915,0.0,0.0,0.0,0.0,0.0,0.0,0.0480854509698068,0.0,0.0,0.0,0.0,1.0
fans and pumps,2,0.0,0.0,0.0,0.0,0.0,0.0,0.0,0.0,0.0,0.0,0.0,0.0,0.0,0.0,0.0,0.0,0.0,0.0,0.0,0.0,0.0,0.0,0.0,0.0,0.0,0.0,0.0,0.0,0.0,0.0,0.0,0.2074119457426193,0.0,0.0,0.4709905391542231,0.0,0.0,0.0,0.3215975151031573,0.0,0.0,0.0,0.0,0.0,0.0,0.0,0.0,0.0,0.0,0.0,0.0,0.9999999999999998
fans and pumps,3,0.0,0.0,0.0,0.0,0.0,0.0,0.0,0.0,0.0,0.0,0.0,0.0,0.0,0.0,0.2594536805689025,0.1383937151643282,0.0,0.0,0.0,0.0,0.0,0.0,0.221278589275418,0.0,0.0,0.0,0.0,0.0,0.0,0.0,0.0,0.0,0.0,0.0,0.0,0.2516096482798385,0.0,0.0,0.0,0.0,0.0,0.0,0.0,0.0,0.0,0.0,0.0,0.0,0.1292643667115126,0.0,0.0,1.0
fans and pumps,4,0.0,0.0,0.0,0.0,0.0,0.0,0.0,0.0,0.0,0.0,0.0,0.0,0.1476838079048023,0.0,0.0,0.0,0.1351997450063748,0.0,0.0,0.0,0.0,0.0,0.0,0.257357628559286,0.294145771355716,0.0,0.0,0.0,0.0371334466638334,0.0880790480237994,0.0,0.0,0.0,0.0,0.0,0.0,0.0,0.0,0.0,0.0,0.0,0.0404005524861878,0.0,0.0,0.0,0.0,0.0,0.0,0.0,0.0,0.0,1.0
fans and pumps,5,0.0,0.0,0.0,0.0,0.0,0.0,0.0,0.0112255785387022,0.0153141279106257,0.3322932637562651,0.1520115483587523,0.0,0.0,0.0,0.0,0.0,0.0,0.0,0.0,0.0,0.0886748975621127,0.0,0.0,0.0,0.0,0.0,0.0,0.1623674135442164,0.0,0.0,0.0,0.0,0.0,0.0,0.0,0.0,0.0,0.0,0.0,0.0,0.0802019169558239,0.0,0.0,0.0,0.0,0.1259560122297836,0.0,0.0,0.0,0.0319552411437178,0.0,1.0
fans and pumps,6,0.0,0.2644745401856999,0.0,0.0,0.0,0.0,0.0,0.0,0.0,0.0,0.0,0.0,0.0,0.0,0.0,0.0,0.0,0.2346383582707433,0.0,0.0,0.0,0.0,0.0,0.0,0.0,0.1553610503282275,0.0,0.0,0.0,0.0,0.0,0.0,0.0,0.0,0.0,0.0,0.0,0.0,0.0,0.0,0.0,0.0,0.345526051215329,0.0,0.0,0.0,0.0,0.0,0.0,0.0,0.0,0.9999999999999998
fans and pumps,7,0.0,0.0,0.0860736547513039,0.0,0.0,0.0,0.0,0.0,0.0,0.0,0.0,0.0,0.0,0.0,0.0,0.0,0.0,0.0,0.1292456430479582,0.0,0.0,0.0,0.0,0.0,0.0,0.0,0.0,0.0,0.0,0.0,0.0,0.0,0.0,0.0,0.0,0.0,0.1097029639994911,0.0,0.0,0.0,0.0,0.0,0.0,0.6749777382012466,0.0,0.0,0.0,0.0,0.0,0.0,0.0,1.0
fans and pumps,8,0.0,0.0,0.0,0.2971573604060913,0.0,0.2348477157360406,0.0,0.0,0.0,0.0,0.0,0.0,0.0,0.0689340101522842,0.0,0.0,0.0,0.0,0.0,0.0,0.0,0.0,0.0,0.0,0.0,0.0,0.0498223350253807,0.0,0.0,0.0,0.0,0.0,0.0929187817258883,0.1237055837563451,0.0,0.0,0.0,0.0,0.0,0.0,0.0,0.0,0.0,0.0,0.1053045685279187,0.0,0.0,0.0,0.0,0.0,0.0273096446700507,1.0
fans and pumps,9,0.0160984237229057,0.0,0.0,0.0,0.7181291230425634,0.0,0.0,0.0,0.0,0.0,0.0,0.0240895418339551,0.0,0.0,0.0,0.0,0.0,0.0,0.0,0.0,0.0,0.0,0.0,0.0,0.0,0.0,0.0,0.0,0.0,0.0,0.0,0.0,0.0,0.0,0.0,0.0,0.0,0.0881863131124049,0.0,0.0,0.0,0.0,0.0,0.0,0.0,0.0,0.0,0.1534965982881708,0.0,0.0,0.0,1.0
